As Of Date,Terminal,Product,Tank,Capacity,Min Heel,Book Inventory,Physical Inventory,Receipts
2025-04-23 23:59:00,Providence,ULSHO,PRO-ULSHO-1,150000.0,7500.0,95271.5,95716.9,0.0
2025-04-23 23:59:00,Albany,ULSD,ALB-ULSD-1,150000.0,7500.0,105000.0,104536.4,0.0
2025-04-23 23:59:00,Providence,RBOB,PRO-RBOB-1,150000.0,7500.0,84999.6,84798.5,0.0
2025-04-23 23:59:00,Albany,RBOB,ALB-RBOB-1,150000.0,7500.0,96931.6,96865.6,0.0
2025-04-23 23:59:00,Linden,ULSD,LIN-ULSD-1,505000.0,25200.0,353500.0,352896.0,0.0
2025-04-23 23:59:00,Providence,ULSD,PRO-ULSD-1,500000.0,25000.0,334182.0,334456.7,0.0
2025-04-23 23:59:00,Linden,RBOB,LIN-RBOB-1,150000.0,7500.0,75257.5,75350.5,0.0
2025-04-23 23:59:00,Linden,ULSHO,LIN-ULSHO-1,231000.0,11600.0,161700.0,161465.0,0.0
2025-04-24 23:59:00,Linden,ULSHO,LIN-ULSHO-1,231000.0,11600.0,150299.4,150217.6,0.0
2025-04-24 23:59:00,Albany,ULSD,ALB-ULSD-1,150000.0,7500.0,105000.0,104908.3,0.0
2025-04-24 23:59:00,Providence,RBOB,PRO-RBOB-1,150000.0,7500.0,84999.6,85494.2,0.0
2025-04-24 23:59:00,Albany,RBOB,ALB-RBOB-1,150000.0,7500.0,96931.6,97118.3,0.0
2025-04-24 23:59:00,Providence,ULSD,PRO-ULSD-1,500000.0,25000.0,334182.0,334358.2,0.0
2025-04-24 23:59:00,Providence,ULSHO,PRO-ULSHO-1,150000.0,7500.0,95271.5,95133.2,0.0
2025-04-24 23:59:00,Linden,RBOB,LIN-RBOB-1,150000.0,7500.0,75257.5,75437.8,0.0
2025-04-24 23:59:00,Linden,ULSD,LIN-ULSD-1,505000.0,25200.0,353500.0,353441.6,0.0
2025-04-25 23:59:00,Albany,ULSD,ALB-ULSD-1,150000.0,7500.0,105000.0,104701.9,0.0
2025-04-25 23:59:00,Linden,RBOB,LIN-RBOB-1,150000.0,7500.0,72125.8,72205.7,0.0
2025-04-25 23:59:00,Providence,RBOB,PRO-RBOB-1,150000.0,7500.0,75997.7,76106.5,0.0
2025-04-25 23:59:00,Linden,ULSD,LIN-ULSD-1,505000.0,25200.0,350631.1,350105.7,0.0
2025-04-25 23:59:00,Linden,ULSHO,LIN-ULSHO-1,231000.0,11600.0,150299.4,150746.1,0.0
2025-04-25 23:59:00,Providence,ULSHO,PRO-ULSHO-1,150000.0,7500.0,95271.5,95541.3,0.0
2025-04-25 23:59:00,Albany,RBOB,ALB-RBOB-1,150000.0,7500.0,96931.6,97068.8,0.0
2025-04-25 23:59:00,Providence,ULSD,PRO-ULSD-1,500000.0,25000.0,319750.6,320368.7,0.0
2025-04-26 23:59:00,Albany,RBOB,ALB-RBOB-1,150000.0,7500.0,89910.9,89438.3,0.0
2025-04-26 23:59:00,Linden,ULSHO,LIN-ULSHO-1,231000.0,11600.0,150299.4,150704.4,0.0
2025-04-26 23:59:00,Linden,RBOB,LIN-RBOB-1,150000.0,7500.0,67562.5,67702.8,0.0
2025-04-26 23:59:00,Providence,ULSHO,PRO-ULSHO-1,150000.0,7500.0,85222.0,84945.8,0.0
2025-04-26 23:59:00,Providence,ULSD,PRO-ULSD-1,500000.0,25000.0,299200.3,300137.3,0.0
2025-04-26 23:59:00,Linden,ULSD,LIN-ULSD-1,505000.0,25200.0,342835.1,343514.5,0.0
2025-04-26 23:59:00,Providence,RBOB,PRO-RBOB-1,150000.0,7500.0,69523.6,69529.0,0.0
2025-04-26 23:59:00,Albany,ULSD,ALB-ULSD-1,150000.0,7500.0,96421.8,96341.2,0.0
2025-04-27 23:59:00,Providence,ULSHO,PRO-ULSHO-1,150000.0,7500.0,85222.0,85399.5,0.0
2025-04-27 23:59:00,Albany,ULSD,ALB-ULSD-1,150000.0,7500.0,96421.8,96339.8,0.0
2025-04-27 23:59:00,Providence,ULSD,PRO-ULSD-1,500000.0,25000.0,299200.3,298610.6,0.0
2025-04-27 23:59:00,Linden,ULSHO,LIN-ULSHO-1,231000.0,11600.0,142742.9,143379.8,0.0
2025-04-27 23:59:00,Linden,ULSD,LIN-ULSD-1,505000.0,25200.0,316485.2,316751.9,0.0
2025-04-27 23:59:00,Albany,RBOB,ALB-RBOB-1,150000.0,7500.0,83834.8,83947.1,0.0
2025-04-27 23:59:00,Providence,RBOB,PRO-RBOB-1,150000.0,7500.0,62816.6,62743.9,0.0
2025-04-27 23:59:00,Linden,RBOB,LIN-RBOB-1,150000.0,7500.0,67562.5,67581.5,0.0
2025-04-28 23:59:00,Linden,ULSHO,LIN-ULSHO-1,231000.0,11600.0,142742.9,143272.3,0.0
2025-04-28 23:59:00,Linden,ULSD,LIN-ULSD-1,505000.0,25200.0,311652.0,312831.8,0.0
2025-04-28 23:59:00,Albany,RBOB,ALB-RBOB-1,150000.0,7500.0,83834.8,84225.3,0.0
2025-04-28 23:59:00,Albany,ULSD,ALB-ULSD-1,150000.0,7500.0,87880.5,87987.1,0.0
2025-04-28 23:59:00,Providence,ULSD,PRO-ULSD-1,500000.0,25000.0,284483.5,285554.9,0.0
2025-04-28 23:59:00,Providence,ULSHO,PRO-ULSHO-1,150000.0,7500.0,75837.4,76113.8,0.0
2025-04-28 23:59:00,Linden,RBOB,LIN-RBOB-1,150000.0,7500.0,67562.5,67895.5,0.0
2025-04-28 23:59:00,Providence,RBOB,PRO-RBOB-1,150000.0,7500.0,62816.6,62817.7,0.0
2025-04-29 23:59:00,Albany,ULSD,ALB-ULSD-1,150000.0,7500.0,87880.5,88022.0,0.0
2025-04-29 23:59:00,Providence,ULSD,PRO-ULSD-1,500000.0,25000.0,265898.8,265052.7,0.0
2025-04-29 23:59:00,Providence,RBOB,PRO-RBOB-1,150000.0,7500.0,52920.3,52883.6,0.0
2025-04-29 23:59:00,Providence,ULSHO,PRO-ULSHO-1,150000.0,7500.0,75837.4,75696.9,0.0
2025-04-29 23:59:00,Linden,RBOB,LIN-RBOB-1,150000.0,7500.0,50873.6,50799.4,0.0
2025-04-29 23:59:00,Linden,ULSD,LIN-ULSD-1,505000.0,25200.0,311652.0,311136.7,0.0
2025-04-29 23:59:00,Albany,RBOB,ALB-RBOB-1,150000.0,7500.0,83834.8,84188.8,0.0
2025-04-29 23:59:00,Linden,ULSHO,LIN-ULSHO-1,231000.0,11600.0,130604.9,131075.1,0.0
2025-04-30 23:59:00,Providence,ULSHO,PRO-ULSHO-1,150000.0,7500.0,75837.4,75408.3,0.0
2025-04-30 23:59:00,Linden,ULSHO,LIN-ULSHO-1,231000.0,11600.0,122233.1,121622.5,0.0
2025-04-30 23:59:00,Providence,ULSD,PRO-ULSD-1,500000.0,25000.0,126593.2,127161.7,0.0
2025-04-30 23:59:00,Linden,ULSD,LIN-ULSD-1,505000.0,25200.0,306005.3,305433.9,0.0
2025-04-30 23:59:00,Albany,ULSD,ALB-ULSD-1,150000.0,7500.0,87880.5,87967.1,0.0
2025-04-30 23:59:00,Linden,RBOB,LIN-RBOB-1,150000.0,7500.0,50873.6,50726.0,0.0
2025-04-30 23:59:00,Providence,RBOB,PRO-RBOB-1,150000.0,7500.0,52920.3,53142.9,0.0
2025-04-30 23:59:00,Albany,RBOB,ALB-RBOB-1,150000.0,7500.0,83834.8,83455.9,0.0
2025-05-01 23:59:00,Albany,ULSD,ALB-ULSD-1,150000.0,7500.0,87880.5,87969.7,0.0
2025-05-01 23:59:00,Linden,ULSD,LIN-ULSD-1,505000.0,25200.0,291391.2,291568.5,0.0
2025-05-01 23:59:00,Providence,RBOB,PRO-RBOB-1,150000.0,7500.0,35050.8,35108.7,0.0
2025-05-01 23:59:00,Providence,ULSHO,PRO-ULSHO-1,150000.0,7500.0,75837.4,75877.3,0.0
2025-05-01 23:59:00,Albany,RBOB,ALB-RBOB-1,150000.0,7500.0,78187.9,78254.3,0.0
2025-05-01 23:59:00,Providence,ULSD,PRO-ULSD-1,500000.0,25000.0,92132.3,91513.5,0.0
2025-05-01 23:59:00,Linden,RBOB,LIN-RBOB-1,150000.0,7500.0,31906.6,32245.0,0.0
2025-05-01 23:59:00,Linden,ULSHO,LIN-ULSHO-1,231000.0,11600.0,112446.2,112406.9,0.0
2025-05-02 23:59:00,Linden,RBOB,LIN-RBOB-1,150000.0,7500.0,18962.8,19110.3,0.0
2025-05-02 23:59:00,Providence,ULSD,PRO-ULSD-1,500000.0,25000.0,83844.0,85290.7,0.0
2025-05-02 23:59:00,Linden,ULSD,LIN-ULSD-1,505000.0,25200.0,285827.5,286706.0,0.0
2025-05-02 23:59:00,Albany,RBOB,ALB-RBOB-1,150000.0,7500.0,78187.9,78470.0,0.0
2025-05-02 23:59:00,Albany,ULSD,ALB-ULSD-1,150000.0,7500.0,80200.2,80258.0,0.0
2025-05-02 23:59:00,Linden,ULSHO,LIN-ULSHO-1,231000.0,11600.0,112446.2,112176.3,0.0
2025-05-02 23:59:00,Providence,ULSHO,PRO-ULSHO-1,150000.0,7500.0,68559.3,68378.4,0.0
2025-05-02 23:59:00,Providence,RBOB,PRO-RBOB-1,150000.0,7500.0,26926.0,27183.3,0.0
2025-05-03 23:59:00,Albany,ULSD,ALB-ULSD-1,150000.0,7500.0,75344.6,75704.5,0.0
2025-05-03 23:59:00,Providence,ULSD,PRO-ULSD-1,500000.0,25000.0,83844.0,84110.2,0.0
2025-05-03 23:59:00,Providence,RBOB,PRO-RBOB-1,150000.0,7500.0,21069.9,20988.9,0.0
2025-05-03 23:59:00,Linden,ULSHO,LIN-ULSHO-1,231000.0,11600.0,102433.5,102390.0,0.0
2025-05-03 23:59:00,Albany,RBOB,ALB-RBOB-1,150000.0,7500.0,78187.9,78385.5,0.0
2025-05-03 23:59:00,Linden,ULSD,LIN-ULSD-1,505000.0,25200.0,278215.1,278409.6,0.0
2025-05-03 23:59:00,Providence,ULSHO,PRO-ULSHO-1,150000.0,7500.0,68559.3,68833.2,0.0
2025-05-03 23:59:00,Linden,RBOB,LIN-RBOB-1,150000.0,7500.0,15119.4,15102.8,0.0
2025-05-04 23:59:00,Providence,ULSD,PRO-ULSD-1,500000.0,25000.0,64366.5,65014.5,0.0
2025-05-04 23:59:00,Albany,ULSD,ALB-ULSD-1,150000.0,7500.0,75344.6,75291.8,0.0
2025-05-04 23:59:00,Providence,ULSHO,PRO-ULSHO-1,150000.0,7500.0,58188.4,58572.4,0.0
2025-05-04 23:59:00,Linden,ULSHO,LIN-ULSHO-1,231000.0,11600.0,94157.2,94276.3,0.0
2025-05-04 23:59:00,Providence,RBOB,PRO-RBOB-1,150000.0,7500.0,21069.9,21418.4,0.0
2025-05-04 23:59:00,Albany,RBOB,ALB-RBOB-1,150000.0,7500.0,78187.9,78049.6,0.0
2025-05-04 23:59:00,Linden,ULSD,LIN-ULSD-1,505000.0,25200.0,278215.1,278007.6,0.0
2025-05-04 23:59:00,Linden,RBOB,LIN-RBOB-1,150000.0,7500.0,15119.4,15152.1,0.0
2025-05-05 23:59:00,Providence,ULSHO,PRO-ULSHO-1,150000.0,7500.0,58188.4,58390.7,0.0
2025-05-05 23:59:00,Linden,ULSHO,LIN-ULSHO-1,231000.0,11600.0,94157.2,94362.0,0.0
2025-05-05 23:59:00,Albany,RBOB,ALB-RBOB-1,150000.0,7500.0,57132.6,57212.1,0.0
2025-05-05 23:59:00,Providence,RBOB,PRO-RBOB-1,150000.0,7500.0,11852.5,11895.1,0.0
2025-05-05 23:59:00,Albany,ULSD,ALB-ULSD-1,150000.0,7500.0,75344.6,75229.3,0.0
2025-05-05 23:59:00,Providence,ULSD,PRO-ULSD-1,500000.0,25000.0,425000.0,426547.3,446893.1
2025-05-05 23:59:00,Linden,RBOB,LIN-RBOB-1,150000.0,7500.0,127500.0,127378.7,117368.3
2025-05-05 23:59:00,Linden,ULSD,LIN-ULSD-1,505000.0,25200.0,264843.1,263573.9,0.0
2025-05-06 23:59:00,Linden,RBOB,LIN-RBOB-1,150000.0,7500.0,124356.2,124174.1,0.0
2025-05-06 23:59:00,Albany,ULSD,ALB-ULSD-1,150000.0,7500.0,70510.4,70287.5,0.0
2025-05-06 23:59:00,Linden,ULSD,LIN-ULSD-1,505000.0,25200.0,257192.5,256914.8,0.0
2025-05-06 23:59:00,Providence,ULSD,PRO-ULSD-1,500000.0,25000.0,417987.7,418883.8,0.0
2025-05-06 23:59:00,Linden,ULSHO,LIN-ULSHO-1,231000.0,11600.0,83977.5,84189.7,0.0
2025-05-06 23:59:00,Providence,RBOB,PRO-RBOB-1,150000.0,7500.0,127500.0,127399.9,121601.5
2025-05-06 23:59:00,Providence,ULSHO,PRO-ULSHO-1,150000.0,7500.0,58188.4,58342.4,0.0
2025-05-06 23:59:00,Albany,RBOB,ALB-RBOB-1,150000.0,7500.0,57132.6,57227.8,0.0
2025-05-07 23:59:00,Providence,RBOB,PRO-RBOB-1,150000.0,7500.0,127500.0,127266.9,0.0
2025-05-07 23:59:00,Providence,ULSD,PRO-ULSD-1,500000.0,25000.0,412996.8,414251.5,0.0
2025-05-07 23:59:00,Albany,ULSD,ALB-ULSD-1,150000.0,7500.0,70510.4,70528.1,0.0
2025-05-07 23:59:00,Linden,ULSD,LIN-ULSD-1,505000.0,25200.0,250337.3,250531.1,0.0
2025-05-07 23:59:00,Providence,ULSHO,PRO-ULSHO-1,150000.0,7500.0,58188.4,57986.1,0.0
2025-05-07 23:59:00,Albany,RBOB,ALB-RBOB-1,150000.0,7500.0,57132.6,57032.1,0.0
2025-05-07 23:59:00,Linden,ULSHO,LIN-ULSHO-1,231000.0,11600.0,83977.5,84379.2,0.0
2025-05-07 23:59:00,Linden,RBOB,LIN-RBOB-1,150000.0,7500.0,124356.2,123961.0,0.0
2025-05-08 23:59:00,Providence,ULSHO,PRO-ULSHO-1,150000.0,7500.0,58188.4,58085.6,0.0
2025-05-08 23:59:00,Linden,ULSD,LIN-ULSD-1,505000.0,25200.0,235620.5,236458.4,0.0
2025-05-08 23:59:00,Providence,ULSD,PRO-ULSD-1,500000.0,25000.0,387214.9,386287.5,0.0
2025-05-08 23:59:00,Albany,RBOB,ALB-RBOB-1,150000.0,7500.0,57132.6,57172.5,0.0
2025-05-08 23:59:00,Linden,RBOB,LIN-RBOB-1,150000.0,7500.0,117173.0,116784.4,0.0
2025-05-08 23:59:00,Providence,RBOB,PRO-RBOB-1,150000.0,7500.0,127500.0,127331.0,0.0
2025-05-08 23:59:00,Linden,ULSHO,LIN-ULSHO-1,231000.0,11600.0,83977.5,84248.5,0.0
2025-05-08 23:59:00,Albany,ULSD,ALB-ULSD-1,150000.0,7500.0,61609.3,61783.9,0.0
2025-05-09 23:59:00,Linden,ULSHO,LIN-ULSHO-1,231000.0,11600.0,76701.6,77185.9,0.0
2025-05-09 23:59:00,Linden,ULSD,LIN-ULSD-1,505000.0,25200.0,235620.5,234563.3,0.0
2025-05-09 23:59:00,Providence,RBOB,PRO-RBOB-1,150000.0,7500.0,103506.3,103597.8,0.0
2025-05-09 23:59:00,Linden,RBOB,LIN-RBOB-1,150000.0,7500.0,86992.9,87097.3,0.0
2025-05-09 23:59:00,Albany,RBOB,ALB-RBOB-1,150000.0,7500.0,57132.6,57171.2,0.0
2025-05-09 23:59:00,Providence,ULSD,PRO-ULSD-1,500000.0,25000.0,387214.9,386791.6,0.0
2025-05-09 23:59:00,Providence,ULSHO,PRO-ULSHO-1,150000.0,7500.0,49067.7,49171.0,0.0
2025-05-09 23:59:00,Albany,ULSD,ALB-ULSD-1,150000.0,7500.0,61609.3,62007.4,0.0
2025-05-10 23:59:00,Providence,ULSD,PRO-ULSD-1,500000.0,25000.0,380919.7,381128.0,0.0
2025-05-10 23:59:00,Linden,ULSD,LIN-ULSD-1,505000.0,25200.0,235620.5,236022.2,0.0
2025-05-10 23:59:00,Linden,RBOB,LIN-RBOB-1,150000.0,7500.0,86992.9,86892.8,0.0
2025-05-10 23:59:00,Albany,RBOB,ALB-RBOB-1,150000.0,7500.0,57132.6,56986.4,0.0
2025-05-10 23:59:00,Providence,ULSHO,PRO-ULSHO-1,150000.0,7500.0,49067.7,48853.7,0.0
2025-05-10 23:59:00,Linden,ULSHO,LIN-ULSHO-1,231000.0,11600.0,66222.5,65773.4,0.0
2025-05-10 23:59:00,Providence,RBOB,PRO-RBOB-1,150000.0,7500.0,91696.1,91884.4,0.0
2025-05-10 23:59:00,Albany,ULSD,ALB-ULSD-1,150000.0,7500.0,61609.3,61546.1,0.0
2025-05-11 23:59:00,Albany,ULSD,ALB-ULSD-1,150000.0,7500.0,61609.3,61797.9,0.0
2025-05-11 23:59:00,Albany,RBOB,ALB-RBOB-1,150000.0,7500.0,41388.8,41320.0,0.0
2025-05-11 23:59:00,Providence,ULSD,PRO-ULSD-1,500000.0,25000.0,380919.7,380704.0,0.0
2025-05-11 23:59:00,Providence,ULSHO,PRO-ULSHO-1,150000.0,7500.0,49067.7,49308.4,0.0
2025-05-11 23:59:00,Linden,ULSHO,LIN-ULSHO-1,231000.0,11600.0,66222.5,65876.3,0.0
2025-05-11 23:59:00,Linden,RBOB,LIN-RBOB-1,150000.0,7500.0,78737.0,78571.9,0.0
2025-05-11 23:59:00,Linden,ULSD,LIN-ULSD-1,505000.0,25200.0,48429.7,48699.5,0.0
2025-05-11 23:59:00,Providence,RBOB,PRO-RBOB-1,150000.0,7500.0,91696.1,91546.7,0.0
2025-05-12 23:59:00,Albany,ULSD,ALB-ULSD-1,150000.0,7500.0,61609.3,61554.8,0.0
2025-05-12 23:59:00,Providence,ULSHO,PRO-ULSHO-1,150000.0,7500.0,39546.5,39307.6,0.0
2025-05-12 23:59:00,Providence,ULSD,PRO-ULSD-1,500000.0,25000.0,356902.0,356602.8,0.0
2025-05-12 23:59:00,Linden,ULSHO,LIN-ULSHO-1,231000.0,11600.0,54477.2,54549.7,0.0
2025-05-12 23:59:00,Albany,RBOB,ALB-RBOB-1,150000.0,7500.0,27200.1,27060.3,0.0
2025-05-12 23:59:00,Linden,RBOB,LIN-RBOB-1,150000.0,7500.0,78737.0,78615.2,0.0
2025-05-12 23:59:00,Linden,ULSD,LIN-ULSD-1,505000.0,25200.0,48429.7,50061.5,0.0
2025-05-12 23:59:00,Providence,RBOB,PRO-RBOB-1,150000.0,7500.0,91696.1,91545.6,0.0
2025-05-13 23:59:00,Providence,ULSHO,PRO-ULSHO-1,150000.0,7500.0,39546.5,39611.0,0.0
2025-05-13 23:59:00,Albany,ULSD,ALB-ULSD-1,150000.0,7500.0,61609.3,61797.4,0.0
2025-05-13 23:59:00,Linden,ULSHO,LIN-ULSHO-1,231000.0,11600.0,54477.2,54713.0,0.0
2025-05-13 23:59:00,Providence,RBOB,PRO-RBOB-1,150000.0,7500.0,77697.7,78116.8,0.0
2025-05-13 23:59:00,Linden,RBOB,LIN-RBOB-1,150000.0,7500.0,78737.0,78870.3,0.0
2025-05-13 23:59:00,Providence,ULSD,PRO-ULSD-1,500000.0,25000.0,356902.0,356605.4,0.0
2025-05-13 23:59:00,Albany,RBOB,ALB-RBOB-1,150000.0,7500.0,27200.1,27552.4,0.0
2025-05-13 23:59:00,Linden,ULSD,LIN-ULSD-1,505000.0,25200.0,40616.2,41496.5,0.0
2025-05-14 23:59:00,Providence,RBOB,PRO-RBOB-1,150000.0,7500.0,77697.7,77713.5,0.0
2025-05-14 23:59:00,Linden,ULSD,LIN-ULSD-1,505000.0,25200.0,429250.0,428094.4,412092.1
2025-05-14 23:59:00,Linden,ULSHO,LIN-ULSHO-1,231000.0,11600.0,45043.6,44495.1,0.0
2025-05-14 23:59:00,Providence,ULSHO,PRO-ULSHO-1,150000.0,7500.0,39546.5,39498.7,0.0
2025-05-14 23:59:00,Providence,ULSD,PRO-ULSD-1,500000.0,25000.0,344611.6,343895.6,0.0
2025-05-14 23:59:00,Albany,RBOB,ALB-RBOB-1,150000.0,7500.0,27200.1,27270.3,0.0
2025-05-14 23:59:00,Linden,RBOB,LIN-RBOB-1,150000.0,7500.0,61410.2,61723.7,0.0
2025-05-14 23:59:00,Albany,ULSD,ALB-ULSD-1,150000.0,7500.0,52663.5,52388.3,0.0
2025-05-15 23:59:00,Linden,RBOB,LIN-RBOB-1,150000.0,7500.0,61410.2,61399.7,0.0
2025-05-15 23:59:00,Linden,ULSD,LIN-ULSD-1,505000.0,25200.0,417772.2,417359.7,0.0
2025-05-15 23:59:00,Linden,ULSHO,LIN-ULSHO-1,231000.0,11600.0,37348.3,36655.5,0.0
2025-05-15 23:59:00,Albany,ULSD,ALB-ULSD-1,150000.0,7500.0,52663.5,52761.7,0.0
2025-05-15 23:59:00,Providence,ULSD,PRO-ULSD-1,500000.0,25000.0,322630.9,323798.8,0.0
2025-05-15 23:59:00,Albany,RBOB,ALB-RBOB-1,150000.0,7500.0,22460.8,22686.4,0.0
2025-05-15 23:59:00,Providence,RBOB,PRO-RBOB-1,150000.0,7500.0,77697.7,77867.3,0.0
2025-05-15 23:59:00,Providence,ULSHO,PRO-ULSHO-1,150000.0,7500.0,29190.3,29274.4,0.0
2025-05-16 23:59:00,Providence,ULSD,PRO-ULSD-1,500000.0,25000.0,310819.6,311739.2,0.0
2025-05-16 23:59:00,Albany,ULSD,ALB-ULSD-1,150000.0,7500.0,52663.5,52804.5,0.0
2025-05-16 23:59:00,Albany,RBOB,ALB-RBOB-1,150000.0,7500.0,22460.8,22550.4,0.0
2025-05-16 23:59:00,Linden,RBOB,LIN-RBOB-1,150000.0,7500.0,36085.2,35873.9,0.0
2025-05-16 23:59:00,Providence,RBOB,PRO-RBOB-1,150000.0,7500.0,58347.1,58326.7,0.0
2025-05-16 23:59:00,Linden,ULSHO,LIN-ULSHO-1,231000.0,11600.0,37348.3,37659.0,0.0
2025-05-16 23:59:00,Linden,ULSD,LIN-ULSD-1,505000.0,25200.0,411467.0,411310.0,0.0
2025-05-16 23:59:00,Providence,ULSHO,PRO-ULSHO-1,150000.0,7500.0,29190.3,28710.9,0.0
2025-05-17 23:59:00,Providence,ULSD,PRO-ULSD-1,500000.0,25000.0,304510.0,304616.9,0.0
2025-05-17 23:59:00,Linden,RBOB,LIN-RBOB-1,150000.0,7500.0,33319.6,33191.7,0.0
2025-05-17 23:59:00,Albany,ULSD,ALB-ULSD-1,150000.0,7500.0,52663.5,52243.5,0.0
2025-05-17 23:59:00,Linden,ULSD,LIN-ULSD-1,505000.0,25200.0,411467.0,410960.3,0.0
2025-05-17 23:59:00,Providence,ULSHO,PRO-ULSHO-1,150000.0,7500.0,29190.3,29243.0,0.0
2025-05-17 23:59:00,Providence,RBOB,PRO-RBOB-1,150000.0,7500.0,45251.0,45007.2,0.0
2025-05-17 23:59:00,Linden,ULSHO,LIN-ULSHO-1,231000.0,11600.0,37348.3,37241.2,0.0
2025-05-17 23:59:00,Albany,RBOB,ALB-RBOB-1,150000.0,7500.0,22460.8,22694.6,0.0
2025-05-18 23:59:00,Providence,RBOB,PRO-RBOB-1,150000.0,7500.0,45251.0,45140.6,0.0
2025-05-18 23:59:00,Linden,ULSHO,LIN-ULSHO-1,231000.0,11600.0,27807.9,28031.8,0.0
2025-05-18 23:59:00,Providence,ULSHO,PRO-ULSHO-1,150000.0,7500.0,22748.9,22588.8,0.0
2025-05-18 23:59:00,Linden,ULSD,LIN-ULSD-1,505000.0,25200.0,391225.0,390843.9,0.0
2025-05-18 23:59:00,Linden,RBOB,LIN-RBOB-1,150000.0,7500.0,127500.0,127440.3,119503.7
2025-05-18 23:59:00,Albany,ULSD,ALB-ULSD-1,150000.0,7500.0,52663.5,52608.2,0.0
2025-05-18 23:59:00,Albany,RBOB,ALB-RBOB-1,150000.0,7500.0,15340.8,15238.8,0.0
2025-05-18 23:59:00,Providence,ULSD,PRO-ULSD-1,500000.0,25000.0,298053.5,299031.7,0.0
2025-05-19 23:59:00,Albany,ULSD,ALB-ULSD-1,150000.0,7500.0,46409.6,46181.1,0.0
2025-05-19 23:59:00,Providence,RBOB,PRO-RBOB-1,150000.0,7500.0,45251.0,44890.3,0.0
2025-05-19 23:59:00,Providence,ULSD,PRO-ULSD-1,500000.0,25000.0,289368.6,288664.3,0.0
2025-05-19 23:59:00,Providence,ULSHO,PRO-ULSHO-1,150000.0,7500.0,22748.9,22455.2,0.0
2025-05-19 23:59:00,Linden,ULSHO,LIN-ULSHO-1,231000.0,11600.0,27807.9,28107.8,0.0
2025-05-19 23:59:00,Linden,ULSD,LIN-ULSD-1,505000.0,25200.0,383952.5,382905.5,0.0
2025-05-19 23:59:00,Albany,RBOB,ALB-RBOB-1,150000.0,7500.0,127500.0,127564.3,117648.7
2025-05-19 23:59:00,Linden,RBOB,LIN-RBOB-1,150000.0,7500.0,127500.0,127645.7,0.0
2025-05-20 23:59:00,Albany,RBOB,ALB-RBOB-1,150000.0,7500.0,127500.0,127238.5,0.0
2025-05-20 23:59:00,Linden,ULSD,LIN-ULSD-1,505000.0,25200.0,383952.5,383613.7,0.0
2025-05-20 23:59:00,Linden,RBOB,LIN-RBOB-1,150000.0,7500.0,115966.5,115990.1,0.0
2025-05-20 23:59:00,Providence,ULSD,PRO-ULSD-1,500000.0,25000.0,277732.2,280197.5,0.0
2025-05-20 23:59:00,Providence,ULSHO,PRO-ULSHO-1,150000.0,7500.0,22748.9,22648.1,0.0
2025-05-20 23:59:00,Albany,ULSD,ALB-ULSD-1,150000.0,7500.0,46409.6,46432.9,0.0
2025-05-20 23:59:00,Providence,RBOB,PRO-RBOB-1,150000.0,7500.0,45251.0,45106.2,0.0
2025-05-20 23:59:00,Linden,ULSHO,LIN-ULSHO-1,231000.0,11600.0,27807.9,27962.6,0.0
2025-05-21 23:59:00,Providence,RBOB,PRO-RBOB-1,150000.0,7500.0,30701.8,30505.8,0.0
2025-05-21 23:59:00,Providence,ULSHO,PRO-ULSHO-1,150000.0,7500.0,22748.9,22493.9,0.0
2025-05-21 23:59:00,Albany,ULSD,ALB-ULSD-1,150000.0,7500.0,37983.9,38068.8,0.0
2025-05-21 23:59:00,Linden,ULSD,LIN-ULSD-1,505000.0,25200.0,361857.6,361205.1,0.0
2025-05-21 23:59:00,Albany,RBOB,ALB-RBOB-1,150000.0,7500.0,116142.7,116217.9,0.0
2025-05-21 23:59:00,Providence,ULSD,PRO-ULSD-1,500000.0,25000.0,271338.0,271104.6,0.0
2025-05-21 23:59:00,Linden,ULSHO,LIN-ULSHO-1,231000.0,11600.0,27807.9,27524.0,0.0
2025-05-21 23:59:00,Linden,RBOB,LIN-RBOB-1,150000.0,7500.0,109992.5,110156.3,0.0
2025-05-22 23:59:00,Linden,RBOB,LIN-RBOB-1,150000.0,7500.0,106566.4,106272.0,0.0
2025-05-22 23:59:00,Linden,ULSD,LIN-ULSD-1,505000.0,25200.0,356190.9,355978.3,0.0
2025-05-22 23:59:00,Providence,ULSD,PRO-ULSD-1,500000.0,25000.0,264946.6,265973.4,0.0
2025-05-22 23:59:00,Providence,ULSHO,PRO-ULSHO-1,150000.0,7500.0,22748.9,22893.4,0.0
2025-05-22 23:59:00,Providence,RBOB,PRO-RBOB-1,150000.0,7500.0,30701.8,30549.8,0.0
2025-05-22 23:59:00,Albany,RBOB,ALB-RBOB-1,150000.0,7500.0,116142.7,116206.9,0.0
2025-05-22 23:59:00,Linden,ULSHO,LIN-ULSHO-1,231000.0,11600.0,27807.9,28115.2,0.0
2025-05-22 23:59:00,Albany,ULSD,ALB-ULSD-1,150000.0,7500.0,37983.9,38002.5,0.0
2025-05-23 23:59:00,Albany,RBOB,ALB-RBOB-1,150000.0,7500.0,110887.4,110504.0,0.0
2025-05-23 23:59:00,Albany,ULSD,ALB-ULSD-1,150000.0,7500.0,37983.9,38128.7,0.0
2025-05-23 23:59:00,Providence,RBOB,PRO-RBOB-1,150000.0,7500.0,30701.8,30476.4,0.0
2025-05-23 23:59:00,Providence,ULSHO,PRO-ULSHO-1,150000.0,7500.0,15857.5,15353.7,0.0
2025-05-23 23:59:00,Linden,ULSD,LIN-ULSD-1,505000.0,25200.0,335773.3,335386.7,0.0
2025-05-23 23:59:00,Providence,ULSD,PRO-ULSD-1,500000.0,25000.0,249388.4,249030.9,0.0
2025-05-23 23:59:00,Linden,ULSHO,LIN-ULSHO-1,231000.0,11600.0,19702.6,19570.6,0.0
2025-05-23 23:59:00,Linden,RBOB,LIN-RBOB-1,150000.0,7500.0,106566.4,106638.0,0.0
2025-05-24 23:59:00,Albany,ULSD,ALB-ULSD-1,150000.0,7500.0,37983.9,38043.6,0.0
2025-05-24 23:59:00,Providence,ULSD,PRO-ULSD-1,500000.0,25000.0,249388.4,249792.6,0.0
2025-05-24 23:59:00,Linden,ULSD,LIN-ULSD-1,505000.0,25200.0,220112.7,220239.7,0.0
2025-05-24 23:59:00,Providence,RBOB,PRO-RBOB-1,150000.0,7500.0,30701.8,30335.5,0.0
2025-05-24 23:59:00,Linden,RBOB,LIN-RBOB-1,150000.0,7500.0,106566.4,106949.3,0.0
2025-05-24 23:59:00,Linden,ULSHO,LIN-ULSHO-1,231000.0,11600.0,19702.6,19989.9,0.0
2025-05-24 23:59:00,Albany,RBOB,ALB-RBOB-1,150000.0,7500.0,103483.2,103076.4,0.0
2025-05-24 23:59:00,Providence,ULSHO,PRO-ULSHO-1,150000.0,7500.0,15857.5,16000.5,0.0
2025-05-25 23:59:00,Linden,ULSHO,LIN-ULSHO-1,231000.0,11600.0,19702.6,19190.7,0.0
2025-05-25 23:59:00,Linden,ULSD,LIN-ULSD-1,505000.0,25200.0,206478.0,206510.7,0.0
2025-05-25 23:59:00,Linden,RBOB,LIN-RBOB-1,150000.0,7500.0,91211.0,91301.8,0.0
2025-05-25 23:59:00,Albany,ULSD,ALB-ULSD-1,150000.0,7500.0,37983.9,38120.3,0.0
2025-05-25 23:59:00,Providence,ULSHO,PRO-ULSHO-1,150000.0,7500.0,15857.5,16199.8,0.0
2025-05-25 23:59:00,Providence,ULSD,PRO-ULSD-1,500000.0,25000.0,234058.7,234890.6,0.0
2025-05-25 23:59:00,Albany,RBOB,ALB-RBOB-1,150000.0,7500.0,95174.9,94934.7,0.0
2025-05-25 23:59:00,Providence,RBOB,PRO-RBOB-1,150000.0,7500.0,17083.6,17087.2,0.0
2025-05-26 23:59:00,Linden,ULSD,LIN-ULSD-1,505000.0,25200.0,199960.6,199960.2,0.0
2025-05-26 23:59:00,Linden,RBOB,LIN-RBOB-1,150000.0,7500.0,91211.0,91143.2,0.0
2025-05-26 23:59:00,Albany,RBOB,ALB-RBOB-1,150000.0,7500.0,89240.8,89358.5,0.0
2025-05-26 23:59:00,Providence,ULSD,PRO-ULSD-1,500000.0,25000.0,216483.7,217505.8,0.0
2025-05-26 23:59:00,Providence,RBOB,PRO-RBOB-1,150000.0,7500.0,127500.0,127573.5,131927.9
2025-05-26 23:59:00,Linden,ULSHO,LIN-ULSHO-1,231000.0,11600.0,19702.6,19863.5,0.0
2025-05-26 23:59:00,Providence,ULSHO,PRO-ULSHO-1,150000.0,7500.0,15857.5,15789.2,0.0
2025-05-26 23:59:00,Albany,ULSD,ALB-ULSD-1,150000.0,7500.0,37983.9,37927.3,0.0
2025-05-27 23:59:00,Albany,RBOB,ALB-RBOB-1,150000.0,7500.0,81498.1,81322.4,0.0
2025-05-27 23:59:00,Providence,ULSHO,PRO-ULSHO-1,150000.0,7500.0,11658.1,11624.4,0.0
2025-05-27 23:59:00,Providence,ULSD,PRO-ULSD-1,500000.0,25000.0,216483.7,216074.0,0.0
2025-05-27 23:59:00,Albany,ULSD,ALB-ULSD-1,150000.0,7500.0,37983.9,38140.6,0.0
2025-05-27 23:59:00,Linden,ULSD,LIN-ULSD-1,505000.0,25200.0,186360.5,186200.1,0.0
2025-05-27 23:59:00,Providence,RBOB,PRO-RBOB-1,150000.0,7500.0,120845.6,120863.3,0.0
2025-05-27 23:59:00,Linden,ULSHO,LIN-ULSHO-1,231000.0,11600.0,19702.6,19684.7,0.0
2025-05-27 23:59:00,Linden,RBOB,LIN-RBOB-1,150000.0,7500.0,71693.6,71765.6,0.0
2025-05-28 23:59:00,Providence,ULSD,PRO-ULSD-1,500000.0,25000.0,204936.6,204889.2,0.0
2025-05-28 23:59:00,Linden,ULSHO,LIN-ULSHO-1,231000.0,11600.0,19702.6,19578.1,0.0
2025-05-28 23:59:00,Linden,ULSD,LIN-ULSD-1,505000.0,25200.0,186360.5,185346.1,0.0
2025-05-28 23:59:00,Providence,RBOB,PRO-RBOB-1,150000.0,7500.0,120845.6,121132.5,0.0
2025-05-28 23:59:00,Linden,RBOB,LIN-RBOB-1,150000.0,7500.0,58126.7,58343.6,0.0
2025-05-28 23:59:00,Albany,RBOB,ALB-RBOB-1,150000.0,7500.0,72194.2,72093.5,0.0
2025-05-28 23:59:00,Albany,ULSD,ALB-ULSD-1,150000.0,7500.0,37983.9,37703.5,0.0
2025-05-28 23:59:00,Providence,ULSHO,PRO-ULSHO-1,150000.0,7500.0,11658.1,11595.7,0.0
2025-05-29 23:59:00,Providence,ULSD,PRO-ULSD-1,500000.0,25000.0,71462.3,71339.7,0.0
2025-05-29 23:59:00,Albany,ULSD,ALB-ULSD-1,150000.0,7500.0,37983.9,38142.9,0.0
2025-05-29 23:59:00,Linden,ULSD,LIN-ULSD-1,505000.0,25200.0,186360.5,186196.6,0.0
2025-05-29 23:59:00,Linden,ULSHO,LIN-ULSHO-1,231000.0,11600.0,19702.6,19929.5,0.0
2025-05-29 23:59:00,Albany,RBOB,ALB-RBOB-1,150000.0,7500.0,67019.1,66549.3,0.0
2025-05-29 23:59:00,Providence,ULSHO,PRO-ULSHO-1,150000.0,7500.0,11658.1,11745.9,0.0
2025-05-29 23:59:00,Providence,RBOB,PRO-RBOB-1,150000.0,7500.0,113245.2,113490.0,0.0
2025-05-29 23:59:00,Linden,RBOB,LIN-RBOB-1,150000.0,7500.0,58126.7,58197.4,0.0
2025-05-30 23:59:00,Albany,ULSD,ALB-ULSD-1,150000.0,7500.0,30554.4,30407.5,0.0
2025-05-30 23:59:00,Linden,ULSHO,LIN-ULSHO-1,231000.0,11600.0,196350.0,196468.5,181849.6
2025-05-30 23:59:00,Linden,ULSD,LIN-ULSD-1,505000.0,25200.0,429250.0,430181.5,480574.6
2025-05-30 23:59:00,Providence,RBOB,PRO-RBOB-1,150000.0,7500.0,113245.2,113195.9,0.0
2025-05-30 23:59:00,Linden,RBOB,LIN-RBOB-1,150000.0,7500.0,58126.7,58360.4,0.0
2025-05-30 23:59:00,Providence,ULSD,PRO-ULSD-1,500000.0,25000.0,64718.7,66055.6,0.0
2025-05-30 23:59:00,Albany,RBOB,ALB-RBOB-1,150000.0,7500.0,67019.1,67747.8,0.0
2025-05-30 23:59:00,Providence,ULSHO,PRO-ULSHO-1,150000.0,7500.0,11658.1,11689.2,0.0
2025-05-31 23:59:00,Providence,ULSD,PRO-ULSD-1,500000.0,25000.0,58135.0,58036.7,0.0
2025-05-31 23:59:00,Albany,ULSD,ALB-ULSD-1,150000.0,7500.0,30554.4,30489.7,0.0
2025-05-31 23:59:00,Providence,RBOB,PRO-RBOB-1,150000.0,7500.0,107148.4,107223.8,0.0
2025-05-31 23:59:00,Providence,ULSHO,PRO-ULSHO-1,150000.0,7500.0,11658.1,11454.5,0.0
2025-05-31 23:59:00,Albany,RBOB,ALB-RBOB-1,150000.0,7500.0,67019.1,66947.0,0.0
2025-05-31 23:59:00,Linden,ULSHO,LIN-ULSHO-1,231000.0,11600.0,187185.6,187223.0,0.0
2025-05-31 23:59:00,Linden,RBOB,LIN-RBOB-1,150000.0,7500.0,53619.7,53275.8,0.0
2025-05-31 23:59:00,Linden,ULSD,LIN-ULSD-1,505000.0,25200.0,429250.0,429219.3,0.0
2025-06-01 23:59:00,Albany,ULSD,ALB-ULSD-1,150000.0,7500.0,30554.4,30599.9,0.0
2025-06-01 23:59:00,Albany,RBOB,ALB-RBOB-1,150000.0,7500.0,67019.1,66720.8,0.0
2025-06-01 23:59:00,Providence,RBOB,PRO-RBOB-1,150000.0,7500.0,107148.4,107228.0,0.0
2025-06-01 23:59:00,Linden,RBOB,LIN-RBOB-1,150000.0,7500.0,51242.5,51308.6,0.0
2025-06-01 23:59:00,Linden,ULSHO,LIN-ULSHO-1,231000.0,11600.0,187185.6,187306.2,0.0
2025-06-01 23:59:00,Linden,ULSD,LIN-ULSD-1,505000.0,25200.0,422838.4,422863.3,0.0
2025-06-01 23:59:00,Providence,ULSHO,PRO-ULSHO-1,150000.0,7500.0,127500.0,127609.3,122317.1
2025-06-01 23:59:00,Providence,ULSD,PRO-ULSD-1,500000.0,25000.0,50858.7,50297.7,0.0
2025-06-02 23:59:00,Linden,RBOB,LIN-RBOB-1,150000.0,7500.0,49093.1,49150.4,0.0
2025-06-02 23:59:00,Providence,ULSHO,PRO-ULSHO-1,150000.0,7500.0,127500.0,127501.7,0.0
2025-06-02 23:59:00,Providence,ULSD,PRO-ULSD-1,500000.0,25000.0,50858.7,49616.7,0.0
2025-06-02 23:59:00,Albany,ULSD,ALB-ULSD-1,150000.0,7500.0,24625.7,24688.5,0.0
2025-06-02 23:59:00,Linden,ULSHO,LIN-ULSHO-1,231000.0,11600.0,187185.6,186883.5,0.0
2025-06-02 23:59:00,Linden,ULSD,LIN-ULSD-1,505000.0,25200.0,412418.6,412767.6,0.0
2025-06-02 23:59:00,Providence,RBOB,PRO-RBOB-1,150000.0,7500.0,100568.2,100770.8,0.0
2025-06-02 23:59:00,Albany,RBOB,ALB-RBOB-1,150000.0,7500.0,58391.3,58039.0,0.0
2025-06-03 23:59:00,Albany,ULSD,ALB-ULSD-1,150000.0,7500.0,24625.7,24858.1,0.0
2025-06-03 23:59:00,Linden,ULSHO,LIN-ULSHO-1,231000.0,11600.0,187185.6,187296.5,0.0
2025-06-03 23:59:00,Providence,ULSHO,PRO-ULSHO-1,150000.0,7500.0,127500.0,127296.9,0.0
2025-06-03 23:59:00,Linden,ULSD,LIN-ULSD-1,505000.0,25200.0,412418.6,412444.5,0.0
2025-06-03 23:59:00,Albany,RBOB,ALB-RBOB-1,150000.0,7500.0,58391.3,58644.2,0.0
2025-06-03 23:59:00,Linden,RBOB,LIN-RBOB-1,150000.0,7500.0,49093.1,49182.1,0.0
2025-06-03 23:59:00,Providence,ULSD,PRO-ULSD-1,500000.0,25000.0,43029.9,41284.2,0.0
2025-06-03 23:59:00,Providence,RBOB,PRO-RBOB-1,150000.0,7500.0,100568.2,100452.0,0.0
2025-06-04 23:59:00,Providence,ULSHO,PRO-ULSHO-1,150000.0,7500.0,127500.0,127560.1,0.0
2025-06-04 23:59:00,Linden,RBOB,LIN-RBOB-1,150000.0,7500.0,41838.3,41833.6,0.0
2025-06-04 23:59:00,Linden,ULSHO,LIN-ULSHO-1,231000.0,11600.0,178431.0,178059.1,0.0
2025-06-04 23:59:00,Albany,ULSD,ALB-ULSD-1,150000.0,7500.0,127500.0,127399.4,120819.9
2025-06-04 23:59:00,Albany,RBOB,ALB-RBOB-1,150000.0,7500.0,58391.3,58357.9,0.0
2025-06-04 23:59:00,Providence,ULSD,PRO-ULSD-1,500000.0,25000.0,425000.0,423792.0,402471.2
2025-06-04 23:59:00,Providence,RBOB,PRO-RBOB-1,150000.0,7500.0,92691.0,93100.6,0.0
2025-06-04 23:59:00,Linden,ULSD,LIN-ULSD-1,505000.0,25200.0,285377.3,284913.8,0.0
2025-06-05 23:59:00,Linden,ULSHO,LIN-ULSHO-1,231000.0,11600.0,178431.0,178033.2,0.0
2025-06-05 23:59:00,Albany,RBOB,ALB-RBOB-1,150000.0,7500.0,58391.3,58447.3,0.0
2025-06-05 23:59:00,Linden,RBOB,LIN-RBOB-1,150000.0,7500.0,41838.3,41812.7,0.0
2025-06-05 23:59:00,Providence,RBOB,PRO-RBOB-1,150000.0,7500.0,92691.0,92704.8,0.0
2025-06-05 23:59:00,Linden,ULSD,LIN-ULSD-1,505000.0,25200.0,279159.3,278928.2,0.0
2025-06-05 23:59:00,Albany,ULSD,ALB-ULSD-1,150000.0,7500.0,127500.0,127567.5,0.0
2025-06-05 23:59:00,Providence,ULSD,PRO-ULSD-1,500000.0,25000.0,417728.5,418186.7,0.0
2025-06-05 23:59:00,Providence,ULSHO,PRO-ULSHO-1,150000.0,7500.0,120547.9,120640.0,0.0
2025-06-06 23:59:00,Linden,ULSHO,LIN-ULSHO-1,231000.0,11600.0,169178.6,169201.5,0.0
2025-06-06 23:59:00,Linden,ULSD,LIN-ULSD-1,505000.0,25200.0,279159.3,278433.3,0.0
2025-06-06 23:59:00,Providence,ULSD,PRO-ULSD-1,500000.0,25000.0,411020.2,410173.3,0.0
2025-06-06 23:59:00,Providence,RBOB,PRO-RBOB-1,150000.0,7500.0,92691.0,92973.5,0.0
2025-06-06 23:59:00,Albany,RBOB,ALB-RBOB-1,150000.0,7500.0,50910.0,50976.4,0.0
2025-06-06 23:59:00,Providence,ULSHO,PRO-ULSHO-1,150000.0,7500.0,120547.9,120439.3,0.0
2025-06-06 23:59:00,Albany,ULSD,ALB-ULSD-1,150000.0,7500.0,121095.5,120839.0,0.0
2025-06-06 23:59:00,Linden,RBOB,LIN-RBOB-1,150000.0,7500.0,39395.9,39476.6,0.0
2025-06-07 23:59:00,Linden,RBOB,LIN-RBOB-1,150000.0,7500.0,39395.9,39125.6,0.0
2025-06-07 23:59:00,Albany,RBOB,ALB-RBOB-1,150000.0,7500.0,50910.0,50871.0,0.0
2025-06-07 23:59:00,Albany,ULSD,ALB-ULSD-1,150000.0,7500.0,121095.5,120778.6,0.0
2025-06-07 23:59:00,Linden,ULSHO,LIN-ULSHO-1,231000.0,11600.0,169178.6,169271.9,0.0
2025-06-07 23:59:00,Providence,ULSD,PRO-ULSD-1,500000.0,25000.0,395568.8,395220.0,0.0
2025-06-07 23:59:00,Providence,ULSHO,PRO-ULSHO-1,150000.0,7500.0,120547.9,120833.6,0.0
2025-06-07 23:59:00,Providence,RBOB,PRO-RBOB-1,150000.0,7500.0,84218.9,84029.8,0.0
2025-06-07 23:59:00,Linden,ULSD,LIN-ULSD-1,505000.0,25200.0,272217.4,271434.0,0.0
2025-06-08 23:59:00,Linden,ULSD,LIN-ULSD-1,505000.0,25200.0,272217.4,272193.9,0.0
2025-06-08 23:59:00,Linden,RBOB,LIN-RBOB-1,150000.0,7500.0,39395.9,39273.8,0.0
2025-06-08 23:59:00,Linden,ULSHO,LIN-ULSHO-1,231000.0,11600.0,161578.3,161291.3,0.0
2025-06-08 23:59:00,Providence,RBOB,PRO-RBOB-1,150000.0,7500.0,84218.9,84147.9,0.0
2025-06-08 23:59:00,Providence,ULSD,PRO-ULSD-1,500000.0,25000.0,378986.1,378463.3,0.0
2025-06-08 23:59:00,Albany,ULSD,ALB-ULSD-1,150000.0,7500.0,121095.5,121458.5,0.0
2025-06-08 23:59:00,Providence,ULSHO,PRO-ULSHO-1,150000.0,7500.0,120547.9,120322.6,0.0
2025-06-08 23:59:00,Albany,RBOB,ALB-RBOB-1,150000.0,7500.0,50910.0,51048.9,0.0
2025-06-09 23:59:00,Providence,ULSD,PRO-ULSD-1,500000.0,25000.0,374898.4,374053.8,0.0
2025-06-09 23:59:00,Providence,RBOB,PRO-RBOB-1,150000.0,7500.0,84218.9,83952.8,0.0
2025-06-09 23:59:00,Linden,RBOB,LIN-RBOB-1,150000.0,7500.0,29827.9,29773.0,0.0
2025-06-09 23:59:00,Albany,RBOB,ALB-RBOB-1,150000.0,7500.0,36659.1,37168.0,0.0
2025-06-09 23:59:00,Albany,ULSD,ALB-ULSD-1,150000.0,7500.0,121095.5,121058.6,0.0
2025-06-09 23:59:00,Providence,ULSHO,PRO-ULSHO-1,150000.0,7500.0,120547.9,120243.0,0.0
2025-06-09 23:59:00,Linden,ULSHO,LIN-ULSHO-1,231000.0,11600.0,152281.1,151912.6,0.0
2025-06-09 23:59:00,Linden,ULSD,LIN-ULSD-1,505000.0,25200.0,268203.4,267823.3,0.0
2025-06-10 23:59:00,Providence,RBOB,PRO-RBOB-1,150000.0,7500.0,76020.4,76013.8,0.0
2025-06-10 23:59:00,Albany,RBOB,ALB-RBOB-1,150000.0,7500.0,127500.0,127385.0,121946.8
2025-06-10 23:59:00,Albany,ULSD,ALB-ULSD-1,150000.0,7500.0,121095.5,121256.3,0.0
2025-06-10 23:59:00,Providence,ULSD,PRO-ULSD-1,500000.0,25000.0,369327.3,368707.5,0.0
2025-06-10 23:59:00,Providence,ULSHO,PRO-ULSHO-1,150000.0,7500.0,114113.0,114578.9,0.0
2025-06-10 23:59:00,Linden,ULSHO,LIN-ULSHO-1,231000.0,11600.0,152281.1,151873.0,0.0
2025-06-10 23:59:00,Linden,RBOB,LIN-RBOB-1,150000.0,7500.0,19932.1,20009.3,0.0
2025-06-10 23:59:00,Linden,ULSD,LIN-ULSD-1,505000.0,25200.0,268203.4,267370.3,0.0
2025-06-11 23:59:00,Linden,RBOB,LIN-RBOB-1,150000.0,7500.0,127500.0,127489.6,125760.8
2025-06-11 23:59:00,Albany,RBOB,ALB-RBOB-1,150000.0,7500.0,127500.0,127509.0,0.0
2025-06-11 23:59:00,Linden,ULSD,LIN-ULSD-1,505000.0,25200.0,260558.6,260675.3,0.0
2025-06-11 23:59:00,Providence,RBOB,PRO-RBOB-1,150000.0,7500.0,76020.4,75916.2,0.0
2025-06-11 23:59:00,Providence,ULSHO,PRO-ULSHO-1,150000.0,7500.0,114113.0,113633.9,0.0
2025-06-11 23:59:00,Albany,ULSD,ALB-ULSD-1,150000.0,7500.0,121095.5,121109.6,0.0
2025-06-11 23:59:00,Providence,ULSD,PRO-ULSD-1,500000.0,25000.0,362464.8,362828.3,0.0
2025-06-11 23:59:00,Linden,ULSHO,LIN-ULSHO-1,231000.0,11600.0,152281.1,152096.2,0.0
2025-06-12 23:59:00,Providence,ULSHO,PRO-ULSHO-1,150000.0,7500.0,114113.0,113585.9,0.0
2025-06-12 23:59:00,Linden,RBOB,LIN-RBOB-1,150000.0,7500.0,119567.4,119410.3,0.0
2025-06-12 23:59:00,Linden,ULSHO,LIN-ULSHO-1,231000.0,11600.0,142827.4,142587.8,0.0
2025-06-12 23:59:00,Albany,ULSD,ALB-ULSD-1,150000.0,7500.0,116199.8,115892.3,0.0
2025-06-12 23:59:00,Albany,RBOB,ALB-RBOB-1,150000.0,7500.0,119637.3,119788.6,0.0
2025-06-12 23:59:00,Linden,ULSD,LIN-ULSD-1,505000.0,25200.0,135821.2,136254.6,0.0
2025-06-12 23:59:00,Providence,ULSD,PRO-ULSD-1,500000.0,25000.0,348270.5,347985.9,0.0
2025-06-12 23:59:00,Providence,RBOB,PRO-RBOB-1,150000.0,7500.0,68827.8,68690.0,0.0
2025-06-13 23:59:00,Linden,ULSHO,LIN-ULSHO-1,231000.0,11600.0,135403.9,135971.2,0.0
2025-06-13 23:59:00,Albany,ULSD,ALB-ULSD-1,150000.0,7500.0,116199.8,116400.2,0.0
2025-06-13 23:59:00,Albany,RBOB,ALB-RBOB-1,150000.0,7500.0,119637.3,119726.6,0.0
2025-06-13 23:59:00,Linden,RBOB,LIN-RBOB-1,150000.0,7500.0,119567.4,119764.6,0.0
2025-06-13 23:59:00,Providence,ULSD,PRO-ULSD-1,500000.0,25000.0,342130.3,342680.0,0.0
2025-06-13 23:59:00,Providence,RBOB,PRO-RBOB-1,150000.0,7500.0,39388.1,39563.1,0.0
2025-06-13 23:59:00,Providence,ULSHO,PRO-ULSHO-1,150000.0,7500.0,106871.7,106964.6,0.0
2025-06-13 23:59:00,Linden,ULSD,LIN-ULSD-1,505000.0,25200.0,123401.8,123270.7,0.0
2025-06-14 23:59:00,Albany,ULSD,ALB-ULSD-1,150000.0,7500.0,116199.8,116381.8,0.0
2025-06-14 23:59:00,Linden,RBOB,LIN-RBOB-1,150000.0,7500.0,119567.4,119628.4,0.0
2025-06-14 23:59:00,Linden,ULSHO,LIN-ULSHO-1,231000.0,11600.0,135403.9,134952.8,0.0
2025-06-14 23:59:00,Linden,ULSD,LIN-ULSD-1,505000.0,25200.0,123401.8,122965.4,0.0
2025-06-14 23:59:00,Providence,RBOB,PRO-RBOB-1,150000.0,7500.0,39388.1,39281.7,0.0
2025-06-14 23:59:00,Providence,ULSHO,PRO-ULSHO-1,150000.0,7500.0,106871.7,106795.9,0.0
2025-06-14 23:59:00,Providence,ULSD,PRO-ULSD-1,500000.0,25000.0,335069.2,335172.3,0.0
2025-06-14 23:59:00,Albany,RBOB,ALB-RBOB-1,150000.0,7500.0,110199.0,110507.3,0.0
2025-06-15 23:59:00,Providence,ULSHO,PRO-ULSHO-1,150000.0,7500.0,106871.7,106849.8,0.0
2025-06-15 23:59:00,Albany,ULSD,ALB-ULSD-1,150000.0,7500.0,116199.8,116397.2,0.0
2025-06-15 23:59:00,Providence,RBOB,PRO-RBOB-1,150000.0,7500.0,32266.9,32326.9,0.0
2025-06-15 23:59:00,Albany,RBOB,ALB-RBOB-1,150000.0,7500.0,110199.0,110275.5,0.0
2025-06-15 23:59:00,Providence,ULSD,PRO-ULSD-1,500000.0,25000.0,326240.3,325143.2,0.0
2025-06-15 23:59:00,Linden,RBOB,LIN-RBOB-1,150000.0,7500.0,119567.4,119592.1,0.0
2025-06-15 23:59:00,Linden,ULSHO,LIN-ULSHO-1,231000.0,11600.0,135403.9,135317.7,0.0
2025-06-15 23:59:00,Linden,ULSD,LIN-ULSD-1,505000.0,25200.0,116874.4,118248.0,0.0
2025-06-16 23:59:00,Linden,RBOB,LIN-RBOB-1,150000.0,7500.0,110785.1,110887.7,0.0
2025-06-16 23:59:00,Providence,ULSD,PRO-ULSD-1,500000.0,25000.0,313122.9,312849.3,0.0
2025-06-16 23:59:00,Albany,RBOB,ALB-RBOB-1,150000.0,7500.0,95326.9,95237.6,0.0
2025-06-16 23:59:00,Providence,ULSHO,PRO-ULSHO-1,150000.0,7500.0,106871.7,106492.6,0.0
2025-06-16 23:59:00,Linden,ULSD,LIN-ULSD-1,505000.0,25200.0,105239.1,105328.3,0.0
2025-06-16 23:59:00,Albany,ULSD,ALB-ULSD-1,150000.0,7500.0,110005.7,110364.7,0.0
2025-06-16 23:59:00,Linden,ULSHO,LIN-ULSHO-1,231000.0,11600.0,135403.9,135760.4,0.0
2025-06-16 23:59:00,Providence,RBOB,PRO-RBOB-1,150000.0,7500.0,32266.9,32022.6,0.0
2025-06-17 23:59:00,Linden,ULSHO,LIN-ULSHO-1,231000.0,11600.0,135403.9,135479.0,0.0
2025-06-17 23:59:00,Providence,RBOB,PRO-RBOB-1,150000.0,7500.0,23329.3,22995.6,0.0
2025-06-17 23:59:00,Providence,ULSHO,PRO-ULSHO-1,150000.0,7500.0,106871.7,106559.7,0.0
2025-06-17 23:59:00,Linden,ULSD,LIN-ULSD-1,505000.0,25200.0,99221.4,98819.7,0.0
2025-06-17 23:59:00,Linden,RBOB,LIN-RBOB-1,150000.0,7500.0,110785.1,110822.0,0.0
2025-06-17 23:59:00,Albany,ULSD,ALB-ULSD-1,150000.0,7500.0,110005.7,109963.1,0.0
2025-06-17 23:59:00,Providence,ULSD,PRO-ULSD-1,500000.0,25000.0,304822.7,305515.3,0.0
2025-06-17 23:59:00,Albany,RBOB,ALB-RBOB-1,150000.0,7500.0,85164.0,85347.2,0.0
2025-06-18 23:59:00,Providence,ULSD,PRO-ULSD-1,500000.0,25000.0,296416.0,297665.4,0.0
2025-06-18 23:59:00,Linden,ULSD,LIN-ULSD-1,505000.0,25200.0,99221.4,99921.7,0.0
2025-06-18 23:59:00,Linden,RBOB,LIN-RBOB-1,150000.0,7500.0,104923.4,105197.0,0.0
2025-06-18 23:59:00,Albany,ULSD,ALB-ULSD-1,150000.0,7500.0,110005.7,110034.3,0.0
2025-06-18 23:59:00,Providence,ULSHO,PRO-ULSHO-1,150000.0,7500.0,103619.6,103267.3,0.0
2025-06-18 23:59:00,Albany,RBOB,ALB-RBOB-1,150000.0,7500.0,85164.0,84821.7,0.0
2025-06-18 23:59:00,Linden,ULSHO,LIN-ULSHO-1,231000.0,11600.0,135403.9,135397.0,0.0
2025-06-18 23:59:00,Providence,RBOB,PRO-RBOB-1,150000.0,7500.0,23329.3,23788.1,0.0
2025-06-19 23:59:00,Linden,ULSHO,LIN-ULSHO-1,231000.0,11600.0,135403.9,135903.4,0.0
2025-06-19 23:59:00,Providence,RBOB,PRO-RBOB-1,150000.0,7500.0,16849.9,16987.8,0.0
2025-06-19 23:59:00,Providence,ULSD,PRO-ULSD-1,500000.0,25000.0,283778.6,282789.1,0.0
2025-06-19 23:59:00,Providence,ULSHO,PRO-ULSHO-1,150000.0,7500.0,103619.6,103469.4,0.0
2025-06-19 23:59:00,Albany,ULSD,ALB-ULSD-1,150000.0,7500.0,100781.1,100632.1,0.0
2025-06-19 23:59:00,Linden,ULSD,LIN-ULSD-1,505000.0,25200.0,95836.0,96957.4,0.0
2025-06-19 23:59:00,Albany,RBOB,ALB-RBOB-1,150000.0,7500.0,85164.0,85185.1,0.0
2025-06-19 23:59:00,Linden,RBOB,LIN-RBOB-1,150000.0,7500.0,101942.2,101910.3,0.0
2025-06-20 23:59:00,Linden,ULSD,LIN-ULSD-1,505000.0,25200.0,95836.0,94862.4,0.0
2025-06-20 23:59:00,Providence,ULSHO,PRO-ULSHO-1,150000.0,7500.0,103619.6,103451.3,0.0
2025-06-20 23:59:00,Providence,RBOB,PRO-RBOB-1,150000.0,7500.0,127500.0,127595.8,126939.1
2025-06-20 23:59:00,Albany,RBOB,ALB-RBOB-1,150000.0,7500.0,85164.0,85241.3,0.0
2025-06-20 23:59:00,Linden,ULSHO,LIN-ULSHO-1,231000.0,11600.0,124310.5,124717.7,0.0
2025-06-20 23:59:00,Albany,ULSD,ALB-ULSD-1,150000.0,7500.0,94721.2,94632.1,0.0
2025-06-20 23:59:00,Providence,ULSD,PRO-ULSD-1,500000.0,25000.0,283778.6,284162.3,0.0
2025-06-20 23:59:00,Linden,RBOB,LIN-RBOB-1,150000.0,7500.0,96004.0,95784.6,0.0
2025-06-21 23:59:00,Linden,ULSD,LIN-ULSD-1,505000.0,25200.0,95836.0,94984.3,0.0
2025-06-21 23:59:00,Albany,ULSD,ALB-ULSD-1,150000.0,7500.0,94721.2,94552.3,0.0
2025-06-21 23:59:00,Albany,RBOB,ALB-RBOB-1,150000.0,7500.0,85164.0,85595.3,0.0
2025-06-21 23:59:00,Linden,RBOB,LIN-RBOB-1,150000.0,7500.0,89025.5,89116.1,0.0
2025-06-21 23:59:00,Providence,RBOB,PRO-RBOB-1,150000.0,7500.0,127500.0,127287.1,0.0
2025-06-21 23:59:00,Providence,ULSD,PRO-ULSD-1,500000.0,25000.0,275412.6,276299.9,0.0
2025-06-21 23:59:00,Linden,ULSHO,LIN-ULSHO-1,231000.0,11600.0,119302.5,119720.4,0.0
2025-06-21 23:59:00,Providence,ULSHO,PRO-ULSHO-1,150000.0,7500.0,103619.6,103781.8,0.0
2025-06-22 23:59:00,Providence,ULSD,PRO-ULSD-1,500000.0,25000.0,241798.3,243570.1,0.0
2025-06-22 23:59:00,Providence,ULSHO,PRO-ULSHO-1,150000.0,7500.0,103619.6,103589.9,0.0
2025-06-22 23:59:00,Linden,ULSD,LIN-ULSD-1,505000.0,25200.0,95836.0,95607.9,0.0
2025-06-22 23:59:00,Albany,ULSD,ALB-ULSD-1,150000.0,7500.0,94721.2,94534.3,0.0
2025-06-22 23:59:00,Albany,RBOB,ALB-RBOB-1,150000.0,7500.0,85164.0,85021.2,0.0
2025-06-22 23:59:00,Providence,RBOB,PRO-RBOB-1,150000.0,7500.0,127500.0,127596.9,0.0
2025-06-22 23:59:00,Linden,ULSHO,LIN-ULSHO-1,231000.0,11600.0,119302.5,119143.4,0.0
2025-06-22 23:59:00,Linden,RBOB,LIN-RBOB-1,150000.0,7500.0,72126.3,72242.4,0.0
2025-06-23 23:59:00,Providence,ULSD,PRO-ULSD-1,500000.0,25000.0,241798.3,241647.0,0.0
2025-06-23 23:59:00,Albany,ULSD,ALB-ULSD-1,150000.0,7500.0,89788.0,89666.0,0.0
2025-06-23 23:59:00,Albany,RBOB,ALB-RBOB-1,150000.0,7500.0,77328.2,77289.3,0.0
2025-06-23 23:59:00,Linden,ULSD,LIN-ULSD-1,505000.0,25200.0,89672.9,90141.7,0.0
2025-06-23 23:59:00,Linden,ULSHO,LIN-ULSHO-1,231000.0,11600.0,119302.5,119555.9,0.0
2025-06-23 23:59:00,Linden,RBOB,LIN-RBOB-1,150000.0,7500.0,68269.1,68450.1,0.0
2025-06-23 23:59:00,Providence,RBOB,PRO-RBOB-1,150000.0,7500.0,103799.9,103809.7,0.0
2025-06-23 23:59:00,Providence,ULSHO,PRO-ULSHO-1,150000.0,7500.0,103619.6,103783.0,0.0
2025-06-24 23:59:00,Albany,ULSD,ALB-ULSD-1,150000.0,7500.0,84727.6,84754.5,0.0
2025-06-24 23:59:00,Linden,ULSD,LIN-ULSD-1,505000.0,25200.0,89672.9,88786.4,0.0
2025-06-24 23:59:00,Providence,ULSD,PRO-ULSD-1,500000.0,25000.0,228157.9,228915.4,0.0
2025-06-24 23:59:00,Providence,RBOB,PRO-RBOB-1,150000.0,7500.0,103799.9,103803.1,0.0
2025-06-24 23:59:00,Providence,ULSHO,PRO-ULSHO-1,150000.0,7500.0,97831.8,97813.5,0.0
2025-06-24 23:59:00,Linden,ULSHO,LIN-ULSHO-1,231000.0,11600.0,113521.2,113753.8,0.0
2025-06-24 23:59:00,Linden,RBOB,LIN-RBOB-1,150000.0,7500.0,54945.2,55077.1,0.0
2025-06-24 23:59:00,Albany,RBOB,ALB-RBOB-1,150000.0,7500.0,69094.3,69090.3,0.0
2025-06-25 23:59:00,Albany,ULSD,ALB-ULSD-1,150000.0,7500.0,84727.6,84545.8,0.0
2025-06-25 23:59:00,Providence,ULSHO,PRO-ULSHO-1,150000.0,7500.0,97831.8,97408.2,0.0
2025-06-25 23:59:00,Albany,RBOB,ALB-RBOB-1,150000.0,7500.0,69094.3,68801.0,0.0
2025-06-25 23:59:00,Linden,ULSD,LIN-ULSD-1,505000.0,25200.0,65573.4,66521.1,0.0
2025-06-25 23:59:00,Linden,RBOB,LIN-RBOB-1,150000.0,7500.0,54945.2,54923.5,0.0
2025-06-25 23:59:00,Providence,RBOB,PRO-RBOB-1,150000.0,7500.0,103799.9,104054.1,0.0
2025-06-25 23:59:00,Providence,ULSD,PRO-ULSD-1,500000.0,25000.0,221536.1,220832.7,0.0
2025-06-25 23:59:00,Linden,ULSHO,LIN-ULSHO-1,231000.0,11600.0,113521.2,113299.4,0.0
2025-06-26 23:59:00,Providence,ULSD,PRO-ULSD-1,500000.0,25000.0,221536.1,222404.6,0.0
2025-06-26 23:59:00,Albany,RBOB,ALB-RBOB-1,150000.0,7500.0,69094.3,69058.1,0.0
2025-06-26 23:59:00,Providence,RBOB,PRO-RBOB-1,150000.0,7500.0,103799.9,104146.7,0.0
2025-06-26 23:59:00,Linden,ULSHO,LIN-ULSHO-1,231000.0,11600.0,113521.2,113832.7,0.0
2025-06-26 23:59:00,Providence,ULSHO,PRO-ULSHO-1,150000.0,7500.0,97831.8,97909.5,0.0
2025-06-26 23:59:00,Linden,RBOB,LIN-RBOB-1,150000.0,7500.0,44363.0,44705.1,0.0
2025-06-26 23:59:00,Linden,ULSD,LIN-ULSD-1,505000.0,25200.0,65573.4,65743.0,0.0
2025-06-26 23:59:00,Albany,ULSD,ALB-ULSD-1,150000.0,7500.0,77667.4,77528.0,0.0
2025-06-27 23:59:00,Providence,ULSD,PRO-ULSD-1,500000.0,25000.0,207419.0,208029.6,0.0
2025-06-27 23:59:00,Albany,RBOB,ALB-RBOB-1,150000.0,7500.0,63735.3,63660.8,0.0
2025-06-27 23:59:00,Linden,ULSD,LIN-ULSD-1,505000.0,25200.0,60183.8,61464.0,0.0
2025-06-27 23:59:00,Albany,ULSD,ALB-ULSD-1,150000.0,7500.0,77667.4,77487.1,0.0
2025-06-27 23:59:00,Linden,RBOB,LIN-RBOB-1,150000.0,7500.0,39445.7,39315.3,0.0
2025-06-27 23:59:00,Linden,ULSHO,LIN-ULSHO-1,231000.0,11600.0,113521.2,113612.5,0.0
2025-06-27 23:59:00,Providence,RBOB,PRO-RBOB-1,150000.0,7500.0,89569.1,89727.4,0.0
2025-06-27 23:59:00,Providence,ULSHO,PRO-ULSHO-1,150000.0,7500.0,97831.8,97389.8,0.0
2025-06-28 23:59:00,Albany,RBOB,ALB-RBOB-1,150000.0,7500.0,63735.3,63634.2,0.0
2025-06-28 23:59:00,Linden,ULSD,LIN-ULSD-1,505000.0,25200.0,54461.2,54537.6,0.0
2025-06-28 23:59:00,Providence,ULSHO,PRO-ULSHO-1,150000.0,7500.0,97831.8,97959.9,0.0
2025-06-28 23:59:00,Providence,RBOB,PRO-RBOB-1,150000.0,7500.0,89569.1,89385.6,0.0
2025-06-28 23:59:00,Albany,ULSD,ALB-ULSD-1,150000.0,7500.0,77667.4,77342.6,0.0
2025-06-28 23:59:00,Linden,RBOB,LIN-RBOB-1,150000.0,7500.0,39445.7,39300.8,0.0
2025-06-28 23:59:00,Linden,ULSHO,LIN-ULSHO-1,231000.0,11600.0,109911.6,109732.0,0.0
2025-06-28 23:59:00,Providence,ULSD,PRO-ULSD-1,500000.0,25000.0,193694.3,192585.2,0.0
2025-06-29 23:59:00,Linden,ULSD,LIN-ULSD-1,505000.0,25200.0,39599.2,39963.5,0.0
2025-06-29 23:59:00,Providence,RBOB,PRO-RBOB-1,150000.0,7500.0,89569.1,89402.7,0.0
2025-06-29 23:59:00,Linden,ULSHO,LIN-ULSHO-1,231000.0,11600.0,109911.6,109971.4,0.0
2025-06-29 23:59:00,Providence,ULSD,PRO-ULSD-1,500000.0,25000.0,186581.6,186138.9,0.0
2025-06-29 23:59:00,Albany,RBOB,ALB-RBOB-1,150000.0,7500.0,56771.4,56825.4,0.0
2025-06-29 23:59:00,Albany,ULSD,ALB-ULSD-1,150000.0,7500.0,77667.4,77483.3,0.0
2025-06-29 23:59:00,Providence,ULSHO,PRO-ULSHO-1,150000.0,7500.0,93588.6,93792.8,0.0
2025-06-29 23:59:00,Linden,RBOB,LIN-RBOB-1,150000.0,7500.0,39445.7,39598.9,0.0
2025-06-30 23:59:00,Providence,RBOB,PRO-RBOB-1,150000.0,7500.0,75087.0,75119.1,0.0
2025-06-30 23:59:00,Linden,RBOB,LIN-RBOB-1,150000.0,7500.0,36672.5,36523.0,0.0
2025-06-30 23:59:00,Linden,ULSHO,LIN-ULSHO-1,231000.0,11600.0,109911.6,110017.4,0.0
2025-06-30 23:59:00,Providence,ULSHO,PRO-ULSHO-1,150000.0,7500.0,93588.6,93396.7,0.0
2025-06-30 23:59:00,Linden,ULSD,LIN-ULSD-1,505000.0,25200.0,429250.0,429884.1,397991.8
2025-06-30 23:59:00,Albany,ULSD,ALB-ULSD-1,150000.0,7500.0,77667.4,77616.8,0.0
2025-06-30 23:59:00,Providence,ULSD,PRO-ULSD-1,500000.0,25000.0,181173.6,181002.9,0.0
2025-06-30 23:59:00,Albany,RBOB,ALB-RBOB-1,150000.0,7500.0,46291.9,46695.6,0.0
2025-07-01 23:59:00,Linden,RBOB,LIN-RBOB-1,150000.0,7500.0,30795.2,31059.0,0.0
2025-07-01 23:59:00,Providence,RBOB,PRO-RBOB-1,150000.0,7500.0,60287.7,60014.4,0.0
2025-07-01 23:59:00,Linden,ULSHO,LIN-ULSHO-1,231000.0,11600.0,109911.6,109944.0,0.0
2025-07-01 23:59:00,Albany,RBOB,ALB-RBOB-1,150000.0,7500.0,37364.5,37267.5,0.0
2025-07-01 23:59:00,Albany,ULSD,ALB-ULSD-1,150000.0,7500.0,71057.5,71138.8,0.0
2025-07-01 23:59:00,Providence,ULSHO,PRO-ULSHO-1,150000.0,7500.0,93588.6,93901.4,0.0
2025-07-01 23:59:00,Linden,ULSD,LIN-ULSD-1,505000.0,25200.0,425733.7,425412.0,0.0
2025-07-01 23:59:00,Providence,ULSD,PRO-ULSD-1,500000.0,25000.0,175011.2,175287.4,0.0
2025-07-02 23:59:00,Albany,ULSD,ALB-ULSD-1,150000.0,7500.0,71057.5,71284.2,0.0
2025-07-02 23:59:00,Linden,RBOB,LIN-RBOB-1,150000.0,7500.0,127500.0,127307.6,120360.5
2025-07-02 23:59:00,Providence,ULSD,PRO-ULSD-1,500000.0,25000.0,175011.2,175136.1,0.0
2025-07-02 23:59:00,Linden,ULSD,LIN-ULSD-1,505000.0,25200.0,405148.0,404274.2,0.0
2025-07-02 23:59:00,Providence,ULSHO,PRO-ULSHO-1,150000.0,7500.0,93588.6,93738.6,0.0
2025-07-02 23:59:00,Linden,ULSHO,LIN-ULSHO-1,231000.0,11600.0,109911.6,109867.3,0.0
2025-07-02 23:59:00,Providence,RBOB,PRO-RBOB-1,150000.0,7500.0,51727.1,51594.8,0.0
2025-07-02 23:59:00,Albany,RBOB,ALB-RBOB-1,150000.0,7500.0,30041.6,30202.9,0.0
2025-07-03 23:59:00,Albany,ULSD,ALB-ULSD-1,150000.0,7500.0,71057.5,71236.5,0.0
2025-07-03 23:59:00,Linden,ULSHO,LIN-ULSHO-1,231000.0,11600.0,109911.6,109277.2,0.0
2025-07-03 23:59:00,Albany,RBOB,ALB-RBOB-1,150000.0,7500.0,30041.6,30091.0,0.0
2025-07-03 23:59:00,Providence,ULSHO,PRO-ULSHO-1,150000.0,7500.0,87047.1,87023.1,0.0
2025-07-03 23:59:00,Linden,ULSD,LIN-ULSD-1,505000.0,25200.0,405148.0,404913.8,0.0
2025-07-03 23:59:00,Providence,RBOB,PRO-RBOB-1,150000.0,7500.0,45250.0,45042.0,0.0
2025-07-03 23:59:00,Providence,ULSD,PRO-ULSD-1,500000.0,25000.0,160721.4,161009.6,0.0
2025-07-03 23:59:00,Linden,RBOB,LIN-RBOB-1,150000.0,7500.0,127500.0,127545.0,0.0
2025-07-04 23:59:00,Linden,RBOB,LIN-RBOB-1,150000.0,7500.0,124415.6,124457.5,0.0
2025-07-04 23:59:00,Albany,RBOB,ALB-RBOB-1,150000.0,7500.0,30041.6,29968.6,0.0
2025-07-04 23:59:00,Linden,ULSD,LIN-ULSD-1,505000.0,25200.0,405148.0,403959.6,0.0
2025-07-04 23:59:00,Albany,ULSD,ALB-ULSD-1,150000.0,7500.0,71057.5,71015.6,0.0
2025-07-04 23:59:00,Linden,ULSHO,LIN-ULSHO-1,231000.0,11600.0,103976.7,103890.4,0.0
2025-07-04 23:59:00,Providence,RBOB,PRO-RBOB-1,150000.0,7500.0,36805.1,36919.5,0.0
2025-07-04 23:59:00,Providence,ULSD,PRO-ULSD-1,500000.0,25000.0,154105.0,154475.8,0.0
2025-07-04 23:59:00,Providence,ULSHO,PRO-ULSHO-1,150000.0,7500.0,87047.1,87056.7,0.0
2025-07-05 23:59:00,Providence,ULSD,PRO-ULSD-1,500000.0,25000.0,140026.0,139245.1,0.0
2025-07-05 23:59:00,Providence,RBOB,PRO-RBOB-1,150000.0,7500.0,28624.1,28868.9,0.0
2025-07-05 23:59:00,Linden,RBOB,LIN-RBOB-1,150000.0,7500.0,124415.6,124313.6,0.0
2025-07-05 23:59:00,Providence,ULSHO,PRO-ULSHO-1,150000.0,7500.0,87047.1,86985.0,0.0
2025-07-05 23:59:00,Linden,ULSD,LIN-ULSD-1,505000.0,25200.0,256495.8,255504.6,0.0
2025-07-05 23:59:00,Linden,ULSHO,LIN-ULSHO-1,231000.0,11600.0,98311.8,98284.8,0.0
2025-07-05 23:59:00,Albany,ULSD,ALB-ULSD-1,150000.0,7500.0,71057.5,70959.6,0.0
2025-07-05 23:59:00,Albany,RBOB,ALB-RBOB-1,150000.0,7500.0,23575.8,23734.2,0.0
2025-07-06 23:59:00,Albany,ULSD,ALB-ULSD-1,150000.0,7500.0,62034.4,61968.4,0.0
2025-07-06 23:59:00,Providence,ULSHO,PRO-ULSHO-1,150000.0,7500.0,87047.1,87332.2,0.0
2025-07-06 23:59:00,Linden,ULSHO,LIN-ULSHO-1,231000.0,11600.0,91501.9,90815.7,0.0
2025-07-06 23:59:00,Providence,RBOB,PRO-RBOB-1,150000.0,7500.0,28624.1,28667.0,0.0
2025-07-06 23:59:00,Linden,RBOB,LIN-RBOB-1,150000.0,7500.0,124415.6,124025.0,0.0
2025-07-06 23:59:00,Linden,ULSD,LIN-ULSD-1,505000.0,25200.0,256495.8,256417.6,0.0
2025-07-06 23:59:00,Albany,RBOB,ALB-RBOB-1,150000.0,7500.0,23575.8,23881.7,0.0
2025-07-06 23:59:00,Providence,ULSD,PRO-ULSD-1,500000.0,25000.0,134140.4,133197.5,0.0
2025-07-07 23:59:00,Providence,ULSHO,PRO-ULSHO-1,150000.0,7500.0,87047.1,87049.3,0.0
2025-07-07 23:59:00,Providence,ULSD,PRO-ULSD-1,500000.0,25000.0,117386.6,117681.1,0.0
2025-07-07 23:59:00,Albany,RBOB,ALB-RBOB-1,150000.0,7500.0,23575.8,23749.5,0.0
2025-07-07 23:59:00,Linden,ULSD,LIN-ULSD-1,505000.0,25200.0,250521.1,250800.7,0.0
2025-07-07 23:59:00,Linden,ULSHO,LIN-ULSHO-1,231000.0,11600.0,91501.9,91710.4,0.0
2025-07-07 23:59:00,Linden,RBOB,LIN-RBOB-1,150000.0,7500.0,115513.5,115576.0,0.0
2025-07-07 23:59:00,Albany,ULSD,ALB-ULSD-1,150000.0,7500.0,62034.4,62010.2,0.0
2025-07-07 23:59:00,Providence,RBOB,PRO-RBOB-1,150000.0,7500.0,28624.1,28841.6,0.0
2025-07-08 23:59:00,Linden,ULSD,LIN-ULSD-1,505000.0,25200.0,235444.8,236100.7,0.0
2025-07-08 23:59:00,Providence,RBOB,PRO-RBOB-1,150000.0,7500.0,12519.7,12471.7,0.0
2025-07-08 23:59:00,Albany,ULSD,ALB-ULSD-1,150000.0,7500.0,62034.4,61762.1,0.0
2025-07-08 23:59:00,Albany,RBOB,ALB-RBOB-1,150000.0,7500.0,23575.8,23641.8,0.0
2025-07-08 23:59:00,Providence,ULSHO,PRO-ULSHO-1,150000.0,7500.0,81859.4,82118.9,0.0
2025-07-08 23:59:00,Providence,ULSD,PRO-ULSD-1,500000.0,25000.0,117386.6,116568.0,0.0
2025-07-08 23:59:00,Linden,RBOB,LIN-RBOB-1,150000.0,7500.0,115513.5,115574.8,0.0
2025-07-08 23:59:00,Linden,ULSHO,LIN-ULSHO-1,231000.0,11600.0,83817.8,83771.0,0.0
2025-07-09 23:59:00,Linden,ULSHO,LIN-ULSHO-1,231000.0,11600.0,83817.8,84043.1,0.0
2025-07-09 23:59:00,Providence,ULSD,PRO-ULSD-1,500000.0,25000.0,117386.6,117022.8,0.0
2025-07-09 23:59:00,Albany,ULSD,ALB-ULSD-1,150000.0,7500.0,57714.7,57834.4,0.0
2025-07-09 23:59:00,Providence,ULSHO,PRO-ULSHO-1,150000.0,7500.0,81859.4,82067.0,0.0
2025-07-09 23:59:00,Linden,ULSD,LIN-ULSD-1,505000.0,25200.0,235444.8,236458.8,0.0
2025-07-09 23:59:00,Providence,RBOB,PRO-RBOB-1,150000.0,7500.0,127500.0,127525.4,123796.4
2025-07-09 23:59:00,Linden,RBOB,LIN-RBOB-1,150000.0,7500.0,115513.5,115512.5,0.0
2025-07-09 23:59:00,Albany,RBOB,ALB-RBOB-1,150000.0,7500.0,14029.7,14154.6,0.0
2025-07-10 23:59:00,Linden,ULSHO,LIN-ULSHO-1,231000.0,11600.0,83817.8,83922.4,0.0
2025-07-10 23:59:00,Providence,RBOB,PRO-RBOB-1,150000.0,7500.0,127500.0,127588.7,0.0
2025-07-10 23:59:00,Providence,ULSHO,PRO-ULSHO-1,150000.0,7500.0,81859.4,81722.9,0.0
2025-07-10 23:59:00,Albany,RBOB,ALB-RBOB-1,150000.0,7500.0,14029.7,13932.1,0.0
2025-07-10 23:59:00,Albany,ULSD,ALB-ULSD-1,150000.0,7500.0,57714.7,57709.1,0.0
2025-07-10 23:59:00,Providence,ULSD,PRO-ULSD-1,500000.0,25000.0,101748.0,101679.6,0.0
2025-07-10 23:59:00,Linden,RBOB,LIN-RBOB-1,150000.0,7500.0,110272.8,110167.5,0.0
2025-07-10 23:59:00,Linden,ULSD,LIN-ULSD-1,505000.0,25200.0,229194.9,228659.4,0.0
2025-07-11 23:59:00,Linden,RBOB,LIN-RBOB-1,150000.0,7500.0,107552.2,107270.6,0.0
2025-07-11 23:59:00,Providence,RBOB,PRO-RBOB-1,150000.0,7500.0,113324.9,113216.8,0.0
2025-07-11 23:59:00,Linden,ULSHO,LIN-ULSHO-1,231000.0,11600.0,75887.1,75781.0,0.0
2025-07-11 23:59:00,Albany,RBOB,ALB-RBOB-1,150000.0,7500.0,14029.7,14253.9,0.0
2025-07-11 23:59:00,Providence,ULSHO,PRO-ULSHO-1,150000.0,7500.0,81859.4,81942.3,0.0
2025-07-11 23:59:00,Linden,ULSD,LIN-ULSD-1,505000.0,25200.0,229194.9,228128.3,0.0
2025-07-11 23:59:00,Albany,ULSD,ALB-ULSD-1,150000.0,7500.0,57714.7,57658.5,0.0
2025-07-11 23:59:00,Providence,ULSD,PRO-ULSD-1,500000.0,25000.0,89044.9,90322.1,0.0
2025-07-12 23:59:00,Providence,ULSD,PRO-ULSD-1,500000.0,25000.0,82851.9,82997.7,0.0
2025-07-12 23:59:00,Providence,RBOB,PRO-RBOB-1,150000.0,7500.0,113324.9,113454.7,0.0
2025-07-12 23:59:00,Linden,RBOB,LIN-RBOB-1,150000.0,7500.0,107552.2,107408.2,0.0
2025-07-12 23:59:00,Linden,ULSHO,LIN-ULSHO-1,231000.0,11600.0,60741.8,60084.9,0.0
2025-07-12 23:59:00,Albany,RBOB,ALB-RBOB-1,150000.0,7500.0,14029.7,14107.2,0.0
2025-07-12 23:59:00,Albany,ULSD,ALB-ULSD-1,150000.0,7500.0,57714.7,57499.0,0.0
2025-07-12 23:59:00,Providence,ULSHO,PRO-ULSHO-1,150000.0,7500.0,81859.4,81840.2,0.0
2025-07-12 23:59:00,Linden,ULSD,LIN-ULSD-1,505000.0,25200.0,222594.1,223660.1,0.0
2025-07-13 23:59:00,Providence,ULSD,PRO-ULSD-1,500000.0,25000.0,82851.9,83986.9,0.0
2025-07-13 23:59:00,Albany,ULSD,ALB-ULSD-1,150000.0,7500.0,57714.7,57998.2,0.0
2025-07-13 23:59:00,Linden,RBOB,LIN-RBOB-1,150000.0,7500.0,107552.2,107158.4,0.0
2025-07-13 23:59:00,Providence,RBOB,PRO-RBOB-1,150000.0,7500.0,105464.6,105331.4,0.0
2025-07-13 23:59:00,Linden,ULSD,LIN-ULSD-1,505000.0,25200.0,222594.1,222681.9,0.0
2025-07-13 23:59:00,Albany,RBOB,ALB-RBOB-1,150000.0,7500.0,127500.0,127459.2,120765.0
2025-07-13 23:59:00,Providence,ULSHO,PRO-ULSHO-1,150000.0,7500.0,81859.4,82253.4,0.0
2025-07-13 23:59:00,Linden,ULSHO,LIN-ULSHO-1,231000.0,11600.0,60741.8,60605.5,0.0
2025-07-14 23:59:00,Albany,RBOB,ALB-RBOB-1,150000.0,7500.0,127500.0,127385.8,0.0
2025-07-14 23:59:00,Providence,RBOB,PRO-RBOB-1,150000.0,7500.0,98019.5,97765.0,0.0
2025-07-14 23:59:00,Providence,ULSD,PRO-ULSD-1,500000.0,25000.0,77289.9,77925.1,0.0
2025-07-14 23:59:00,Providence,ULSHO,PRO-ULSHO-1,150000.0,7500.0,81859.4,81746.0,0.0
2025-07-14 23:59:00,Linden,ULSD,LIN-ULSD-1,505000.0,25200.0,216232.5,216302.0,0.0
2025-07-14 23:59:00,Linden,RBOB,LIN-RBOB-1,150000.0,7500.0,99336.3,99714.5,0.0
2025-07-14 23:59:00,Linden,ULSHO,LIN-ULSHO-1,231000.0,11600.0,60741.8,60292.7,0.0
2025-07-14 23:59:00,Albany,ULSD,ALB-ULSD-1,150000.0,7500.0,52906.4,53262.6,0.0
2025-07-15 23:59:00,Linden,RBOB,LIN-RBOB-1,150000.0,7500.0,99336.3,99262.4,0.0
2025-07-15 23:59:00,Providence,ULSHO,PRO-ULSHO-1,150000.0,7500.0,81859.4,81824.8,0.0
2025-07-15 23:59:00,Providence,RBOB,PRO-RBOB-1,150000.0,7500.0,98019.5,98100.2,0.0
2025-07-15 23:59:00,Albany,ULSD,ALB-ULSD-1,150000.0,7500.0,52906.4,52659.1,0.0
2025-07-15 23:59:00,Providence,ULSD,PRO-ULSD-1,500000.0,25000.0,62561.5,61896.1,0.0
2025-07-15 23:59:00,Linden,ULSD,LIN-ULSD-1,505000.0,25200.0,216232.5,215139.9,0.0
2025-07-15 23:59:00,Linden,ULSHO,LIN-ULSHO-1,231000.0,11600.0,60741.8,60458.8,0.0
2025-07-15 23:59:00,Albany,RBOB,ALB-RBOB-1,150000.0,7500.0,127500.0,127577.0,0.0
2025-07-16 23:59:00,Providence,RBOB,PRO-RBOB-1,150000.0,7500.0,98019.5,98205.5,0.0
2025-07-16 23:59:00,Albany,ULSD,ALB-ULSD-1,150000.0,7500.0,52906.4,53300.9,0.0
2025-07-16 23:59:00,Albany,RBOB,ALB-RBOB-1,150000.0,7500.0,127500.0,127219.3,0.0
2025-07-16 23:59:00,Linden,RBOB,LIN-RBOB-1,150000.0,7500.0,90188.6,90458.5,0.0
2025-07-16 23:59:00,Providence,ULSD,PRO-ULSD-1,500000.0,25000.0,56655.3,57975.1,0.0
2025-07-16 23:59:00,Providence,ULSHO,PRO-ULSHO-1,150000.0,7500.0,81859.4,81857.7,0.0
2025-07-16 23:59:00,Linden,ULSD,LIN-ULSD-1,505000.0,25200.0,201548.0,200712.6,0.0
2025-07-16 23:59:00,Linden,ULSHO,LIN-ULSHO-1,231000.0,11600.0,56003.9,55789.1,0.0
2025-07-17 23:59:00,Linden,RBOB,LIN-RBOB-1,150000.0,7500.0,90188.6,90161.4,0.0
2025-07-17 23:59:00,Providence,RBOB,PRO-RBOB-1,150000.0,7500.0,80582.6,80920.2,0.0
2025-07-17 23:59:00,Providence,ULSD,PRO-ULSD-1,500000.0,25000.0,40774.3,40498.7,0.0
2025-07-17 23:59:00,Albany,RBOB,ALB-RBOB-1,150000.0,7500.0,127500.0,127396.1,0.0
2025-07-17 23:59:00,Albany,ULSD,ALB-ULSD-1,150000.0,7500.0,43666.4,43594.8,0.0
2025-07-17 23:59:00,Linden,ULSD,LIN-ULSD-1,505000.0,25200.0,201548.0,202073.0,0.0
2025-07-17 23:59:00,Linden,ULSHO,LIN-ULSHO-1,231000.0,11600.0,49303.9,49116.4,0.0
2025-07-17 23:59:00,Providence,ULSHO,PRO-ULSHO-1,150000.0,7500.0,76324.2,76001.1,0.0
2025-07-18 23:59:00,Linden,ULSD,LIN-ULSD-1,505000.0,25200.0,201548.0,201009.9,0.0
2025-07-18 23:59:00,Linden,ULSHO,LIN-ULSHO-1,231000.0,11600.0,49303.9,49451.9,0.0
2025-07-18 23:59:00,Albany,RBOB,ALB-RBOB-1,150000.0,7500.0,121865.3,121553.5,0.0
2025-07-18 23:59:00,Providence,RBOB,PRO-RBOB-1,150000.0,7500.0,80582.6,80197.2,0.0
2025-07-18 23:59:00,Providence,ULSHO,PRO-ULSHO-1,150000.0,7500.0,76324.2,76224.3,0.0
2025-07-18 23:59:00,Albany,ULSD,ALB-ULSD-1,150000.0,7500.0,43666.4,43828.5,0.0
2025-07-18 23:59:00,Providence,ULSD,PRO-ULSD-1,500000.0,25000.0,425000.0,425937.1,389569.3
2025-07-18 23:59:00,Linden,RBOB,LIN-RBOB-1,150000.0,7500.0,83968.0,84300.0,0.0
2025-07-19 23:59:00,Albany,ULSD,ALB-ULSD-1,150000.0,7500.0,43666.4,43278.9,0.0
2025-07-19 23:59:00,Linden,ULSD,LIN-ULSD-1,505000.0,25200.0,194656.4,195571.9,0.0
2025-07-19 23:59:00,Linden,RBOB,LIN-RBOB-1,150000.0,7500.0,83968.0,83840.2,0.0
2025-07-19 23:59:00,Providence,RBOB,PRO-RBOB-1,150000.0,7500.0,74426.8,74550.9,0.0
2025-07-19 23:59:00,Albany,RBOB,ALB-RBOB-1,150000.0,7500.0,121865.3,122199.4,0.0
2025-07-19 23:59:00,Linden,ULSHO,LIN-ULSHO-1,231000.0,11600.0,49303.9,49488.6,0.0
2025-07-19 23:59:00,Providence,ULSHO,PRO-ULSHO-1,150000.0,7500.0,76324.2,76347.9,0.0
2025-07-19 23:59:00,Providence,ULSD,PRO-ULSD-1,500000.0,25000.0,411882.9,412194.7,0.0
2025-07-20 23:59:00,Providence,ULSD,PRO-ULSD-1,500000.0,25000.0,411882.9,411538.5,0.0
2025-07-20 23:59:00,Providence,RBOB,PRO-RBOB-1,150000.0,7500.0,66912.4,67249.7,0.0
2025-07-20 23:59:00,Linden,RBOB,LIN-RBOB-1,150000.0,7500.0,83968.0,83813.6,0.0
2025-07-20 23:59:00,Albany,ULSD,ALB-ULSD-1,150000.0,7500.0,43666.4,43685.7,0.0
2025-07-20 23:59:00,Linden,ULSHO,LIN-ULSHO-1,231000.0,11600.0,43722.9,43748.9,0.0
2025-07-20 23:59:00,Providence,ULSHO,PRO-ULSHO-1,150000.0,7500.0,76324.2,75907.8,0.0
2025-07-20 23:59:00,Linden,ULSD,LIN-ULSD-1,505000.0,25200.0,188471.4,187699.0,0.0
2025-07-20 23:59:00,Albany,RBOB,ALB-RBOB-1,150000.0,7500.0,121865.3,122224.4,0.0
2025-07-21 23:59:00,Providence,ULSD,PRO-ULSD-1,500000.0,25000.0,403425.0,402187.6,0.0
2025-07-21 23:59:00,Albany,ULSD,ALB-ULSD-1,150000.0,7500.0,35084.8,35311.7,0.0
2025-07-21 23:59:00,Providence,RBOB,PRO-RBOB-1,150000.0,7500.0,66912.4,67066.6,0.0
2025-07-21 23:59:00,Albany,RBOB,ALB-RBOB-1,150000.0,7500.0,117641.9,117742.4,0.0
2025-07-21 23:59:00,Linden,ULSD,LIN-ULSD-1,505000.0,25200.0,429250.0,430239.8,393066.4
2025-07-21 23:59:00,Linden,ULSHO,LIN-ULSHO-1,231000.0,11600.0,37293.0,36913.4,0.0
2025-07-21 23:59:00,Linden,RBOB,LIN-RBOB-1,150000.0,7500.0,75738.0,75566.4,0.0
2025-07-21 23:59:00,Providence,ULSHO,PRO-ULSHO-1,150000.0,7500.0,76324.2,76536.1,0.0
2025-07-22 23:59:00,Linden,ULSHO,LIN-ULSHO-1,231000.0,11600.0,37293.0,37080.2,0.0
2025-07-22 23:59:00,Providence,RBOB,PRO-RBOB-1,150000.0,7500.0,66912.4,66835.9,0.0
2025-07-22 23:59:00,Albany,ULSD,ALB-ULSD-1,150000.0,7500.0,35084.8,35067.3,0.0
2025-07-22 23:59:00,Providence,ULSHO,PRO-ULSHO-1,150000.0,7500.0,76324.2,76073.1,0.0
2025-07-22 23:59:00,Providence,ULSD,PRO-ULSD-1,500000.0,25000.0,389290.4,389715.0,0.0
2025-07-22 23:59:00,Linden,ULSD,LIN-ULSD-1,505000.0,25200.0,423217.2,422232.0,0.0
2025-07-22 23:59:00,Albany,RBOB,ALB-RBOB-1,150000.0,7500.0,117641.9,117423.2,0.0
2025-07-22 23:59:00,Linden,RBOB,LIN-RBOB-1,150000.0,7500.0,70150.3,70172.7,0.0
2025-07-23 23:59:00,Linden,ULSHO,LIN-ULSHO-1,231000.0,11600.0,37293.0,37434.1,0.0
2025-07-23 23:59:00,Linden,ULSD,LIN-ULSD-1,505000.0,25200.0,423217.2,422050.1,0.0
2025-07-23 23:59:00,Albany,RBOB,ALB-RBOB-1,150000.0,7500.0,117641.9,117617.0,0.0
2025-07-23 23:59:00,Linden,RBOB,LIN-RBOB-1,150000.0,7500.0,70150.3,69957.3,0.0
2025-07-23 23:59:00,Albany,ULSD,ALB-ULSD-1,150000.0,7500.0,35084.8,35322.6,0.0
2025-07-23 23:59:00,Providence,ULSD,PRO-ULSD-1,500000.0,25000.0,389290.4,389239.6,0.0
2025-07-23 23:59:00,Providence,ULSHO,PRO-ULSHO-1,150000.0,7500.0,72625.6,73011.3,0.0
2025-07-23 23:59:00,Providence,RBOB,PRO-RBOB-1,150000.0,7500.0,51500.3,51073.6,0.0
2025-07-24 23:59:00,Albany,RBOB,ALB-RBOB-1,150000.0,7500.0,113016.2,113415.2,0.0
2025-07-24 23:59:00,Providence,ULSHO,PRO-ULSHO-1,150000.0,7500.0,72625.6,72802.9,0.0
2025-07-24 23:59:00,Providence,RBOB,PRO-RBOB-1,150000.0,7500.0,51500.3,51656.4,0.0
2025-07-24 23:59:00,Linden,ULSHO,LIN-ULSHO-1,231000.0,11600.0,37293.0,37888.3,0.0
2025-07-24 23:59:00,Providence,ULSD,PRO-ULSD-1,500000.0,25000.0,218097.1,219901.0,0.0
2025-07-24 23:59:00,Linden,RBOB,LIN-RBOB-1,150000.0,7500.0,66419.7,66111.8,0.0
2025-07-24 23:59:00,Linden,ULSD,LIN-ULSD-1,505000.0,25200.0,404202.0,403972.5,0.0
2025-07-24 23:59:00,Albany,ULSD,ALB-ULSD-1,150000.0,7500.0,35084.8,35131.2,0.0
2025-07-25 23:59:00,Albany,RBOB,ALB-RBOB-1,150000.0,7500.0,105677.4,105851.8,0.0
2025-07-25 23:59:00,Linden,ULSD,LIN-ULSD-1,505000.0,25200.0,397564.4,397042.9,0.0
2025-07-25 23:59:00,Providence,ULSHO,PRO-ULSHO-1,150000.0,7500.0,72625.6,72624.2,0.0
2025-07-25 23:59:00,Linden,RBOB,LIN-RBOB-1,150000.0,7500.0,48738.0,49068.1,0.0
2025-07-25 23:59:00,Providence,RBOB,PRO-RBOB-1,150000.0,7500.0,44188.7,43806.4,0.0
2025-07-25 23:59:00,Providence,ULSD,PRO-ULSD-1,500000.0,25000.0,205872.2,205504.6,0.0
2025-07-25 23:59:00,Albany,ULSD,ALB-ULSD-1,150000.0,7500.0,26761.0,27000.8,0.0
2025-07-25 23:59:00,Linden,ULSHO,LIN-ULSHO-1,231000.0,11600.0,30309.6,30066.3,0.0
2025-07-26 23:59:00,Linden,ULSD,LIN-ULSD-1,505000.0,25200.0,397564.4,396977.7,0.0
2025-07-26 23:59:00,Providence,ULSHO,PRO-ULSHO-1,150000.0,7500.0,72625.6,72674.4,0.0
2025-07-26 23:59:00,Albany,RBOB,ALB-RBOB-1,150000.0,7500.0,105677.4,105946.8,0.0
2025-07-26 23:59:00,Providence,RBOB,PRO-RBOB-1,150000.0,7500.0,35155.5,35364.6,0.0
2025-07-26 23:59:00,Linden,RBOB,LIN-RBOB-1,150000.0,7500.0,48738.0,49032.3,0.0
2025-07-26 23:59:00,Albany,ULSD,ALB-ULSD-1,150000.0,7500.0,26761.0,27218.7,0.0
2025-07-26 23:59:00,Providence,ULSD,PRO-ULSD-1,500000.0,25000.0,192896.3,192956.8,0.0
2025-07-26 23:59:00,Linden,ULSHO,LIN-ULSHO-1,231000.0,11600.0,30309.6,30057.6,0.0
2025-07-27 23:59:00,Providence,RBOB,PRO-RBOB-1,150000.0,7500.0,35155.5,34891.6,0.0
2025-07-27 23:59:00,Linden,ULSHO,LIN-ULSHO-1,231000.0,11600.0,30309.6,30065.1,0.0
2025-07-27 23:59:00,Linden,RBOB,LIN-RBOB-1,150000.0,7500.0,48738.0,48595.5,0.0
2025-07-27 23:59:00,Providence,ULSD,PRO-ULSD-1,500000.0,25000.0,185608.0,185246.0,0.0
2025-07-27 23:59:00,Providence,ULSHO,PRO-ULSHO-1,150000.0,7500.0,72625.6,72247.7,0.0
2025-07-27 23:59:00,Linden,ULSD,LIN-ULSD-1,505000.0,25200.0,390433.4,390831.7,0.0
2025-07-27 23:59:00,Albany,ULSD,ALB-ULSD-1,150000.0,7500.0,26761.0,26556.6,0.0
2025-07-27 23:59:00,Albany,RBOB,ALB-RBOB-1,150000.0,7500.0,105677.4,106219.8,0.0
2025-07-28 23:59:00,Linden,RBOB,LIN-RBOB-1,150000.0,7500.0,46192.0,46393.2,0.0
2025-07-28 23:59:00,Providence,ULSD,PRO-ULSD-1,500000.0,25000.0,174363.7,173890.6,0.0
2025-07-28 23:59:00,Providence,ULSHO,PRO-ULSHO-1,150000.0,7500.0,72625.6,72237.4,0.0
2025-07-28 23:59:00,Providence,RBOB,PRO-RBOB-1,150000.0,7500.0,35155.5,35123.5,0.0
2025-07-28 23:59:00,Albany,RBOB,ALB-RBOB-1,150000.0,7500.0,99391.6,99838.8,0.0
2025-07-28 23:59:00,Linden,ULSD,LIN-ULSD-1,505000.0,25200.0,385056.5,385619.7,0.0
2025-07-28 23:59:00,Albany,ULSD,ALB-ULSD-1,150000.0,7500.0,13845.1,13876.7,0.0
2025-07-28 23:59:00,Linden,ULSHO,LIN-ULSHO-1,231000.0,11600.0,23207.2,23145.0,0.0
2025-07-29 23:59:00,Linden,RBOB,LIN-RBOB-1,150000.0,7500.0,39953.4,39445.7,0.0
2025-07-29 23:59:00,Albany,ULSD,ALB-ULSD-1,150000.0,7500.0,13845.1,13628.6,0.0
2025-07-29 23:59:00,Providence,ULSHO,PRO-ULSHO-1,150000.0,7500.0,66196.4,66514.5,0.0
2025-07-29 23:59:00,Linden,ULSHO,LIN-ULSHO-1,231000.0,11600.0,196350.0,196568.4,188250.9
2025-07-29 23:59:00,Providence,RBOB,PRO-RBOB-1,150000.0,7500.0,27959.6,27590.3,0.0
2025-07-29 23:59:00,Linden,ULSD,LIN-ULSD-1,505000.0,25200.0,385056.5,384130.2,0.0
2025-07-29 23:59:00,Albany,RBOB,ALB-RBOB-1,150000.0,7500.0,99391.6,99648.6,0.0
2025-07-29 23:59:00,Providence,ULSD,PRO-ULSD-1,500000.0,25000.0,165586.3,166595.7,0.0
2025-07-30 23:59:00,Providence,ULSHO,PRO-ULSHO-1,150000.0,7500.0,66196.4,66292.3,0.0
2025-07-30 23:59:00,Albany,RBOB,ALB-RBOB-1,150000.0,7500.0,99391.6,99488.5,0.0
2025-07-30 23:59:00,Linden,ULSD,LIN-ULSD-1,505000.0,25200.0,379736.6,380356.2,0.0
2025-07-30 23:59:00,Linden,ULSHO,LIN-ULSHO-1,231000.0,11600.0,188718.3,188458.6,0.0
2025-07-30 23:59:00,Providence,RBOB,PRO-RBOB-1,150000.0,7500.0,19808.4,19813.3,0.0
2025-07-30 23:59:00,Linden,RBOB,LIN-RBOB-1,150000.0,7500.0,39953.4,40004.1,0.0
2025-07-30 23:59:00,Albany,ULSD,ALB-ULSD-1,150000.0,7500.0,13845.1,13400.1,0.0
2025-07-30 23:59:00,Providence,ULSD,PRO-ULSD-1,500000.0,25000.0,155728.1,156708.7,0.0
2025-07-31 23:59:00,Albany,ULSD,ALB-ULSD-1,150000.0,7500.0,13845.1,13615.4,0.0
2025-07-31 23:59:00,Providence,ULSHO,PRO-ULSHO-1,150000.0,7500.0,66196.4,66075.6,0.0
2025-07-31 23:59:00,Linden,RBOB,LIN-RBOB-1,150000.0,7500.0,36834.4,37273.9,0.0
2025-07-31 23:59:00,Providence,ULSD,PRO-ULSD-1,500000.0,25000.0,155728.1,154898.6,0.0
2025-07-31 23:59:00,Linden,ULSD,LIN-ULSD-1,505000.0,25200.0,366678.5,367711.2,0.0
2025-07-31 23:59:00,Linden,ULSHO,LIN-ULSHO-1,231000.0,11600.0,188718.3,188516.5,0.0
2025-07-31 23:59:00,Albany,RBOB,ALB-RBOB-1,150000.0,7500.0,94924.4,94863.3,0.0
2025-07-31 23:59:00,Providence,RBOB,PRO-RBOB-1,150000.0,7500.0,19808.4,20125.3,0.0
2025-08-01 23:59:00,Linden,ULSD,LIN-ULSD-1,505000.0,25200.0,360436.1,361372.6,0.0
2025-08-01 23:59:00,Albany,RBOB,ALB-RBOB-1,150000.0,7500.0,94924.4,94945.7,0.0
2025-08-01 23:59:00,Providence,RBOB,PRO-RBOB-1,150000.0,7500.0,127500.0,127545.1,129091.5
2025-08-01 23:59:00,Linden,ULSHO,LIN-ULSHO-1,231000.0,11600.0,188718.3,188523.9,0.0
2025-08-01 23:59:00,Providence,ULSD,PRO-ULSD-1,500000.0,25000.0,136558.1,136184.7,0.0
2025-08-01 23:59:00,Providence,ULSHO,PRO-ULSHO-1,150000.0,7500.0,66196.4,66121.3,0.0
2025-08-01 23:59:00,Albany,ULSD,ALB-ULSD-1,150000.0,7500.0,127500.0,127591.1,122563.7
2025-08-01 23:59:00,Linden,RBOB,LIN-RBOB-1,150000.0,7500.0,36834.4,37273.1,0.0
2025-08-02 23:59:00,Albany,RBOB,ALB-RBOB-1,150000.0,7500.0,94924.4,95114.7,0.0
2025-08-02 23:59:00,Linden,ULSHO,LIN-ULSHO-1,231000.0,11600.0,188718.3,189246.1,0.0
2025-08-02 23:59:00,Albany,ULSD,ALB-ULSD-1,150000.0,7500.0,127500.0,127690.6,0.0
2025-08-02 23:59:00,Providence,ULSD,PRO-ULSD-1,500000.0,25000.0,136558.1,136324.5,0.0
2025-08-02 23:59:00,Linden,ULSD,LIN-ULSD-1,505000.0,25200.0,360436.1,360329.6,0.0
2025-08-02 23:59:00,Providence,RBOB,PRO-RBOB-1,150000.0,7500.0,122009.4,121999.9,0.0
2025-08-02 23:59:00,Providence,ULSHO,PRO-ULSHO-1,150000.0,7500.0,58297.1,58576.3,0.0
2025-08-02 23:59:00,Linden,RBOB,LIN-RBOB-1,150000.0,7500.0,30584.8,30758.2,0.0
2025-08-03 23:59:00,Providence,ULSD,PRO-ULSD-1,500000.0,25000.0,122896.0,122286.3,0.0
2025-08-03 23:59:00,Albany,ULSD,ALB-ULSD-1,150000.0,7500.0,127500.0,127640.0,0.0
2025-08-03 23:59:00,Linden,RBOB,LIN-RBOB-1,150000.0,7500.0,30584.8,30838.5,0.0
2025-08-03 23:59:00,Linden,ULSHO,LIN-ULSHO-1,231000.0,11600.0,188718.3,188703.3,0.0
2025-08-03 23:59:00,Linden,ULSD,LIN-ULSD-1,505000.0,25200.0,360436.1,360091.8,0.0
2025-08-03 23:59:00,Albany,RBOB,ALB-RBOB-1,150000.0,7500.0,86352.5,86620.1,0.0
2025-08-03 23:59:00,Providence,RBOB,PRO-RBOB-1,150000.0,7500.0,112956.4,112911.4,0.0
2025-08-03 23:59:00,Providence,ULSHO,PRO-ULSHO-1,150000.0,7500.0,58297.1,58479.2,0.0
2025-08-04 23:59:00,Providence,ULSHO,PRO-ULSHO-1,150000.0,7500.0,58297.1,58190.9,0.0
2025-08-04 23:59:00,Providence,RBOB,PRO-RBOB-1,150000.0,7500.0,112956.4,112785.2,0.0
2025-08-04 23:59:00,Albany,ULSD,ALB-ULSD-1,150000.0,7500.0,127500.0,127552.0,0.0
2025-08-04 23:59:00,Linden,RBOB,LIN-RBOB-1,150000.0,7500.0,21814.0,21874.4,0.0
2025-08-04 23:59:00,Linden,ULSHO,LIN-ULSHO-1,231000.0,11600.0,182610.2,182988.3,0.0
2025-08-04 23:59:00,Linden,ULSD,LIN-ULSD-1,505000.0,25200.0,354185.7,354154.2,0.0
2025-08-04 23:59:00,Providence,ULSD,PRO-ULSD-1,500000.0,25000.0,105256.6,105981.5,0.0
2025-08-04 23:59:00,Albany,RBOB,ALB-RBOB-1,150000.0,7500.0,81530.6,81628.2,0.0
2025-08-05 23:59:00,Providence,RBOB,PRO-RBOB-1,150000.0,7500.0,112956.4,113156.7,0.0
2025-08-05 23:59:00,Albany,ULSD,ALB-ULSD-1,150000.0,7500.0,127500.0,127460.3,0.0
2025-08-05 23:59:00,Linden,ULSHO,LIN-ULSHO-1,231000.0,11600.0,182610.2,182985.7,0.0
2025-08-05 23:59:00,Linden,RBOB,LIN-RBOB-1,150000.0,7500.0,21814.0,22153.3,0.0
2025-08-05 23:59:00,Linden,ULSD,LIN-ULSD-1,505000.0,25200.0,255274.2,255508.4,0.0
2025-08-05 23:59:00,Providence,ULSHO,PRO-ULSHO-1,150000.0,7500.0,58297.1,58104.0,0.0
2025-08-05 23:59:00,Providence,ULSD,PRO-ULSD-1,500000.0,25000.0,105256.6,105320.2,0.0
2025-08-05 23:59:00,Albany,RBOB,ALB-RBOB-1,150000.0,7500.0,72206.0,72237.4,0.0
2025-08-06 23:59:00,Albany,RBOB,ALB-RBOB-1,150000.0,7500.0,72206.0,72365.3,0.0
2025-08-06 23:59:00,Providence,ULSD,PRO-ULSD-1,500000.0,25000.0,96997.9,96725.1,0.0
2025-08-06 23:59:00,Linden,RBOB,LIN-RBOB-1,150000.0,7500.0,19421.9,19345.8,0.0
2025-08-06 23:59:00,Albany,ULSD,ALB-ULSD-1,150000.0,7500.0,127500.0,127316.7,0.0
2025-08-06 23:59:00,Providence,RBOB,PRO-RBOB-1,150000.0,7500.0,105494.6,105132.0,0.0
2025-08-06 23:59:00,Providence,ULSHO,PRO-ULSHO-1,150000.0,7500.0,58297.1,58441.1,0.0
2025-08-06 23:59:00,Linden,ULSD,LIN-ULSD-1,505000.0,25200.0,244021.4,243365.3,0.0
2025-08-06 23:59:00,Linden,ULSHO,LIN-ULSHO-1,231000.0,11600.0,182610.2,182582.0,0.0
2025-08-07 23:59:00,Linden,RBOB,LIN-RBOB-1,150000.0,7500.0,13454.7,12944.3,0.0
2025-08-07 23:59:00,Providence,RBOB,PRO-RBOB-1,150000.0,7500.0,91762.1,91545.6,0.0
2025-08-07 23:59:00,Linden,ULSD,LIN-ULSD-1,505000.0,25200.0,244021.4,242881.8,0.0
2025-08-07 23:59:00,Albany,ULSD,ALB-ULSD-1,150000.0,7500.0,127500.0,127495.5,0.0
2025-08-07 23:59:00,Albany,RBOB,ALB-RBOB-1,150000.0,7500.0,68203.4,68656.4,0.0
2025-08-07 23:59:00,Linden,ULSHO,LIN-ULSHO-1,231000.0,11600.0,182610.2,182711.4,0.0
2025-08-07 23:59:00,Providence,ULSHO,PRO-ULSHO-1,150000.0,7500.0,52709.5,52712.0,0.0
2025-08-07 23:59:00,Providence,ULSD,PRO-ULSD-1,500000.0,25000.0,83575.5,83756.1,0.0
2025-08-08 23:59:00,Albany,ULSD,ALB-ULSD-1,150000.0,7500.0,127500.0,127429.0,0.0
2025-08-08 23:59:00,Providence,RBOB,PRO-RBOB-1,150000.0,7500.0,91762.1,91723.1,0.0
2025-08-08 23:59:00,Providence,ULSD,PRO-ULSD-1,500000.0,25000.0,83575.5,83891.5,0.0
2025-08-08 23:59:00,Linden,ULSHO,LIN-ULSHO-1,231000.0,11600.0,176756.2,176665.4,0.0
2025-08-08 23:59:00,Albany,RBOB,ALB-RBOB-1,150000.0,7500.0,68203.4,68356.0,0.0
2025-08-08 23:59:00,Linden,RBOB,LIN-RBOB-1,150000.0,7500.0,13454.7,13703.5,0.0
2025-08-08 23:59:00,Providence,ULSHO,PRO-ULSHO-1,150000.0,7500.0,52709.5,52771.1,0.0
2025-08-08 23:59:00,Linden,ULSD,LIN-ULSD-1,505000.0,25200.0,244021.4,244160.4,0.0
2025-08-09 23:59:00,Linden,RBOB,LIN-RBOB-1,150000.0,7500.0,13454.7,13490.8,0.0
2025-08-09 23:59:00,Albany,RBOB,ALB-RBOB-1,150000.0,7500.0,55826.3,55512.3,0.0
2025-08-09 23:59:00,Linden,ULSHO,LIN-ULSHO-1,231000.0,11600.0,176756.2,176647.1,0.0
2025-08-09 23:59:00,Providence,RBOB,PRO-RBOB-1,150000.0,7500.0,91762.1,91424.9,0.0
2025-08-09 23:59:00,Providence,ULSHO,PRO-ULSHO-1,150000.0,7500.0,52709.5,52693.9,0.0
2025-08-09 23:59:00,Albany,ULSD,ALB-ULSD-1,150000.0,7500.0,127500.0,126997.9,0.0
2025-08-09 23:59:00,Providence,ULSD,PRO-ULSD-1,500000.0,25000.0,77636.4,77485.9,0.0
2025-08-09 23:59:00,Linden,ULSD,LIN-ULSD-1,505000.0,25200.0,231040.2,231249.4,0.0
2025-08-10 23:59:00,Providence,ULSD,PRO-ULSD-1,500000.0,25000.0,59059.9,58973.4,0.0
2025-08-10 23:59:00,Providence,ULSHO,PRO-ULSHO-1,150000.0,7500.0,52709.5,52634.5,0.0
2025-08-10 23:59:00,Linden,ULSHO,LIN-ULSHO-1,231000.0,11600.0,155118.7,154644.2,0.0
2025-08-10 23:59:00,Albany,ULSD,ALB-ULSD-1,150000.0,7500.0,127500.0,127728.9,0.0
2025-08-10 23:59:00,Linden,ULSD,LIN-ULSD-1,505000.0,25200.0,231040.2,231093.4,0.0
2025-08-10 23:59:00,Providence,RBOB,PRO-RBOB-1,150000.0,7500.0,81705.5,81302.9,0.0
2025-08-10 23:59:00,Albany,RBOB,ALB-RBOB-1,150000.0,7500.0,48825.1,48857.4,0.0
2025-08-10 23:59:00,Linden,RBOB,LIN-RBOB-1,150000.0,7500.0,13454.7,13469.4,0.0
2025-08-11 23:59:00,Providence,ULSD,PRO-ULSD-1,500000.0,25000.0,52551.3,53016.4,0.0
2025-08-11 23:59:00,Albany,ULSD,ALB-ULSD-1,150000.0,7500.0,127500.0,127380.9,0.0
2025-08-11 23:59:00,Linden,ULSHO,LIN-ULSHO-1,231000.0,11600.0,155118.7,154837.0,0.0
2025-08-11 23:59:00,Albany,RBOB,ALB-RBOB-1,150000.0,7500.0,48825.1,48906.4,0.0
2025-08-11 23:59:00,Providence,RBOB,PRO-RBOB-1,150000.0,7500.0,81705.5,81652.2,0.0
2025-08-11 23:59:00,Linden,RBOB,LIN-RBOB-1,150000.0,7500.0,127500.0,127645.6,122172.6
2025-08-11 23:59:00,Linden,ULSD,LIN-ULSD-1,505000.0,25200.0,226689.8,225720.8,0.0
2025-08-11 23:59:00,Providence,ULSHO,PRO-ULSHO-1,150000.0,7500.0,52709.5,53090.7,0.0
2025-08-12 23:59:00,Linden,RBOB,LIN-RBOB-1,150000.0,7500.0,127500.0,127656.3,0.0
2025-08-12 23:59:00,Linden,ULSD,LIN-ULSD-1,505000.0,25200.0,219588.5,218303.1,0.0
2025-08-12 23:59:00,Linden,ULSHO,LIN-ULSHO-1,231000.0,11600.0,155118.7,154906.7,0.0
2025-08-12 23:59:00,Providence,ULSHO,PRO-ULSHO-1,150000.0,7500.0,47710.4,47878.8,0.0
2025-08-12 23:59:00,Albany,RBOB,ALB-RBOB-1,150000.0,7500.0,44637.4,44909.2,0.0
2025-08-12 23:59:00,Providence,ULSD,PRO-ULSD-1,500000.0,25000.0,52551.3,53053.7,0.0
2025-08-12 23:59:00,Albany,ULSD,ALB-ULSD-1,150000.0,7500.0,127500.0,127168.6,0.0
2025-08-12 23:59:00,Providence,RBOB,PRO-RBOB-1,150000.0,7500.0,74245.4,73853.1,0.0
2025-08-13 23:59:00,Providence,RBOB,PRO-RBOB-1,150000.0,7500.0,74245.4,74603.3,0.0
2025-08-13 23:59:00,Providence,ULSHO,PRO-ULSHO-1,150000.0,7500.0,47710.4,47607.0,0.0
2025-08-13 23:59:00,Providence,ULSD,PRO-ULSD-1,500000.0,25000.0,52551.3,52069.4,0.0
2025-08-13 23:59:00,Linden,ULSHO,LIN-ULSHO-1,231000.0,11600.0,155118.7,155350.8,0.0
2025-08-13 23:59:00,Linden,ULSD,LIN-ULSD-1,505000.0,25200.0,219588.5,219281.5,0.0
2025-08-13 23:59:00,Albany,RBOB,ALB-RBOB-1,150000.0,7500.0,35575.7,35372.1,0.0
2025-08-13 23:59:00,Albany,ULSD,ALB-ULSD-1,150000.0,7500.0,127500.0,127618.4,0.0
2025-08-13 23:59:00,Linden,RBOB,LIN-RBOB-1,150000.0,7500.0,120844.3,120558.2,0.0
2025-08-14 23:59:00,Providence,RBOB,PRO-RBOB-1,150000.0,7500.0,66269.3,66457.3,0.0
2025-08-14 23:59:00,Albany,RBOB,ALB-RBOB-1,150000.0,7500.0,35575.7,35460.9,0.0
2025-08-14 23:59:00,Albany,ULSD,ALB-ULSD-1,150000.0,7500.0,127500.0,127576.3,0.0
2025-08-14 23:59:00,Providence,ULSHO,PRO-ULSHO-1,150000.0,7500.0,41343.0,41515.3,0.0
2025-08-14 23:59:00,Linden,ULSHO,LIN-ULSHO-1,231000.0,11600.0,155118.7,154958.6,0.0
2025-08-14 23:59:00,Linden,RBOB,LIN-RBOB-1,150000.0,7500.0,114014.3,114051.1,0.0
2025-08-14 23:59:00,Providence,ULSD,PRO-ULSD-1,500000.0,25000.0,425000.0,425508.6,395820.9
2025-08-14 23:59:00,Linden,ULSD,LIN-ULSD-1,505000.0,25200.0,200225.0,200502.6,0.0
2025-08-15 23:59:00,Albany,RBOB,ALB-RBOB-1,150000.0,7500.0,35575.7,35353.3,0.0
2025-08-15 23:59:00,Albany,ULSD,ALB-ULSD-1,150000.0,7500.0,124016.4,124421.6,0.0
2025-08-15 23:59:00,Providence,ULSHO,PRO-ULSHO-1,150000.0,7500.0,41343.0,41460.7,0.0
2025-08-15 23:59:00,Providence,RBOB,PRO-RBOB-1,150000.0,7500.0,58305.5,58629.8,0.0
2025-08-15 23:59:00,Providence,ULSD,PRO-ULSD-1,500000.0,25000.0,419096.0,417791.2,0.0
2025-08-15 23:59:00,Linden,ULSD,LIN-ULSD-1,505000.0,25200.0,200225.0,200927.1,0.0
2025-08-15 23:59:00,Linden,ULSHO,LIN-ULSHO-1,231000.0,11600.0,155118.7,154772.4,0.0
2025-08-15 23:59:00,Linden,RBOB,LIN-RBOB-1,150000.0,7500.0,114014.3,113871.2,0.0
2025-08-16 23:59:00,Albany,ULSD,ALB-ULSD-1,150000.0,7500.0,116164.0,116034.0,0.0
2025-08-16 23:59:00,Linden,RBOB,LIN-RBOB-1,150000.0,7500.0,110434.8,110380.6,0.0
2025-08-16 23:59:00,Providence,ULSHO,PRO-ULSHO-1,150000.0,7500.0,41343.0,40905.4,0.0
2025-08-16 23:59:00,Providence,ULSD,PRO-ULSD-1,500000.0,25000.0,419096.0,418967.0,0.0
2025-08-16 23:59:00,Linden,ULSHO,LIN-ULSHO-1,231000.0,11600.0,155118.7,155229.9,0.0
2025-08-16 23:59:00,Providence,RBOB,PRO-RBOB-1,150000.0,7500.0,50930.9,51244.4,0.0
2025-08-16 23:59:00,Linden,ULSD,LIN-ULSD-1,505000.0,25200.0,185463.8,185063.0,0.0
2025-08-16 23:59:00,Albany,RBOB,ALB-RBOB-1,150000.0,7500.0,35575.7,35933.6,0.0
2025-08-17 23:59:00,Linden,ULSD,LIN-ULSD-1,505000.0,25200.0,185463.8,184320.7,0.0
2025-08-17 23:59:00,Providence,RBOB,PRO-RBOB-1,150000.0,7500.0,50930.9,51146.3,0.0
2025-08-17 23:59:00,Linden,ULSHO,LIN-ULSHO-1,231000.0,11600.0,155118.7,154893.4,0.0
2025-08-17 23:59:00,Albany,RBOB,ALB-RBOB-1,150000.0,7500.0,35575.7,35643.7,0.0
2025-08-17 23:59:00,Linden,RBOB,LIN-RBOB-1,150000.0,7500.0,110434.8,110694.2,0.0
2025-08-17 23:59:00,Albany,ULSD,ALB-ULSD-1,150000.0,7500.0,116164.0,115953.8,0.0
2025-08-17 23:59:00,Providence,ULSD,PRO-ULSD-1,500000.0,25000.0,396251.1,397087.7,0.0
2025-08-17 23:59:00,Providence,ULSHO,PRO-ULSHO-1,150000.0,7500.0,34546.6,34495.0,0.0
2025-08-18 23:59:00,Albany,ULSD,ALB-ULSD-1,150000.0,7500.0,116164.0,116396.1,0.0
2025-08-18 23:59:00,Linden,RBOB,LIN-RBOB-1,150000.0,7500.0,104336.6,104328.6,0.0
2025-08-18 23:59:00,Providence,RBOB,PRO-RBOB-1,150000.0,7500.0,43147.9,42949.0,0.0
2025-08-18 23:59:00,Linden,ULSD,LIN-ULSD-1,505000.0,25200.0,173067.6,172199.0,0.0
2025-08-18 23:59:00,Providence,ULSHO,PRO-ULSHO-1,150000.0,7500.0,34546.6,34642.0,0.0
2025-08-18 23:59:00,Providence,ULSD,PRO-ULSD-1,500000.0,25000.0,396251.1,397903.9,0.0
2025-08-18 23:59:00,Linden,ULSHO,LIN-ULSHO-1,231000.0,11600.0,146169.2,146022.1,0.0
2025-08-18 23:59:00,Albany,RBOB,ALB-RBOB-1,150000.0,7500.0,35575.7,35768.9,0.0
2025-08-19 23:59:00,Linden,RBOB,LIN-RBOB-1,150000.0,7500.0,97099.6,96975.1,0.0
2025-08-19 23:59:00,Linden,ULSD,LIN-ULSD-1,505000.0,25200.0,83934.0,83498.5,0.0
2025-08-19 23:59:00,Linden,ULSHO,LIN-ULSHO-1,231000.0,11600.0,146169.2,145831.2,0.0
2025-08-19 23:59:00,Providence,ULSHO,PRO-ULSHO-1,150000.0,7500.0,34546.6,34735.1,0.0
2025-08-19 23:59:00,Providence,RBOB,PRO-RBOB-1,150000.0,7500.0,43147.9,43300.8,0.0
2025-08-19 23:59:00,Providence,ULSD,PRO-ULSD-1,500000.0,25000.0,390861.6,391425.0,0.0
2025-08-19 23:59:00,Albany,RBOB,ALB-RBOB-1,150000.0,7500.0,21174.1,21394.1,0.0
2025-08-19 23:59:00,Albany,ULSD,ALB-ULSD-1,150000.0,7500.0,116164.0,116068.7,0.0
2025-08-20 23:59:00,Albany,ULSD,ALB-ULSD-1,150000.0,7500.0,116164.0,116412.5,0.0
2025-08-20 23:59:00,Linden,ULSHO,LIN-ULSHO-1,231000.0,11600.0,146169.2,146435.7,0.0
2025-08-20 23:59:00,Linden,RBOB,LIN-RBOB-1,150000.0,7500.0,94874.5,94908.2,0.0
2025-08-20 23:59:00,Albany,RBOB,ALB-RBOB-1,150000.0,7500.0,21174.1,21161.1,0.0
2025-08-20 23:59:00,Linden,ULSD,LIN-ULSD-1,505000.0,25200.0,70435.6,70898.7,0.0
2025-08-20 23:59:00,Providence,RBOB,PRO-RBOB-1,150000.0,7500.0,34803.8,34948.3,0.0
2025-08-20 23:59:00,Providence,ULSD,PRO-ULSD-1,500000.0,25000.0,381954.6,382325.0,0.0
2025-08-20 23:59:00,Providence,ULSHO,PRO-ULSHO-1,150000.0,7500.0,34546.6,34516.1,0.0
2025-08-21 23:59:00,Linden,RBOB,LIN-RBOB-1,150000.0,7500.0,94874.5,94852.6,0.0
2025-08-21 23:59:00,Providence,ULSHO,PRO-ULSHO-1,150000.0,7500.0,29671.0,29824.0,0.0
2025-08-21 23:59:00,Providence,RBOB,PRO-RBOB-1,150000.0,7500.0,34803.8,34863.9,0.0
2025-08-21 23:59:00,Linden,ULSD,LIN-ULSD-1,505000.0,25200.0,64094.0,62752.6,0.0
2025-08-21 23:59:00,Linden,ULSHO,LIN-ULSHO-1,231000.0,11600.0,146169.2,146010.2,0.0
2025-08-21 23:59:00,Providence,ULSD,PRO-ULSD-1,500000.0,25000.0,367929.0,369821.7,0.0
2025-08-21 23:59:00,Albany,ULSD,ALB-ULSD-1,150000.0,7500.0,116164.0,116272.8,0.0
2025-08-21 23:59:00,Albany,RBOB,ALB-RBOB-1,150000.0,7500.0,21174.1,20778.0,0.0
2025-08-22 23:59:00,Providence,ULSHO,PRO-ULSHO-1,150000.0,7500.0,29671.0,29382.1,0.0
2025-08-22 23:59:00,Albany,RBOB,ALB-RBOB-1,150000.0,7500.0,127500.0,127912.7,120124.3
2025-08-22 23:59:00,Linden,RBOB,LIN-RBOB-1,150000.0,7500.0,87772.3,87794.7,0.0
2025-08-22 23:59:00,Providence,ULSD,PRO-ULSD-1,500000.0,25000.0,360424.6,361633.1,0.0
2025-08-22 23:59:00,Linden,ULSD,LIN-ULSD-1,505000.0,25200.0,64094.0,63616.9,0.0
2025-08-22 23:59:00,Providence,RBOB,PRO-RBOB-1,150000.0,7500.0,34803.8,34653.2,0.0
2025-08-22 23:59:00,Linden,ULSHO,LIN-ULSHO-1,231000.0,11600.0,146169.2,146254.7,0.0
2025-08-22 23:59:00,Albany,ULSD,ALB-ULSD-1,150000.0,7500.0,116164.0,115790.5,0.0
2025-08-23 23:59:00,Providence,ULSD,PRO-ULSD-1,500000.0,25000.0,331656.7,331876.8,0.0
2025-08-23 23:59:00,Linden,ULSD,LIN-ULSD-1,505000.0,25200.0,59152.3,58567.0,0.0
2025-08-23 23:59:00,Providence,RBOB,PRO-RBOB-1,150000.0,7500.0,27115.9,26543.0,0.0
2025-08-23 23:59:00,Providence,ULSHO,PRO-ULSHO-1,150000.0,7500.0,29671.0,29919.3,0.0
2025-08-23 23:59:00,Albany,RBOB,ALB-RBOB-1,150000.0,7500.0,127500.0,127113.3,0.0
2025-08-23 23:59:00,Albany,ULSD,ALB-ULSD-1,150000.0,7500.0,116164.0,115894.4,0.0
2025-08-23 23:59:00,Linden,RBOB,LIN-RBOB-1,150000.0,7500.0,80273.3,80469.4,0.0
2025-08-23 23:59:00,Linden,ULSHO,LIN-ULSHO-1,231000.0,11600.0,137962.4,137576.9,0.0
2025-08-24 23:59:00,Albany,ULSD,ALB-ULSD-1,150000.0,7500.0,116164.0,115871.0,0.0
2025-08-24 23:59:00,Linden,ULSHO,LIN-ULSHO-1,231000.0,11600.0,130147.9,129943.8,0.0
2025-08-24 23:59:00,Linden,ULSD,LIN-ULSD-1,505000.0,25200.0,59152.3,59069.8,0.0
2025-08-24 23:59:00,Albany,RBOB,ALB-RBOB-1,150000.0,7500.0,127500.0,127565.1,0.0
2025-08-24 23:59:00,Providence,ULSHO,PRO-ULSHO-1,150000.0,7500.0,29671.0,30057.4,0.0
2025-08-24 23:59:00,Providence,RBOB,PRO-RBOB-1,150000.0,7500.0,27115.9,27242.4,0.0
2025-08-24 23:59:00,Providence,ULSD,PRO-ULSD-1,500000.0,25000.0,325890.3,325892.2,0.0
2025-08-24 23:59:00,Linden,RBOB,LIN-RBOB-1,150000.0,7500.0,77277.9,77290.8,0.0
2025-08-25 23:59:00,Albany,ULSD,ALB-ULSD-1,150000.0,7500.0,116164.0,116450.2,0.0
2025-08-25 23:59:00,Providence,ULSHO,PRO-ULSHO-1,150000.0,7500.0,29671.0,29531.4,0.0
2025-08-25 23:59:00,Providence,ULSD,PRO-ULSD-1,500000.0,25000.0,325890.3,324357.1,0.0
2025-08-25 23:59:00,Linden,ULSHO,LIN-ULSHO-1,231000.0,11600.0,120824.3,119736.3,0.0
2025-08-25 23:59:00,Albany,RBOB,ALB-RBOB-1,150000.0,7500.0,115283.9,115413.0,0.0
2025-08-25 23:59:00,Linden,RBOB,LIN-RBOB-1,150000.0,7500.0,71470.2,71388.8,0.0
2025-08-25 23:59:00,Providence,RBOB,PRO-RBOB-1,150000.0,7500.0,21584.7,21545.1,0.0
2025-08-25 23:59:00,Linden,ULSD,LIN-ULSD-1,505000.0,25200.0,51891.7,51628.1,0.0
2025-08-26 23:59:00,Providence,ULSHO,PRO-ULSHO-1,150000.0,7500.0,29671.0,29649.6,0.0
2025-08-26 23:59:00,Providence,RBOB,PRO-RBOB-1,150000.0,7500.0,14155.4,14337.1,0.0
2025-08-26 23:59:00,Linden,RBOB,LIN-RBOB-1,150000.0,7500.0,71470.2,71433.0,0.0
2025-08-26 23:59:00,Linden,ULSD,LIN-ULSD-1,505000.0,25200.0,51891.7,51131.0,0.0
2025-08-26 23:59:00,Albany,RBOB,ALB-RBOB-1,150000.0,7500.0,115283.9,115249.0,0.0
2025-08-26 23:59:00,Linden,ULSHO,LIN-ULSHO-1,231000.0,11600.0,120824.3,121016.2,0.0
2025-08-26 23:59:00,Albany,ULSD,ALB-ULSD-1,150000.0,7500.0,116164.0,116321.6,0.0
2025-08-26 23:59:00,Providence,ULSD,PRO-ULSD-1,500000.0,25000.0,320427.9,321098.4,0.0
2025-08-27 23:59:00,Providence,ULSHO,PRO-ULSHO-1,150000.0,7500.0,29671.0,30192.1,0.0
2025-08-27 23:59:00,Providence,ULSD,PRO-ULSD-1,500000.0,25000.0,305312.9,304793.6,0.0
2025-08-27 23:59:00,Albany,ULSD,ALB-ULSD-1,150000.0,7500.0,116164.0,116284.8,0.0
2025-08-27 23:59:00,Linden,ULSD,LIN-ULSD-1,505000.0,25200.0,429250.0,429869.3,392952.3
2025-08-27 23:59:00,Linden,ULSHO,LIN-ULSHO-1,231000.0,11600.0,120824.3,121552.6,0.0
2025-08-27 23:59:00,Linden,RBOB,LIN-RBOB-1,150000.0,7500.0,56580.5,56363.6,0.0
2025-08-27 23:59:00,Albany,RBOB,ALB-RBOB-1,150000.0,7500.0,115283.9,115370.3,0.0
2025-08-27 23:59:00,Providence,RBOB,PRO-RBOB-1,150000.0,7500.0,127500.0,127164.4,120661.5
2025-08-28 23:59:00,Albany,RBOB,ALB-RBOB-1,150000.0,7500.0,107497.3,107553.0,0.0
2025-08-28 23:59:00,Providence,RBOB,PRO-RBOB-1,150000.0,7500.0,127500.0,127266.3,0.0
2025-08-28 23:59:00,Providence,ULSD,PRO-ULSD-1,500000.0,25000.0,299333.2,299640.4,0.0
2025-08-28 23:59:00,Albany,ULSD,ALB-ULSD-1,150000.0,7500.0,116164.0,115860.2,0.0
2025-08-28 23:59:00,Linden,RBOB,LIN-RBOB-1,150000.0,7500.0,56580.5,56901.1,0.0
2025-08-28 23:59:00,Linden,ULSD,LIN-ULSD-1,505000.0,25200.0,423722.2,424615.7,0.0
2025-08-28 23:59:00,Providence,ULSHO,PRO-ULSHO-1,150000.0,7500.0,29671.0,29546.5,0.0
2025-08-28 23:59:00,Linden,ULSHO,LIN-ULSHO-1,231000.0,11600.0,112635.0,111955.2,0.0
2025-08-29 23:59:00,Linden,RBOB,LIN-RBOB-1,150000.0,7500.0,56580.5,56729.7,0.0
2025-08-29 23:59:00,Providence,ULSHO,PRO-ULSHO-1,150000.0,7500.0,29671.0,29593.7,0.0
2025-08-29 23:59:00,Albany,ULSD,ALB-ULSD-1,150000.0,7500.0,116164.0,116225.2,0.0
2025-08-29 23:59:00,Albany,RBOB,ALB-RBOB-1,150000.0,7500.0,102793.3,102869.9,0.0
2025-08-29 23:59:00,Providence,RBOB,PRO-RBOB-1,150000.0,7500.0,127500.0,127187.3,0.0
2025-08-29 23:59:00,Linden,ULSHO,LIN-ULSHO-1,231000.0,11600.0,112635.0,113203.9,0.0
2025-08-29 23:59:00,Linden,ULSD,LIN-ULSD-1,505000.0,25200.0,417175.6,417843.0,0.0
2025-08-29 23:59:00,Providence,ULSD,PRO-ULSD-1,500000.0,25000.0,287186.8,286220.4,0.0
2025-08-30 23:59:00,Providence,ULSD,PRO-ULSD-1,500000.0,25000.0,271335.3,270808.6,0.0
2025-08-30 23:59:00,Albany,ULSD,ALB-ULSD-1,150000.0,7500.0,116164.0,115331.6,0.0
2025-08-30 23:59:00,Providence,ULSHO,PRO-ULSHO-1,150000.0,7500.0,25297.4,25538.5,0.0
2025-08-30 23:59:00,Providence,RBOB,PRO-RBOB-1,150000.0,7500.0,127500.0,127478.3,0.0
2025-08-30 23:59:00,Albany,RBOB,ALB-RBOB-1,150000.0,7500.0,102793.3,102909.1,0.0
2025-08-30 23:59:00,Linden,ULSHO,LIN-ULSHO-1,231000.0,11600.0,112635.0,113063.5,0.0
2025-08-30 23:59:00,Linden,ULSD,LIN-ULSD-1,505000.0,25200.0,417175.6,417545.3,0.0
2025-08-30 23:59:00,Linden,RBOB,LIN-RBOB-1,150000.0,7500.0,49343.1,48944.2,0.0
2025-08-31 23:59:00,Providence,ULSD,PRO-ULSD-1,500000.0,25000.0,164710.2,165487.2,0.0
2025-08-31 23:59:00,Linden,ULSD,LIN-ULSD-1,505000.0,25200.0,402995.2,403580.0,0.0
2025-08-31 23:59:00,Linden,ULSHO,LIN-ULSHO-1,231000.0,11600.0,112635.0,112947.3,0.0
2025-08-31 23:59:00,Providence,ULSHO,PRO-ULSHO-1,150000.0,7500.0,25297.4,24820.2,0.0
2025-08-31 23:59:00,Albany,ULSD,ALB-ULSD-1,150000.0,7500.0,116164.0,116169.7,0.0
2025-08-31 23:59:00,Linden,RBOB,LIN-RBOB-1,150000.0,7500.0,45001.9,44985.0,0.0
2025-08-31 23:59:00,Albany,RBOB,ALB-RBOB-1,150000.0,7500.0,102793.3,102412.3,0.0
2025-08-31 23:59:00,Providence,RBOB,PRO-RBOB-1,150000.0,7500.0,119047.7,119172.7,0.0
2025-09-01 23:59:00,Linden,RBOB,LIN-RBOB-1,150000.0,7500.0,41297.6,41579.5,0.0
2025-09-01 23:59:00,Providence,ULSD,PRO-ULSD-1,500000.0,25000.0,164710.2,165251.1,0.0
2025-09-01 23:59:00,Providence,ULSHO,PRO-ULSHO-1,150000.0,7500.0,25297.4,24750.3,0.0
2025-09-01 23:59:00,Linden,ULSD,LIN-ULSD-1,505000.0,25200.0,395928.6,396281.5,0.0
2025-09-01 23:59:00,Albany,ULSD,ALB-ULSD-1,150000.0,7500.0,104285.9,104258.9,0.0
2025-09-01 23:59:00,Providence,RBOB,PRO-RBOB-1,150000.0,7500.0,119047.7,119023.2,0.0
2025-09-01 23:59:00,Linden,ULSHO,LIN-ULSHO-1,231000.0,11600.0,112635.0,112525.8,0.0
2025-09-01 23:59:00,Albany,RBOB,ALB-RBOB-1,150000.0,7500.0,102793.3,102438.6,0.0
2025-09-02 23:59:00,Providence,RBOB,PRO-RBOB-1,150000.0,7500.0,119047.7,119390.8,0.0
2025-09-02 23:59:00,Linden,RBOB,LIN-RBOB-1,150000.0,7500.0,41297.6,40950.2,0.0
2025-09-02 23:59:00,Albany,RBOB,ALB-RBOB-1,150000.0,7500.0,102793.3,103053.6,0.0
2025-09-02 23:59:00,Providence,ULSD,PRO-ULSD-1,500000.0,25000.0,132555.4,134805.3,0.0
2025-09-02 23:59:00,Providence,ULSHO,PRO-ULSHO-1,150000.0,7500.0,25297.4,25003.4,0.0
2025-09-02 23:59:00,Linden,ULSHO,LIN-ULSHO-1,231000.0,11600.0,112635.0,112477.5,0.0
2025-09-02 23:59:00,Albany,ULSD,ALB-ULSD-1,150000.0,7500.0,104285.9,104530.0,0.0
2025-09-02 23:59:00,Linden,ULSD,LIN-ULSD-1,505000.0,25200.0,389657.7,389752.6,0.0
2025-09-03 23:59:00,Providence,RBOB,PRO-RBOB-1,150000.0,7500.0,110518.6,110776.7,0.0
2025-09-03 23:59:00,Providence,ULSD,PRO-ULSD-1,500000.0,25000.0,132555.4,133289.5,0.0
2025-09-03 23:59:00,Providence,ULSHO,PRO-ULSHO-1,150000.0,7500.0,25297.4,25854.8,0.0
2025-09-03 23:59:00,Linden,ULSHO,LIN-ULSHO-1,231000.0,11600.0,101967.8,102404.0,0.0
2025-09-03 23:59:00,Albany,ULSD,ALB-ULSD-1,150000.0,7500.0,104285.9,104391.8,0.0
2025-09-03 23:59:00,Albany,RBOB,ALB-RBOB-1,150000.0,7500.0,102793.3,102530.2,0.0
2025-09-03 23:59:00,Linden,RBOB,LIN-RBOB-1,150000.0,7500.0,30485.0,30410.5,0.0
2025-09-03 23:59:00,Linden,ULSD,LIN-ULSD-1,505000.0,25200.0,389657.7,388397.9,0.0
2025-09-04 23:59:00,Linden,ULSHO,LIN-ULSHO-1,231000.0,11600.0,101967.8,101801.1,0.0
2025-09-04 23:59:00,Providence,ULSHO,PRO-ULSHO-1,150000.0,7500.0,21236.6,20852.3,0.0
2025-09-04 23:59:00,Albany,RBOB,ALB-RBOB-1,150000.0,7500.0,95034.5,95100.8,0.0
2025-09-04 23:59:00,Linden,RBOB,LIN-RBOB-1,150000.0,7500.0,27659.3,28060.6,0.0
2025-09-04 23:59:00,Albany,ULSD,ALB-ULSD-1,150000.0,7500.0,104285.9,104041.2,0.0
2025-09-04 23:59:00,Linden,ULSD,LIN-ULSD-1,505000.0,25200.0,383824.1,383952.3,0.0
2025-09-04 23:59:00,Providence,ULSD,PRO-ULSD-1,500000.0,25000.0,132555.4,133993.9,0.0
2025-09-04 23:59:00,Providence,RBOB,PRO-RBOB-1,150000.0,7500.0,110518.6,110659.1,0.0
2025-09-05 23:59:00,Providence,RBOB,PRO-RBOB-1,150000.0,7500.0,110518.6,110770.9,0.0
2025-09-05 23:59:00,Albany,RBOB,ALB-RBOB-1,150000.0,7500.0,89482.0,89840.6,0.0
2025-09-05 23:59:00,Providence,ULSD,PRO-ULSD-1,500000.0,25000.0,111105.7,111502.2,0.0
2025-09-05 23:59:00,Linden,RBOB,LIN-RBOB-1,150000.0,7500.0,27659.3,27755.2,0.0
2025-09-05 23:59:00,Linden,ULSD,LIN-ULSD-1,505000.0,25200.0,383824.1,384197.4,0.0
2025-09-05 23:59:00,Albany,ULSD,ALB-ULSD-1,150000.0,7500.0,104285.9,104257.5,0.0
2025-09-05 23:59:00,Providence,ULSHO,PRO-ULSHO-1,150000.0,7500.0,21236.6,21090.3,0.0
2025-09-05 23:59:00,Linden,ULSHO,LIN-ULSHO-1,231000.0,11600.0,90254.5,89805.6,0.0
2025-09-06 23:59:00,Providence,ULSD,PRO-ULSD-1,500000.0,25000.0,104311.3,104280.2,0.0
2025-09-06 23:59:00,Linden,RBOB,LIN-RBOB-1,150000.0,7500.0,27659.3,27840.4,0.0
2025-09-06 23:59:00,Providence,ULSHO,PRO-ULSHO-1,150000.0,7500.0,21236.6,21314.5,0.0
2025-09-06 23:59:00,Albany,RBOB,ALB-RBOB-1,150000.0,7500.0,89482.0,89563.8,0.0
2025-09-06 23:59:00,Linden,ULSHO,LIN-ULSHO-1,231000.0,11600.0,90254.5,90015.8,0.0
2025-09-06 23:59:00,Linden,ULSD,LIN-ULSD-1,505000.0,25200.0,375881.0,375478.3,0.0
2025-09-06 23:59:00,Albany,ULSD,ALB-ULSD-1,150000.0,7500.0,104285.9,104006.1,0.0
2025-09-06 23:59:00,Providence,RBOB,PRO-RBOB-1,150000.0,7500.0,102176.1,102039.7,0.0
2025-09-07 23:59:00,Providence,ULSHO,PRO-ULSHO-1,150000.0,7500.0,21236.6,20854.0,0.0
2025-09-07 23:59:00,Linden,ULSHO,LIN-ULSHO-1,231000.0,11600.0,90254.5,90330.9,0.0
2025-09-07 23:59:00,Providence,RBOB,PRO-RBOB-1,150000.0,7500.0,94353.4,94408.3,0.0
2025-09-07 23:59:00,Albany,RBOB,ALB-RBOB-1,150000.0,7500.0,89482.0,89229.2,0.0
2025-09-07 23:59:00,Linden,RBOB,LIN-RBOB-1,150000.0,7500.0,20833.7,20628.8,0.0
2025-09-07 23:59:00,Linden,ULSD,LIN-ULSD-1,505000.0,25200.0,362888.0,363561.6,0.0
2025-09-07 23:59:00,Providence,ULSD,PRO-ULSD-1,500000.0,25000.0,98808.6,98688.7,0.0
2025-09-07 23:59:00,Albany,ULSD,ALB-ULSD-1,150000.0,7500.0,95669.4,95563.2,0.0
2025-09-08 23:59:00,Linden,ULSD,LIN-ULSD-1,505000.0,25200.0,362888.0,362910.6,0.0
2025-09-08 23:59:00,Albany,RBOB,ALB-RBOB-1,150000.0,7500.0,89482.0,89514.3,0.0
2025-09-08 23:59:00,Providence,ULSHO,PRO-ULSHO-1,150000.0,7500.0,21236.6,21027.9,0.0
2025-09-08 23:59:00,Albany,ULSD,ALB-ULSD-1,150000.0,7500.0,95669.4,95502.8,0.0
2025-09-08 23:59:00,Providence,ULSD,PRO-ULSD-1,500000.0,25000.0,81981.0,82086.5,0.0
2025-09-08 23:59:00,Linden,RBOB,LIN-RBOB-1,150000.0,7500.0,17941.8,18295.2,0.0
2025-09-08 23:59:00,Providence,RBOB,PRO-RBOB-1,150000.0,7500.0,94353.4,94670.4,0.0
2025-09-08 23:59:00,Linden,ULSHO,LIN-ULSHO-1,231000.0,11600.0,72582.6,72527.0,0.0
2025-09-09 23:59:00,Linden,ULSD,LIN-ULSD-1,505000.0,25200.0,362888.0,362042.0,0.0
2025-09-09 23:59:00,Linden,ULSHO,LIN-ULSHO-1,231000.0,11600.0,72582.6,72502.6,0.0
2025-09-09 23:59:00,Providence,RBOB,PRO-RBOB-1,150000.0,7500.0,78743.2,78587.9,0.0
2025-09-09 23:59:00,Providence,ULSHO,PRO-ULSHO-1,150000.0,7500.0,12921.6,12866.8,0.0
2025-09-09 23:59:00,Albany,ULSD,ALB-ULSD-1,150000.0,7500.0,95669.4,96322.9,0.0
2025-09-09 23:59:00,Linden,RBOB,LIN-RBOB-1,150000.0,7500.0,17941.8,18073.6,0.0
2025-09-09 23:59:00,Albany,RBOB,ALB-RBOB-1,150000.0,7500.0,89482.0,89478.3,0.0
2025-09-09 23:59:00,Providence,ULSD,PRO-ULSD-1,500000.0,25000.0,73941.1,74526.0,0.0
2025-09-10 23:59:00,Linden,RBOB,LIN-RBOB-1,150000.0,7500.0,13125.5,13437.8,0.0
2025-09-10 23:59:00,Albany,RBOB,ALB-RBOB-1,150000.0,7500.0,85120.5,85103.7,0.0
2025-09-10 23:59:00,Linden,ULSD,LIN-ULSD-1,505000.0,25200.0,349996.3,350780.6,0.0
2025-09-10 23:59:00,Linden,ULSHO,LIN-ULSHO-1,231000.0,11600.0,66405.1,66420.9,0.0
2025-09-10 23:59:00,Providence,RBOB,PRO-RBOB-1,150000.0,7500.0,70776.1,70987.7,0.0
2025-09-10 23:59:00,Providence,ULSHO,PRO-ULSHO-1,150000.0,7500.0,12921.6,13242.1,0.0
2025-09-10 23:59:00,Albany,ULSD,ALB-ULSD-1,150000.0,7500.0,87137.9,86955.9,0.0
2025-09-10 23:59:00,Providence,ULSD,PRO-ULSD-1,500000.0,25000.0,67698.7,69480.3,0.0
2025-09-11 23:59:00,Linden,ULSHO,LIN-ULSHO-1,231000.0,11600.0,66405.1,67083.1,0.0
2025-09-11 23:59:00,Albany,ULSD,ALB-ULSD-1,150000.0,7500.0,87137.9,87003.5,0.0
2025-09-11 23:59:00,Albany,RBOB,ALB-RBOB-1,150000.0,7500.0,85120.5,85248.6,0.0
2025-09-11 23:59:00,Providence,ULSHO,PRO-ULSHO-1,150000.0,7500.0,12921.6,12771.9,0.0
2025-09-11 23:59:00,Linden,RBOB,LIN-RBOB-1,150000.0,7500.0,13125.5,12923.8,0.0
2025-09-11 23:59:00,Providence,ULSD,PRO-ULSD-1,500000.0,25000.0,61089.9,61237.7,0.0
2025-09-11 23:59:00,Providence,RBOB,PRO-RBOB-1,150000.0,7500.0,70776.1,71165.0,0.0
2025-09-11 23:59:00,Linden,ULSD,LIN-ULSD-1,505000.0,25200.0,349996.3,349353.9,0.0
2025-09-12 23:59:00,Linden,RBOB,LIN-RBOB-1,150000.0,7500.0,127500.0,127390.2,117287.8
2025-09-12 23:59:00,Providence,ULSHO,PRO-ULSHO-1,150000.0,7500.0,12921.6,13194.3,0.0
2025-09-12 23:59:00,Providence,RBOB,PRO-RBOB-1,150000.0,7500.0,61525.0,61735.0,0.0
2025-09-12 23:59:00,Linden,ULSHO,LIN-ULSHO-1,231000.0,11600.0,54713.1,54844.6,0.0
2025-09-12 23:59:00,Linden,ULSD,LIN-ULSD-1,505000.0,25200.0,340347.9,340642.6,0.0
2025-09-12 23:59:00,Providence,ULSD,PRO-ULSD-1,500000.0,25000.0,52121.5,51445.0,0.0
2025-09-12 23:59:00,Albany,ULSD,ALB-ULSD-1,150000.0,7500.0,78925.9,78932.8,0.0
2025-09-12 23:59:00,Albany,RBOB,ALB-RBOB-1,150000.0,7500.0,85120.5,84987.3,0.0
2025-09-13 23:59:00,Albany,ULSD,ALB-ULSD-1,150000.0,7500.0,78925.9,79354.5,0.0
2025-09-13 23:59:00,Albany,RBOB,ALB-RBOB-1,150000.0,7500.0,85120.5,85208.0,0.0
2025-09-13 23:59:00,Linden,ULSHO,LIN-ULSHO-1,231000.0,11600.0,54713.1,54866.2,0.0
2025-09-13 23:59:00,Linden,RBOB,LIN-RBOB-1,150000.0,7500.0,127500.0,127305.9,0.0
2025-09-13 23:59:00,Providence,ULSHO,PRO-ULSHO-1,150000.0,7500.0,12921.6,12804.4,0.0
2025-09-13 23:59:00,Linden,ULSD,LIN-ULSD-1,505000.0,25200.0,332929.1,332104.9,0.0
2025-09-13 23:59:00,Providence,RBOB,PRO-RBOB-1,150000.0,7500.0,53750.6,54307.6,0.0
2025-09-13 23:59:00,Providence,ULSD,PRO-ULSD-1,500000.0,25000.0,425000.0,425137.5,391076.2
2025-09-14 23:59:00,Providence,ULSHO,PRO-ULSHO-1,150000.0,7500.0,12921.6,12996.1,0.0
2025-09-14 23:59:00,Albany,ULSD,ALB-ULSD-1,150000.0,7500.0,78925.9,78675.7,0.0
2025-09-14 23:59:00,Providence,RBOB,PRO-RBOB-1,150000.0,7500.0,53750.6,53664.2,0.0
2025-09-14 23:59:00,Albany,RBOB,ALB-RBOB-1,150000.0,7500.0,85120.5,85421.6,0.0
2025-09-14 23:59:00,Linden,RBOB,LIN-RBOB-1,150000.0,7500.0,127500.0,127591.6,0.0
2025-09-14 23:59:00,Providence,ULSD,PRO-ULSD-1,500000.0,25000.0,419861.3,418633.5,0.0
2025-09-14 23:59:00,Linden,ULSHO,LIN-ULSHO-1,231000.0,11600.0,54713.1,54357.4,0.0
2025-09-14 23:59:00,Linden,ULSD,LIN-ULSD-1,505000.0,25200.0,328273.0,327330.6,0.0
2025-09-15 23:59:00,Linden,RBOB,LIN-RBOB-1,150000.0,7500.0,117407.7,117208.1,0.0
2025-09-15 23:59:00,Providence,RBOB,PRO-RBOB-1,150000.0,7500.0,53750.6,53755.1,0.0
2025-09-15 23:59:00,Albany,RBOB,ALB-RBOB-1,150000.0,7500.0,85120.5,85052.1,0.0
2025-09-15 23:59:00,Linden,ULSHO,LIN-ULSHO-1,231000.0,11600.0,45762.7,45592.0,0.0
2025-09-15 23:59:00,Providence,ULSHO,PRO-ULSHO-1,150000.0,7500.0,127500.0,127670.1,118557.1
2025-09-15 23:59:00,Linden,ULSD,LIN-ULSD-1,505000.0,25200.0,328273.0,328634.8,0.0
2025-09-15 23:59:00,Providence,ULSD,PRO-ULSD-1,500000.0,25000.0,414022.7,414410.1,0.0
2025-09-15 23:59:00,Albany,ULSD,ALB-ULSD-1,150000.0,7500.0,73659.7,73936.5,0.0
2025-09-16 23:59:00,Linden,RBOB,LIN-RBOB-1,150000.0,7500.0,117407.7,117435.0,0.0
2025-09-16 23:59:00,Linden,ULSD,LIN-ULSD-1,505000.0,25200.0,314244.1,313755.7,0.0
2025-09-16 23:59:00,Providence,ULSD,PRO-ULSD-1,500000.0,25000.0,406543.9,404680.9,0.0
2025-09-16 23:59:00,Linden,ULSHO,LIN-ULSHO-1,231000.0,11600.0,35878.2,36240.8,0.0
2025-09-16 23:59:00,Providence,ULSHO,PRO-ULSHO-1,150000.0,7500.0,127500.0,127247.6,0.0
2025-09-16 23:59:00,Providence,RBOB,PRO-RBOB-1,150000.0,7500.0,40875.2,40693.4,0.0
2025-09-16 23:59:00,Albany,ULSD,ALB-ULSD-1,150000.0,7500.0,65034.9,65237.0,0.0
2025-09-16 23:59:00,Albany,RBOB,ALB-RBOB-1,150000.0,7500.0,85120.5,85250.6,0.0
2025-09-17 23:59:00,Providence,ULSHO,PRO-ULSHO-1,150000.0,7500.0,127500.0,127600.5,0.0
2025-09-17 23:59:00,Providence,RBOB,PRO-RBOB-1,150000.0,7500.0,31213.5,31496.1,0.0
2025-09-17 23:59:00,Linden,ULSHO,LIN-ULSHO-1,231000.0,11600.0,27481.8,27648.7,0.0
2025-09-17 23:59:00,Albany,ULSD,ALB-ULSD-1,150000.0,7500.0,65034.9,64823.0,0.0
2025-09-17 23:59:00,Linden,RBOB,LIN-RBOB-1,150000.0,7500.0,108759.9,109101.0,0.0
2025-09-17 23:59:00,Providence,ULSD,PRO-ULSD-1,500000.0,25000.0,385767.0,384150.9,0.0
2025-09-17 23:59:00,Linden,ULSD,LIN-ULSD-1,505000.0,25200.0,308987.5,308657.8,0.0
2025-09-17 23:59:00,Albany,RBOB,ALB-RBOB-1,150000.0,7500.0,85120.5,85460.9,0.0
2025-09-18 23:59:00,Linden,ULSD,LIN-ULSD-1,505000.0,25200.0,308987.5,308716.8,0.0
2025-09-18 23:59:00,Providence,ULSD,PRO-ULSD-1,500000.0,25000.0,385767.0,386148.0,0.0
2025-09-18 23:59:00,Providence,ULSHO,PRO-ULSHO-1,150000.0,7500.0,127500.0,127679.2,0.0
2025-09-18 23:59:00,Providence,RBOB,PRO-RBOB-1,150000.0,7500.0,31213.5,31278.8,0.0
2025-09-18 23:59:00,Albany,ULSD,ALB-ULSD-1,150000.0,7500.0,59644.9,59540.3,0.0
2025-09-18 23:59:00,Albany,RBOB,ALB-RBOB-1,150000.0,7500.0,85120.5,85252.7,0.0
2025-09-18 23:59:00,Linden,RBOB,LIN-RBOB-1,150000.0,7500.0,108759.9,108953.4,0.0
2025-09-18 23:59:00,Linden,ULSHO,LIN-ULSHO-1,231000.0,11600.0,27481.8,27681.5,0.0
2025-09-19 23:59:00,Linden,ULSD,LIN-ULSD-1,505000.0,25200.0,296931.5,297127.0,0.0
2025-09-19 23:59:00,Linden,ULSHO,LIN-ULSHO-1,231000.0,11600.0,27481.8,27399.6,0.0
2025-09-19 23:59:00,Albany,ULSD,ALB-ULSD-1,150000.0,7500.0,51446.6,51879.5,0.0
2025-09-19 23:59:00,Providence,RBOB,PRO-RBOB-1,150000.0,7500.0,31213.5,31233.9,0.0
2025-09-19 23:59:00,Providence,ULSHO,PRO-ULSHO-1,150000.0,7500.0,119041.3,119407.3,0.0
2025-09-19 23:59:00,Albany,RBOB,ALB-RBOB-1,150000.0,7500.0,85120.5,85028.2,0.0
2025-09-19 23:59:00,Linden,RBOB,LIN-RBOB-1,150000.0,7500.0,108759.9,108632.6,0.0
2025-09-19 23:59:00,Providence,ULSD,PRO-ULSD-1,500000.0,25000.0,377538.0,378043.4,0.0
