Account,Invoice Date,Due Date,Paid Date,Amount,Credit Limit
C005,2025-04-23,2025-05-03,2025-05-04,17018.24,495200.0
C024,2025-04-23,2025-05-08,2025-05-06,14878.98,351000.0
C008,2025-04-23,2025-05-03,2025-05-03,13051.09,516700.0
C009,2025-04-24,2025-05-24,2025-05-24,18395.59,631300.0
C001,2025-04-24,2025-05-04,2025-05-02,18047.94,334000.0
C018,2025-04-24,2025-05-04,2025-05-06,10354.4,128100.0
C006,2025-04-24,2025-05-24,2025-05-21,19993.61,416600.0
C023,2025-04-24,2025-05-09,2025-05-07,14478.81,275500.0
C013,2025-04-24,2025-05-24,2025-05-24,27532.04,836500.0
C021,2025-04-25,2025-05-10,2025-05-09,14511.27,296800.0
C004,2025-04-25,2025-05-10,2025-05-07,18325.91,320000.0
C016,2025-04-25,2025-05-10,2025-05-21,29523.84,167900.0
C012,2025-04-25,2025-05-25,2025-05-28,33800.13,1320700.0
C003,2025-04-26,2025-05-11,2025-05-11,22978.42,611900.0
C022,2025-04-26,2025-05-06,2025-05-03,6857.21,181500.0
C011,2025-04-26,2025-05-26,2025-05-24,33389.7,747100.0
C024,2025-04-26,2025-05-11,2025-05-12,15660.95,351000.0
C010,2025-04-26,2025-05-11,2025-05-10,29529.04,1222000.0
C023,2025-04-27,2025-05-12,2025-05-14,12869.46,275500.0
C012,2025-04-27,2025-05-27,2025-05-30,35109.56,1320700.0
C007,2025-04-27,2025-05-12,2025-05-14,18588.37,493000.0
C008,2025-04-27,2025-05-07,2025-05-08,17881.19,516700.0
C006,2025-04-27,2025-05-27,2025-05-28,20014.18,416600.0
C005,2025-04-27,2025-05-07,2025-05-03,18330.41,495200.0
C013,2025-04-28,2025-05-28,2025-05-29,28689.81,836500.0
C010,2025-04-28,2025-05-13,2025-05-14,28778.9,1222000.0
C001,2025-04-28,2025-05-08,2025-05-07,15408.67,334000.0
C009,2025-04-28,2025-05-28,2025-05-29,21160.61,631300.0
C004,2025-04-28,2025-05-13,2025-05-10,18004.85,320000.0
C002,2025-04-28,2025-05-13,2025-05-12,12818.23,369600.0
C022,2025-04-29,2025-05-09,2025-05-07,5875.43,181500.0
C009,2025-04-29,2025-05-29,2025-05-25,24875.67,631300.0
C021,2025-04-29,2025-05-14,2025-05-12,12732.8,296800.0
C005,2025-04-30,2025-05-10,2025-05-14,20174.04,495200.0
C007,2025-04-30,2025-05-15,2025-05-14,15974.87,493000.0
C003,2025-04-30,2025-05-15,2025-05-15,17057.14,611900.0
C024,2025-04-30,2025-05-15,2025-05-11,17237.48,351000.0
C008,2025-04-30,2025-05-10,2025-05-10,15299.94,516700.0
C011,2025-05-01,2025-05-31,2025-05-28,22027.82,747100.0
C023,2025-05-01,2025-05-16,2025-05-15,17871.84,275500.0
C010,2025-05-01,2025-05-16,2025-05-18,24310.33,1222000.0
C012,2025-05-01,2025-05-31,2025-06-02,33382.97,1320700.0
C024,2025-05-01,2025-05-16,2025-05-11,16982.63,351000.0
C006,2025-05-01,2025-05-31,2025-05-28,19276.05,416600.0
C002,2025-05-01,2025-05-16,2025-05-12,16784.74,369600.0
C001,2025-05-01,2025-05-11,2025-05-10,20010.21,334000.0
C007,2025-05-02,2025-05-17,2025-05-18,23308.18,493000.0
C022,2025-05-02,2025-05-12,2025-05-12,7788.41,181500.0
C014,2025-05-02,2025-05-12,2025-05-25,46438.0,174500.0
C004,2025-05-02,2025-05-17,2025-05-17,12114.84,320000.0
C013,2025-05-02,2025-06-01,2025-05-30,21271.81,836500.0
C021,2025-05-03,2025-05-18,2025-05-17,12637.83,296800.0
C018,2025-05-03,2025-05-13,2025-05-10,24637.26,128100.0
C012,2025-05-03,2025-06-02,2025-06-05,20843.62,1320700.0
C005,2025-05-03,2025-05-13,2025-05-16,19773.24,495200.0
C019,2025-05-04,2025-06-03,2025-06-02,284771.62,1854300.0
C009,2025-05-04,2025-06-03,2025-06-05,23838.89,631300.0
C015,2025-05-04,2025-05-14,2025-05-27,20255.38,173700.0
C011,2025-05-04,2025-06-03,2025-05-31,23721.73,747100.0
C003,2025-05-04,2025-05-19,2025-05-14,24268.15,611900.0
C008,2025-05-04,2025-05-14,2025-05-13,14728.86,516700.0
C006,2025-05-04,2025-06-03,2025-06-03,15921.43,416600.0
C024,2025-05-05,2025-05-20,2025-05-19,14787.23,351000.0
C007,2025-05-05,2025-05-20,2025-05-19,14849.41,493000.0
C022,2025-05-05,2025-05-15,2025-05-14,4256.3,181500.0
C013,2025-05-05,2025-06-04,2025-05-31,21202.83,836500.0
C001,2025-05-05,2025-05-15,2025-05-15,21390.84,334000.0
C010,2025-05-05,2025-05-20,2025-05-21,23236.85,1222000.0
C011,2025-05-05,2025-06-04,2025-06-05,37806.84,747100.0
C017,2025-05-05,2025-05-15,2025-05-30,35203.92,129900.0
C004,2025-05-05,2025-05-20,2025-05-17,13049.46,320000.0
C002,2025-05-05,2025-05-20,2025-05-23,18246.89,369600.0
C003,2025-05-06,2025-05-21,2025-05-23,19583.34,611900.0
C021,2025-05-06,2025-05-21,2025-05-22,11539.43,296800.0
C024,2025-05-06,2025-05-21,2025-05-20,13543.6,351000.0
C023,2025-05-06,2025-05-21,2025-05-19,15049.74,275500.0
C009,2025-05-06,2025-06-05,2025-06-05,18270.1,631300.0
C012,2025-05-07,2025-06-06,2025-06-04,29518.02,1320700.0
C020,2025-05-07,2025-06-06,2025-06-06,360937.51,1469900.0
C013,2025-05-08,2025-06-07,2025-06-05,22157.31,836500.0
C023,2025-05-08,2025-05-23,2025-05-21,9770.4,275500.0
C024,2025-05-08,2025-05-23,2025-05-24,12550.71,351000.0
C005,2025-05-08,2025-05-18,2025-05-15,20941.79,495200.0
C021,2025-05-08,2025-05-23,2025-05-24,12981.04,296800.0
C012,2025-05-08,2025-06-07,2025-06-06,22224.85,1320700.0
C008,2025-05-08,2025-05-18,2025-05-14,16981.85,516700.0
C014,2025-05-09,2025-05-19,2025-05-30,42974.24,174500.0
C006,2025-05-09,2025-06-08,2025-06-06,18317.38,416600.0
C003,2025-05-09,2025-05-24,2025-05-25,21021.41,611900.0
C010,2025-05-09,2025-05-24,2025-05-22,26282.76,1222000.0
C004,2025-05-09,2025-05-24,2025-05-27,16934.51,320000.0
C022,2025-05-09,2025-05-19,2025-05-14,5761.87,181500.0
C011,2025-05-09,2025-06-08,2025-06-10,35644.4,747100.0
C002,2025-05-10,2025-05-25,2025-05-26,15382.89,369600.0
C008,2025-05-10,2025-05-20,2025-05-15,15262.22,516700.0
C007,2025-05-10,2025-05-25,2025-05-23,14721.94,493000.0
C022,2025-05-10,2025-05-20,2025-05-22,7180.09,181500.0
C001,2025-05-10,2025-05-20,2025-05-16,19773.58,334000.0
C005,2025-05-11,2025-05-21,2025-05-17,17722.3,495200.0
C012,2025-05-11,2025-06-10,2025-06-08,24546.86,1320700.0
C009,2025-05-11,2025-06-10,2025-06-11,17595.56,631300.0
C006,2025-05-11,2025-06-10,2025-06-08,16762.49,416600.0
C004,2025-05-11,2025-05-26,2025-05-26,15657.76,320000.0
C016,2025-05-11,2025-05-26,2025-06-12,26287.86,167900.0
C010,2025-05-12,2025-05-27,2025-05-26,21700.63,1222000.0
C015,2025-05-12,2025-05-22,2025-06-22,13584.46,173700.0
C013,2025-05-12,2025-06-11,2025-06-10,29810.21,836500.0
C021,2025-05-12,2025-05-27,2025-05-24,12773.98,296800.0
C024,2025-05-12,2025-05-27,2025-05-23,14307.44,351000.0
C023,2025-05-13,2025-05-28,2025-05-29,6677.69,275500.0
C007,2025-05-13,2025-05-28,2025-05-29,19131.7,493000.0
C008,2025-05-13,2025-05-23,2025-05-21,15803.83,516700.0
C001,2025-05-13,2025-05-23,2025-05-24,14246.61,334000.0
C018,2025-05-13,2025-05-23,2025-05-20,21491.94,128100.0
C009,2025-05-14,2025-06-13,2025-06-12,16658.6,631300.0
C012,2025-05-14,2025-06-13,2025-06-15,17989.44,1320700.0
C017,2025-05-14,2025-05-24,2025-06-27,25639.89,129900.0
C004,2025-05-14,2025-05-29,2025-05-29,14881.39,320000.0
C022,2025-05-14,2025-05-24,2025-05-23,7453.28,181500.0
C003,2025-05-14,2025-05-29,2025-05-28,16941.38,611900.0
C002,2025-05-14,2025-05-29,2025-05-30,11653.19,369600.0
C021,2025-05-14,2025-05-29,2025-05-28,12198.31,296800.0
C006,2025-05-15,2025-06-14,2025-06-12,13379.37,416600.0
C011,2025-05-15,2025-06-14,2025-06-14,28257.43,747100.0
C008,2025-05-15,2025-05-25,2025-05-24,15900.01,516700.0
C013,2025-05-16,2025-06-15,2025-06-12,15011.07,836500.0
C001,2025-05-16,2025-05-26,2025-05-23,20814.25,334000.0
C023,2025-05-16,2025-05-31,2025-06-02,12671.48,275500.0
C024,2025-05-16,2025-05-31,2025-05-29,15062.74,351000.0
C010,2025-05-16,2025-05-31,2025-06-01,13848.7,1222000.0
C005,2025-05-16,2025-05-26,2025-05-27,19405.34,495200.0
C009,2025-05-17,2025-06-16,2025-06-17,19935.37,631300.0
C007,2025-05-17,2025-06-01,2025-06-04,19157.99,493000.0
C014,2025-05-17,2025-05-27,2025-06-05,19667.81,174500.0
C010,2025-05-18,2025-06-02,2025-05-31,29527.49,1222000.0
C008,2025-05-18,2025-05-28,2025-05-27,13543.81,516700.0
C003,2025-05-18,2025-06-02,2025-05-31,14779.26,611900.0
C012,2025-05-18,2025-06-17,2025-06-18,18739.69,1320700.0
C004,2025-05-18,2025-06-02,2025-05-31,18396.77,320000.0
C024,2025-05-19,2025-06-03,2025-05-31,14120.09,351000.0
C012,2025-05-19,2025-06-18,2025-06-15,31974.73,1320700.0
C002,2025-05-19,2025-06-03,2025-05-30,13126.59,369600.0
C006,2025-05-19,2025-06-18,2025-06-17,17336.8,416600.0
C005,2025-05-19,2025-05-29,2025-05-26,20789.62,495200.0
C021,2025-05-19,2025-06-03,2025-06-05,12422.06,296800.0
C023,2025-05-20,2025-06-04,2025-05-31,15048.11,275500.0
C013,2025-05-20,2025-06-19,2025-06-19,17699.95,836500.0
C022,2025-05-20,2025-05-30,2025-05-26,5611.73,181500.0
C001,2025-05-20,2025-05-30,2025-05-29,19170.33,334000.0
C009,2025-05-20,2025-06-19,2025-06-16,14763.56,631300.0
C015,2025-05-20,2025-05-30,2025-06-13,20333.21,173700.0
C007,2025-05-21,2025-06-05,2025-06-07,17560.05,493000.0
C018,2025-05-21,2025-05-31,2025-06-01,27755.55,128100.0
C004,2025-05-21,2025-06-05,2025-05-30,15094.01,320000.0
C011,2025-05-21,2025-06-20,2025-06-22,13197.75,747100.0
C003,2025-05-21,2025-06-05,2025-06-05,22255.18,611900.0
C010,2025-05-21,2025-06-05,2025-06-08,23600.84,1222000.0
C001,2025-05-22,2025-06-01,2025-05-31,16697.24,334000.0
C002,2025-05-22,2025-06-06,2025-06-02,18467.34,369600.0
C023,2025-05-22,2025-06-06,2025-06-06,10174.42,275500.0
C012,2025-05-22,2025-06-21,2025-06-18,24040.64,1320700.0
C022,2025-05-22,2025-06-01,2025-06-03,5776.56,181500.0
C008,2025-05-22,2025-06-01,2025-06-04,13851.92,516700.0
C006,2025-05-22,2025-06-21,2025-06-22,14578.95,416600.0
C010,2025-05-22,2025-06-06,2025-06-04,19484.8,1222000.0
C003,2025-05-23,2025-06-07,2025-06-06,17940.47,611900.0
C016,2025-05-23,2025-06-07,2025-06-16,14751.07,167900.0
C024,2025-05-23,2025-06-07,2025-06-05,10811.3,351000.0
C009,2025-05-23,2025-06-22,2025-06-23,14456.0,631300.0
C021,2025-05-23,2025-06-07,2025-06-05,11972.39,296800.0
C008,2025-05-23,2025-06-02,2025-06-02,11952.81,516700.0
C014,2025-05-24,2025-06-03,2025-06-22,39366.62,174500.0
C017,2025-05-24,2025-06-03,2025-07-07,29758.85,129900.0
C021,2025-05-24,2025-06-08,2025-06-10,9112.22,296800.0
C005,2025-05-24,2025-06-03,2025-06-01,20085.77,495200.0
C004,2025-05-25,2025-06-09,2025-06-10,12114.84,320000.0
C013,2025-05-25,2025-06-24,2025-06-23,15347.13,836500.0
C022,2025-05-25,2025-06-04,2025-06-03,6225.16,181500.0
C002,2025-05-25,2025-06-09,2025-06-06,14428.5,369600.0
C012,2025-05-25,2025-06-24,2025-06-20,16893.65,1320700.0
C001,2025-05-26,2025-06-05,2025-06-03,17233.69,334000.0
C010,2025-05-26,2025-06-10,2025-06-12,17579.41,1222000.0
C006,2025-05-26,2025-06-25,2025-06-24,17454.66,416600.0
C015,2025-05-26,2025-06-05,2025-06-17,30235.7,173700.0
C021,2025-05-26,2025-06-10,2025-06-12,11104.08,296800.0
C024,2025-05-26,2025-06-10,2025-06-09,13078.95,351000.0
C007,2025-05-26,2025-06-10,2025-06-06,15082.89,493000.0
C011,2025-05-26,2025-06-25,2025-06-26,25832.26,747100.0
C008,2025-05-26,2025-06-05,2025-06-05,15952.59,516700.0
C018,2025-05-27,2025-06-06,2025-06-03,10891.95,128100.0
C005,2025-05-27,2025-06-06,2025-06-02,16923.07,495200.0
C024,2025-05-27,2025-06-11,2025-06-10,12405.54,351000.0
C023,2025-05-27,2025-06-11,2025-06-10,6771.89,275500.0
C022,2025-05-28,2025-06-07,2025-06-07,6898.09,181500.0
C004,2025-05-28,2025-06-12,2025-06-11,14399.11,320000.0
C003,2025-05-28,2025-06-12,2025-06-13,18945.51,611900.0
C009,2025-05-28,2025-06-27,2025-06-29,16912.84,631300.0
C011,2025-05-28,2025-06-27,2025-06-29,27407.61,747100.0
C012,2025-05-28,2025-06-27,2025-06-27,18987.56,1320700.0
C019,2025-05-29,2025-06-28,2025-06-28,158211.62,1854300.0
C013,2025-05-29,2025-06-28,2025-06-28,23118.97,836500.0
C024,2025-05-29,2025-06-13,2025-06-12,11136.66,351000.0
C010,2025-05-29,2025-06-13,2025-06-13,16736.57,1222000.0
C021,2025-05-29,2025-06-13,2025-06-09,13861.34,296800.0
C006,2025-05-29,2025-06-28,2025-06-30,17885.26,416600.0
C002,2025-05-30,2025-06-14,2025-06-16,14152.1,369600.0
C016,2025-05-30,2025-06-14,2025-07-16,45975.88,167900.0
C008,2025-05-30,2025-06-09,2025-06-03,12332.52,516700.0
C013,2025-05-30,2025-06-29,2025-06-28,17077.68,836500.0
C005,2025-05-30,2025-06-09,2025-06-04,22283.12,495200.0
C010,2025-05-30,2025-06-14,2025-06-13,15871.67,1222000.0
C007,2025-05-30,2025-06-14,2025-06-14,12136.09,493000.0
C006,2025-05-31,2025-06-30,2025-06-28,20195.26,416600.0
C004,2025-05-31,2025-06-15,2025-06-14,14272.57,320000.0
C003,2025-05-31,2025-06-15,2025-06-15,22259.48,611900.0
C023,2025-05-31,2025-06-15,2025-06-19,10400.86,275500.0
C001,2025-06-01,2025-06-11,2025-06-05,15014.94,334000.0
C012,2025-06-01,2025-07-01,2025-07-01,13828.39,1320700.0
C011,2025-06-01,2025-07-01,2025-07-05,16880.51,747100.0
C021,2025-06-01,2025-06-16,2025-06-16,13663.13,296800.0
C015,2025-06-01,2025-06-11,2025-06-20,18680.51,173700.0
C002,2025-06-02,2025-06-17,2025-06-12,12867.5,369600.0
C023,2025-06-02,2025-06-17,2025-06-13,9624.8,275500.0
C005,2025-06-02,2025-06-12,2025-06-12,18921.7,495200.0
C024,2025-06-02,2025-06-17,2025-06-16,15315.31,351000.0
C008,2025-06-02,2025-06-12,2025-06-11,16039.92,516700.0
C013,2025-06-03,2025-07-03,2025-07-05,19037.78,836500.0
C007,2025-06-03,2025-06-18,2025-06-18,17525.5,493000.0
C022,2025-06-03,2025-06-13,2025-06-12,6983.48,181500.0
C009,2025-06-03,2025-07-03,2025-07-04,12884.32,631300.0
C008,2025-06-04,2025-06-14,2025-06-12,12273.66,516700.0
C021,2025-06-04,2025-06-19,2025-06-16,13436.93,296800.0
C010,2025-06-04,2025-06-19,2025-06-19,20779.03,1222000.0
C001,2025-06-04,2025-06-14,2025-06-15,16400.31,334000.0
C004,2025-06-04,2025-06-19,2025-06-20,15272.66,320000.0
C006,2025-06-04,2025-07-04,2025-07-01,17812.09,416600.0
C009,2025-06-05,2025-07-05,2025-07-09,10658.15,631300.0
C023,2025-06-05,2025-06-20,2025-06-22,14778.13,275500.0
C003,2025-06-05,2025-06-20,2025-06-20,18055.31,611900.0
C011,2025-06-05,2025-07-05,2025-07-04,30673.72,747100.0
C012,2025-06-06,2025-07-06,2025-07-05,19265.54,1320700.0
C005,2025-06-06,2025-06-16,2025-06-16,18644.92,495200.0
C011,2025-06-06,2025-07-06,2025-07-05,18810.94,747100.0
C024,2025-06-06,2025-06-21,2025-06-21,16473.97,351000.0
C022,2025-06-06,2025-06-16,2025-06-16,6901.94,181500.0
C013,2025-06-07,2025-07-07,2025-07-03,22703.55,836500.0
C006,2025-06-07,2025-07-07,2025-07-07,20766.74,416600.0
C008,2025-06-07,2025-06-17,2025-06-15,15303.91,516700.0
C003,2025-06-07,2025-06-22,2025-06-24,26821.66,611900.0
C001,2025-06-08,2025-06-18,2025-06-13,16327.37,334000.0
C007,2025-06-08,2025-06-23,2025-06-26,21005.1,493000.0
C010,2025-06-08,2025-06-23,2025-06-21,14839.75,1222000.0
C016,2025-06-08,2025-06-23,2025-06-29,40009.15,167900.0
C002,2025-06-08,2025-06-23,2025-06-18,11082.61,369600.0
C017,2025-06-08,2025-06-18,2025-07-22,16870.86,129900.0
C012,2025-06-09,2025-07-09,2025-07-08,14477.63,1320700.0
C023,2025-06-09,2025-06-24,2025-06-24,9488.72,275500.0
C015,2025-06-09,2025-06-19,2025-07-08,20734.83,173700.0
C005,2025-06-09,2025-06-19,2025-06-16,20471.66,495200.0
C018,2025-06-10,2025-06-20,2025-06-21,29911.2,128100.0
C020,2025-06-10,2025-07-10,2025-07-09,403978.36,1469900.0
C024,2025-06-10,2025-06-25,2025-06-26,14794.18,351000.0
C004,2025-06-10,2025-06-25,2025-06-24,18480.92,320000.0
C022,2025-06-10,2025-06-20,2025-06-21,7762.43,181500.0
C013,2025-06-10,2025-07-10,2025-07-05,14761.58,836500.0
C021,2025-06-10,2025-06-25,2025-06-18,10783.17,296800.0
C010,2025-06-10,2025-06-25,2025-06-26,15778.08,1222000.0
C007,2025-06-11,2025-06-26,2025-06-23,12545.14,493000.0
C006,2025-06-11,2025-07-11,2025-07-11,18729.14,416600.0
C008,2025-06-11,2025-06-21,2025-06-23,15268.94,516700.0
C002,2025-06-12,2025-06-27,2025-06-26,16333.01,369600.0
C001,2025-06-12,2025-06-22,2025-06-20,14828.18,334000.0
C003,2025-06-12,2025-06-27,2025-06-26,19490.62,611900.0
C009,2025-06-12,2025-07-12,2025-07-10,12541.0,631300.0
C012,2025-06-12,2025-07-12,2025-07-09,21465.97,1320700.0
C021,2025-06-12,2025-06-27,2025-06-29,11196.64,296800.0
C014,2025-06-12,2025-06-22,2025-07-27,38142.11,174500.0
C022,2025-06-13,2025-06-23,2025-06-23,6610.07,181500.0
C005,2025-06-13,2025-06-23,2025-06-21,19651.06,495200.0
C024,2025-06-13,2025-06-28,2025-06-26,14352.75,351000.0
C013,2025-06-13,2025-07-13,2025-07-13,12731.16,836500.0
C010,2025-06-13,2025-06-28,2025-06-29,27617.44,1222000.0
C023,2025-06-13,2025-06-28,2025-06-27,12375.31,275500.0
C004,2025-06-14,2025-06-29,2025-06-29,13333.79,320000.0
C008,2025-06-14,2025-06-24,2025-06-24,14566.45,516700.0
C011,2025-06-15,2025-07-15,2025-07-15,19909.91,747100.0
C006,2025-06-15,2025-07-15,2025-07-16,18768.82,416600.0
C003,2025-06-15,2025-06-30,2025-07-01,22468.22,611900.0
C024,2025-06-15,2025-06-30,2025-06-29,11696.94,351000.0
C013,2025-06-15,2025-07-15,2025-07-13,18170.89,836500.0
C016,2025-06-15,2025-06-30,2025-07-10,40870.01,167900.0
C017,2025-06-15,2025-06-25,2025-07-11,34042.36,129900.0
C005,2025-06-16,2025-06-26,2025-06-25,21172.65,495200.0
C001,2025-06-16,2025-06-26,2025-06-27,15556.29,334000.0
C009,2025-06-16,2025-07-16,2025-07-18,9513.86,631300.0
C021,2025-06-16,2025-07-01,2025-06-28,10879.5,296800.0
C015,2025-06-16,2025-06-26,2025-07-12,22233.21,173700.0
C008,2025-06-16,2025-06-26,2025-06-24,14376.41,516700.0
C007,2025-06-16,2025-07-01,2025-06-29,20879.46,493000.0
C010,2025-06-17,2025-07-02,2025-06-30,16590.08,1222000.0
C003,2025-06-17,2025-07-02,2025-06-30,16931.78,611900.0
C002,2025-06-17,2025-07-02,2025-07-03,12462.25,369600.0
C012,2025-06-17,2025-07-17,2025-07-14,21688.15,1320700.0
C023,2025-06-17,2025-07-02,2025-07-01,14417.05,275500.0
C018,2025-06-17,2025-06-27,2025-06-24,11932.93,128100.0
C022,2025-06-17,2025-06-27,2025-06-30,8059.29,181500.0
C004,2025-06-18,2025-07-03,2025-06-30,15488.12,320000.0
C006,2025-06-18,2025-07-18,2025-07-18,22002.04,416600.0
C007,2025-06-19,2025-07-04,2025-07-01,15609.54,493000.0
C024,2025-06-19,2025-07-04,2025-07-05,17448.57,351000.0
C005,2025-06-19,2025-06-29,2025-06-30,25225.67,495200.0
C023,2025-06-19,2025-07-04,2025-07-03,10812.92,275500.0
C022,2025-06-19,2025-06-29,2025-06-28,7362.84,181500.0
C011,2025-06-19,2025-07-19,2025-07-20,16604.64,747100.0
C019,2025-06-19,2025-07-19,2025-07-17,331486.9,1854300.0
C001,2025-06-19,2025-06-29,2025-06-28,19897.22,334000.0
C020,2025-06-20,2025-07-20,2025-07-24,386892.91,1469900.0
C002,2025-06-20,2025-07-05,2025-07-05,13716.71,369600.0
C008,2025-06-20,2025-06-30,2025-06-29,16639.0,516700.0
C004,2025-06-21,2025-07-06,2025-07-05,14189.14,320000.0
C003,2025-06-21,2025-07-06,2025-07-09,21475.62,611900.0
C009,2025-06-21,2025-07-21,2025-07-21,12614.38,631300.0
C010,2025-06-21,2025-07-06,2025-07-04,20784.73,1222000.0
C021,2025-06-21,2025-07-06,2025-06-29,12010.12,296800.0
C006,2025-06-22,2025-07-22,2025-07-22,17897.07,416600.0
C024,2025-06-22,2025-07-07,2025-07-06,12525.49,351000.0
C012,2025-06-22,2025-07-22,2025-07-24,19168.59,1320700.0
C013,2025-06-22,2025-07-22,2025-07-21,14206.01,836500.0
C015,2025-06-22,2025-07-02,2025-08-06,21722.28,173700.0
C008,2025-06-22,2025-07-02,2025-07-02,15052.45,516700.0
C001,2025-06-22,2025-07-02,2025-06-30,21354.52,334000.0
C004,2025-06-23,2025-07-08,2025-07-07,18885.42,320000.0
C022,2025-06-23,2025-07-03,2025-07-03,5081.04,181500.0
C023,2025-06-23,2025-07-08,2025-07-10,11385.02,275500.0
C006,2025-06-24,2025-07-24,2025-07-28,21080.77,416600.0
C008,2025-06-24,2025-07-04,2025-07-03,16019.02,516700.0
C018,2025-06-24,2025-07-04,2025-06-30,18790.44,128100.0
C007,2025-06-24,2025-07-09,2025-07-08,16827.49,493000.0
C005,2025-06-24,2025-07-04,2025-07-01,19558.76,495200.0
C024,2025-06-24,2025-07-09,2025-07-08,13480.02,351000.0
C016,2025-06-24,2025-07-09,2025-08-02,29742.93,167900.0
C022,2025-06-25,2025-07-05,2025-07-06,7063.34,181500.0
C011,2025-06-25,2025-07-25,2025-07-22,19520.45,747100.0
C014,2025-06-25,2025-07-05,2025-07-30,45739.64,174500.0
C023,2025-06-25,2025-07-10,2025-07-03,10590.14,275500.0
C017,2025-06-25,2025-07-05,2025-07-14,23176.59,129900.0
C021,2025-06-25,2025-07-10,2025-07-09,11028.25,296800.0
C003,2025-06-25,2025-07-10,2025-07-11,19057.49,611900.0
C002,2025-06-26,2025-07-11,2025-07-10,15888.19,369600.0
C001,2025-06-26,2025-07-06,2025-07-06,13565.08,334000.0
C005,2025-06-26,2025-07-06,2025-06-27,18350.8,495200.0
C022,2025-06-27,2025-07-07,2025-07-06,6363.14,181500.0
C004,2025-06-27,2025-07-12,2025-07-13,15397.0,320000.0
C012,2025-06-27,2025-07-27,2025-07-25,15932.04,1320700.0
C024,2025-06-27,2025-07-12,2025-07-12,12946.49,351000.0
C013,2025-06-27,2025-07-27,2025-07-28,13273.18,836500.0
C009,2025-06-27,2025-07-27,2025-07-26,14003.46,631300.0
C010,2025-06-27,2025-07-12,2025-07-12,7725.52,1222000.0
C008,2025-06-27,2025-07-07,2025-07-09,10250.56,516700.0
C007,2025-06-27,2025-07-12,2025-07-08,15008.62,493000.0
C021,2025-06-28,2025-07-13,2025-07-12,10751.9,296800.0
C006,2025-06-28,2025-07-28,2025-07-28,14139.96,416600.0
C003,2025-06-29,2025-07-14,2025-07-13,25771.33,611900.0
C007,2025-06-29,2025-07-14,2025-07-10,17415.32,493000.0
C010,2025-06-30,2025-07-15,2025-07-13,23218.8,1222000.0
C002,2025-06-30,2025-07-15,2025-07-16,15967.72,369600.0
C011,2025-06-30,2025-07-30,2025-07-29,14713.41,747100.0
C005,2025-06-30,2025-07-10,2025-07-07,14620.12,495200.0
C024,2025-06-30,2025-07-15,2025-07-15,15408.79,351000.0
C023,2025-07-01,2025-07-16,2025-07-17,12723.6,275500.0
C004,2025-07-01,2025-07-16,2025-07-18,14995.55,320000.0
C006,2025-07-01,2025-07-31,2025-07-31,16373.93,416600.0
C001,2025-07-01,2025-07-11,2025-07-10,16946.18,334000.0
C018,2025-07-01,2025-07-11,2025-07-08,22211.49,128100.0
C003,2025-07-01,2025-07-16,2025-07-16,21294.26,611900.0
C012,2025-07-02,2025-08-01,2025-08-02,17818.55,1320700.0
C024,2025-07-02,2025-07-17,2025-07-13,14915.94,351000.0
C021,2025-07-02,2025-07-17,2025-07-13,14536.93,296800.0
C008,2025-07-02,2025-07-12,2025-07-10,15588.22,516700.0
C022,2025-07-02,2025-07-12,2025-07-10,7089.52,181500.0
C009,2025-07-02,2025-08-01,2025-07-27,15800.94,631300.0
C014,2025-07-02,2025-07-12,2025-07-19,21212.1,174500.0
C011,2025-07-02,2025-08-01,2025-07-28,24713.16,747100.0
C017,2025-07-03,2025-07-13,2025-08-12,33980.13,129900.0
C002,2025-07-03,2025-07-18,2025-07-16,19018.11,369600.0
C008,2025-07-03,2025-07-13,2025-07-14,13999.21,516700.0
C013,2025-07-03,2025-08-02,2025-08-02,14406.48,836500.0
C003,2025-07-03,2025-07-18,2025-07-18,20786.53,611900.0
C006,2025-07-04,2025-08-03,2025-08-01,16958.59,416600.0
C007,2025-07-04,2025-07-19,2025-07-17,14949.82,493000.0
C005,2025-07-04,2025-07-14,2025-07-12,18626.19,495200.0
C023,2025-07-04,2025-07-19,2025-07-19,12071.28,275500.0
C010,2025-07-04,2025-07-19,2025-07-20,18528.65,1222000.0
C019,2025-07-04,2025-08-03,2025-08-06,374333.47,1854300.0
C004,2025-07-04,2025-07-19,2025-07-19,13446.71,320000.0
C001,2025-07-05,2025-07-15,2025-07-13,13294.68,334000.0
C024,2025-07-05,2025-07-20,2025-07-16,15074.47,351000.0
C015,2025-07-05,2025-07-15,2025-08-18,16686.7,173700.0
C021,2025-07-05,2025-07-20,2025-07-18,13876.09,296800.0
C008,2025-07-05,2025-07-15,2025-07-16,14032.75,516700.0
C010,2025-07-06,2025-07-21,2025-07-21,15505.9,1222000.0
C007,2025-07-06,2025-07-21,2025-07-21,17419.1,493000.0
C011,2025-07-06,2025-08-05,2025-08-04,15191.91,747100.0
C006,2025-07-06,2025-08-05,2025-08-06,14612.71,416600.0
C005,2025-07-06,2025-07-16,2025-07-15,21178.59,495200.0
C003,2025-07-07,2025-07-22,2025-07-21,25071.68,611900.0
C021,2025-07-07,2025-07-22,2025-07-16,14199.53,296800.0
C002,2025-07-08,2025-07-23,2025-07-22,17720.37,369600.0
C001,2025-07-08,2025-07-18,2025-07-19,19914.8,334000.0
C012,2025-07-08,2025-08-07,2025-08-07,15279.45,1320700.0
C022,2025-07-08,2025-07-18,2025-07-20,7093.97,181500.0
C024,2025-07-08,2025-07-23,2025-07-24,16510.26,351000.0
C013,2025-07-08,2025-08-07,2025-08-08,5050.95,836500.0
C009,2025-07-08,2025-08-07,2025-08-07,16475.22,631300.0
C023,2025-07-09,2025-07-24,2025-07-22,11238.18,275500.0
C008,2025-07-09,2025-07-19,2025-07-18,16786.18,516700.0
C004,2025-07-09,2025-07-24,2025-07-27,15135.16,320000.0
C010,2025-07-09,2025-07-24,2025-07-24,13103.21,1222000.0
C024,2025-07-09,2025-07-24,2025-07-22,13318.08,351000.0
C021,2025-07-10,2025-07-25,2025-07-20,18751.61,296800.0
C013,2025-07-10,2025-08-09,2025-08-09,13969.67,836500.0
C003,2025-07-10,2025-07-25,2025-07-25,19946.13,611900.0
C022,2025-07-10,2025-07-20,2025-07-21,8705.52,181500.0
C005,2025-07-10,2025-07-20,2025-07-19,18924.13,495200.0
C004,2025-07-11,2025-07-26,2025-07-27,17451.54,320000.0
C018,2025-07-11,2025-07-21,2025-07-20,12979.71,128100.0
C008,2025-07-11,2025-07-21,2025-07-20,17315.33,516700.0
C007,2025-07-11,2025-07-26,2025-07-26,19374.07,493000.0
C007,2025-07-12,2025-07-27,2025-07-24,16031.72,493000.0
C006,2025-07-12,2025-08-11,2025-08-12,19283.92,416600.0
C002,2025-07-12,2025-07-27,2025-07-27,19375.79,369600.0
C020,2025-07-13,2025-08-12,2025-08-06,356529.62,1469900.0
C012,2025-07-13,2025-08-12,2025-08-09,19358.26,1320700.0
C003,2025-07-13,2025-07-28,2025-07-28,25897.82,611900.0
C001,2025-07-13,2025-07-23,2025-07-21,15539.32,334000.0
C009,2025-07-13,2025-08-12,2025-08-08,13766.18,631300.0
C005,2025-07-14,2025-07-24,2025-07-23,20867.67,495200.0
C010,2025-07-14,2025-07-29,2025-07-27,14948.11,1222000.0
C022,2025-07-14,2025-07-24,2025-07-24,8089.72,181500.0
C006,2025-07-14,2025-08-13,2025-08-11,20327.11,416600.0
C008,2025-07-14,2025-07-24,2025-07-21,18160.62,516700.0
C023,2025-07-14,2025-07-29,2025-07-28,13323.3,275500.0
C021,2025-07-15,2025-07-30,2025-07-30,12239.91,296800.0
C024,2025-07-15,2025-07-30,2025-08-02,15354.94,351000.0
C004,2025-07-15,2025-07-30,2025-07-28,21041.31,320000.0
C013,2025-07-16,2025-08-15,2025-08-12,14935.94,836500.0
C003,2025-07-16,2025-07-31,2025-07-27,31870.71,611900.0
C021,2025-07-16,2025-07-31,2025-08-01,10585.58,296800.0
C007,2025-07-16,2025-07-31,2025-07-30,18320.92,493000.0
C011,2025-07-16,2025-08-15,2025-08-12,16978.91,747100.0
C002,2025-07-17,2025-08-01,2025-07-29,16664.98,369600.0
C005,2025-07-17,2025-07-27,2025-07-27,21432.16,495200.0
C023,2025-07-17,2025-08-01,2025-07-29,14254.86,275500.0
C003,2025-07-17,2025-08-01,2025-08-02,22515.11,611900.0
C004,2025-07-18,2025-08-02,2025-08-02,15903.21,320000.0
C008,2025-07-18,2025-07-28,2025-07-25,18116.53,516700.0
C022,2025-07-18,2025-07-28,2025-07-26,5901.94,181500.0
C006,2025-07-18,2025-08-17,2025-08-17,14602.29,416600.0
C012,2025-07-18,2025-08-17,2025-08-16,20124.06,1320700.0
C024,2025-07-19,2025-08-03,2025-07-31,16388.39,351000.0
C016,2025-07-19,2025-08-03,2025-09-04,25433.1,167900.0
C007,2025-07-19,2025-08-03,2025-07-30,16780.73,493000.0
C001,2025-07-19,2025-07-29,2025-07-25,13454.61,334000.0
C005,2025-07-20,2025-07-30,2025-07-27,26291.95,495200.0
C009,2025-07-20,2025-08-19,2025-08-19,8062.04,631300.0
C011,2025-07-20,2025-08-19,2025-08-21,16425.3,747100.0
C002,2025-07-20,2025-08-04,2025-08-02,15194.2,369600.0
C010,2025-07-21,2025-08-05,2025-08-04,23939.85,1222000.0
C003,2025-07-21,2025-08-05,2025-08-05,18829.92,611900.0
C018,2025-07-21,2025-07-31,2025-07-29,11693.19,128100.0
C008,2025-07-21,2025-07-31,2025-07-27,16966.1,516700.0
C021,2025-07-21,2025-08-05,2025-08-03,10676.45,296800.0
C012,2025-07-21,2025-08-20,2025-08-18,14198.35,1320700.0
C006,2025-07-21,2025-08-20,2025-08-19,19184.35,416600.0
C022,2025-07-22,2025-08-01,2025-07-30,6414.74,181500.0
C004,2025-07-22,2025-08-06,2025-08-01,16958.23,320000.0
C024,2025-07-22,2025-08-06,2025-08-03,18572.15,351000.0
C001,2025-07-22,2025-08-01,2025-07-29,13625.17,334000.0
C010,2025-07-23,2025-08-07,2025-08-05,19448.31,1222000.0
C007,2025-07-23,2025-08-07,2025-08-09,24609.87,493000.0
C013,2025-07-23,2025-08-22,2025-08-21,9943.06,836500.0
C023,2025-07-23,2025-08-07,2025-08-06,11155.58,275500.0
C003,2025-07-24,2025-08-08,2025-08-08,15366.25,611900.0
C020,2025-07-24,2025-08-23,2025-08-21,588102.93,1469900.0
C005,2025-07-24,2025-08-03,2025-07-31,24534.25,495200.0
C006,2025-07-24,2025-08-23,2025-08-20,19252.21,416600.0
C002,2025-07-25,2025-08-09,2025-08-08,15696.28,369600.0
C017,2025-07-25,2025-08-04,2025-08-25,20514.41,129900.0
C024,2025-07-25,2025-08-09,2025-08-09,16300.58,351000.0
C008,2025-07-25,2025-08-04,2025-08-04,19384.72,516700.0
C021,2025-07-25,2025-08-09,2025-08-06,9501.92,296800.0
C011,2025-07-25,2025-08-24,2025-08-26,18375.81,747100.0
C013,2025-07-26,2025-08-25,2025-08-23,19092.72,836500.0
C023,2025-07-26,2025-08-10,2025-08-07,12269.15,275500.0
C022,2025-07-26,2025-08-05,2025-08-02,8261.85,181500.0
C004,2025-07-26,2025-08-10,2025-08-04,16160.57,320000.0
C003,2025-07-27,2025-08-11,2025-08-10,21664.71,611900.0
C001,2025-07-27,2025-08-06,2025-08-05,11270.39,334000.0
C006,2025-07-27,2025-08-26,2025-08-26,16801.82,416600.0
C007,2025-07-27,2025-08-11,2025-08-10,15140.86,493000.0
C012,2025-07-27,2025-08-26,2025-08-25,14038.72,1320700.0
C008,2025-07-28,2025-08-07,2025-08-02,21217.14,516700.0
C009,2025-07-28,2025-08-27,2025-08-27,13186.78,631300.0
C007,2025-07-29,2025-08-13,2025-08-11,16736.5,493000.0
C021,2025-07-29,2025-08-13,2025-08-12,14467.38,296800.0
C022,2025-07-29,2025-08-08,2025-08-06,6653.46,181500.0
C004,2025-07-29,2025-08-13,2025-08-16,12532.29,320000.0
C024,2025-07-29,2025-08-13,2025-08-12,19335.81,351000.0
C005,2025-07-29,2025-08-08,2025-08-08,20480.49,495200.0
C001,2025-07-30,2025-08-09,2025-08-05,17589.12,334000.0
C013,2025-07-30,2025-08-29,2025-09-02,17969.46,836500.0
C015,2025-07-30,2025-08-09,2025-08-17,28338.54,173700.0
C019,2025-07-30,2025-08-29,2025-08-28,406854.47,1854300.0
C010,2025-07-30,2025-08-14,2025-08-10,16523.45,1222000.0
C018,2025-07-30,2025-08-09,2025-08-07,21271.77,128100.0
C023,2025-07-30,2025-08-14,2025-08-13,11956.76,275500.0
C006,2025-07-31,2025-08-30,2025-08-31,18857.24,416600.0
C010,2025-07-31,2025-08-15,2025-08-15,21910.39,1222000.0
C002,2025-07-31,2025-08-15,2025-08-15,16924.49,369600.0
C008,2025-07-31,2025-08-10,2025-08-13,14783.14,516700.0
C024,2025-07-31,2025-08-15,2025-08-14,21410.55,351000.0
C003,2025-07-31,2025-08-15,2025-08-16,15725.81,611900.0
C011,2025-07-31,2025-08-30,2025-09-01,13180.86,747100.0
C022,2025-08-01,2025-08-11,2025-08-13,7692.96,181500.0
C012,2025-08-02,2025-09-01,2025-09-03,25044.86,1320700.0
C005,2025-08-02,2025-08-12,2025-08-10,21541.03,495200.0
C016,2025-08-02,2025-08-17,2025-09-19,14476.27,167900.0
C024,2025-08-02,2025-08-17,2025-08-15,21862.24,351000.0
C007,2025-08-02,2025-08-17,2025-08-17,21127.17,493000.0
C023,2025-08-02,2025-08-17,2025-08-14,15881.19,275500.0
C010,2025-08-02,2025-08-17,2025-08-16,17731.35,1222000.0
C008,2025-08-02,2025-08-12,2025-08-09,16958.61,516700.0
C003,2025-08-03,2025-08-18,2025-08-14,27193.25,611900.0
C006,2025-08-03,2025-09-02,2025-09-01,15941.74,416600.0
C001,2025-08-03,2025-08-13,2025-08-15,14072.3,334000.0
C017,2025-08-03,2025-08-13,2025-08-23,20303.74,129900.0
C013,2025-08-03,2025-09-02,2025-09-01,22955.66,836500.0
C009,2025-08-03,2025-09-02,2025-09-02,11909.99,631300.0
C014,2025-08-03,2025-08-13,2025-08-27,31742.04,174500.0
C002,2025-08-03,2025-08-18,2025-08-19,18876.2,369600.0
C004,2025-08-03,2025-08-18,2025-08-18,22886.07,320000.0
C011,2025-08-04,2025-09-03,2025-08-31,21616.51,747100.0
C015,2025-08-04,2025-08-14,2025-09-14,24675.09,173700.0
C021,2025-08-04,2025-08-19,2025-08-16,10547.11,296800.0
C005,2025-08-04,2025-08-14,2025-08-12,22743.97,495200.0
C004,2025-08-05,2025-08-20,2025-08-21,17592.22,320000.0
C008,2025-08-05,2025-08-15,2025-08-10,20055.41,516700.0
C006,2025-08-05,2025-09-04,2025-08-31,13733.76,416600.0
C023,2025-08-06,2025-08-21,2025-08-17,16679.19,275500.0
C022,2025-08-06,2025-08-16,2025-08-16,8357.26,181500.0
C024,2025-08-06,2025-08-21,2025-08-18,20002.05,351000.0
C012,2025-08-07,2025-09-06,2025-09-05,23606.0,1320700.0
C001,2025-08-07,2025-08-17,2025-08-16,20804.77,334000.0
C005,2025-08-07,2025-08-17,2025-08-16,24804.3,495200.0
C003,2025-08-08,2025-08-23,2025-08-22,18176.88,611900.0
C013,2025-08-08,2025-09-07,2025-09-06,10018.49,836500.0
C021,2025-08-08,2025-08-23,2025-08-21,12163.41,296800.0
C004,2025-08-08,2025-08-23,2025-08-21,24805.89,320000.0
C010,2025-08-08,2025-08-23,2025-08-21,14398.74,1222000.0
C011,2025-08-08,2025-09-07,2025-09-07,26969.96,747100.0
C002,2025-08-08,2025-08-23,2025-08-19,17972.46,369600.0
C007,2025-08-08,2025-08-23,2025-08-27,16567.37,493000.0
C008,2025-08-09,2025-08-19,2025-08-16,17575.26,516700.0
C024,2025-08-09,2025-08-24,2025-08-23,11275.94,351000.0
C022,2025-08-09,2025-08-19,2025-08-15,6396.82,181500.0
C009,2025-08-10,2025-09-09,2025-09-02,10621.74,631300.0
C023,2025-08-10,2025-08-25,2025-08-25,15928.46,275500.0
C006,2025-08-10,2025-09-09,2025-09-13,17949.13,416600.0
C002,2025-08-11,2025-08-26,2025-08-26,14781.5,369600.0
C001,2025-08-11,2025-08-21,2025-08-20,22153.24,334000.0
C005,2025-08-11,2025-08-21,2025-08-24,25793.98,495200.0
C021,2025-08-11,2025-08-26,2025-08-23,14511.48,296800.0
C007,2025-08-11,2025-08-26,2025-08-23,15561.81,493000.0
C024,2025-08-11,2025-08-26,2025-08-25,13142.08,351000.0
C003,2025-08-12,2025-08-27,2025-08-26,24411.12,611900.0
C004,2025-08-12,2025-08-27,2025-08-26,13959.26,320000.0
C022,2025-08-13,2025-08-23,2025-08-22,8383.99,181500.0
C007,2025-08-13,2025-08-28,2025-08-26,17465.41,493000.0
C008,2025-08-13,2025-08-23,2025-08-22,19171.64,516700.0
C006,2025-08-13,2025-09-12,2025-09-12,20355.49,416600.0
C010,2025-08-13,2025-08-28,2025-08-25,11748.17,1222000.0
C011,2025-08-14,2025-09-13,2025-09-15,8658.09,747100.0
C012,2025-08-14,2025-09-13,2025-09-12,21387.44,1320700.0
C003,2025-08-14,2025-08-29,2025-08-30,20252.8,611900.0
C024,2025-08-14,2025-08-29,2025-08-29,15045.91,351000.0
C001,2025-08-14,2025-08-24,2025-08-23,15623.58,334000.0
C023,2025-08-15,2025-08-30,2025-08-30,15366.72,275500.0
C019,2025-08-15,2025-09-14,2025-09-12,438393.94,1854300.0
C005,2025-08-15,2025-08-25,2025-08-23,20792.36,495200.0
C021,2025-08-15,2025-08-30,2025-08-30,11631.61,296800.0
C008,2025-08-16,2025-08-26,2025-08-23,17980.57,516700.0
C004,2025-08-16,2025-08-31,2025-08-30,18570.87,320000.0
C013,2025-08-16,2025-09-15,2025-09-15,14828.77,836500.0
C022,2025-08-16,2025-08-26,2025-08-24,7079.39,181500.0
C009,2025-08-16,2025-09-15,2025-09-14,13241.27,631300.0
C005,2025-08-17,2025-08-27,2025-08-28,20347.84,495200.0
C012,2025-08-17,2025-09-16,2025-09-15,14919.7,1320700.0
C006,2025-08-17,2025-09-16,2025-09-14,21965.71,416600.0
C002,2025-08-17,2025-09-01,2025-08-31,16882.11,369600.0
C011,2025-08-17,2025-09-16,2025-09-13,17665.24,747100.0
C001,2025-08-18,2025-08-28,2025-08-24,21531.85,334000.0
C021,2025-08-18,2025-09-02,2025-08-31,14543.7,296800.0
C003,2025-08-18,2025-09-02,2025-09-03,22478.68,611900.0
C023,2025-08-18,2025-09-02,2025-09-05,14170.36,275500.0
C010,2025-08-18,2025-09-02,2025-08-31,20746.28,1222000.0
C007,2025-08-18,2025-09-02,2025-08-31,20648.01,493000.0
C013,2025-08-19,2025-09-18,2025-09-16,21232.93,836500.0
C008,2025-08-19,2025-08-29,2025-08-29,16659.57,516700.0
C022,2025-08-19,2025-08-29,2025-08-26,7979.97,181500.0
C024,2025-08-19,2025-09-03,2025-08-30,17093.89,351000.0
C006,2025-08-20,2025-09-19,2025-09-16,16661.38,416600.0
C004,2025-08-20,2025-09-04,2025-09-06,20666.22,320000.0
C005,2025-08-20,2025-08-30,2025-08-29,28555.52,495200.0
C007,2025-08-20,2025-09-04,2025-09-06,21349.78,493000.0
C010,2025-08-21,2025-09-05,2025-09-05,19092.0,1222000.0
C001,2025-08-21,2025-08-31,2025-08-30,17155.36,334000.0
C003,2025-08-21,2025-09-05,2025-09-04,16811.81,611900.0
C002,2025-08-21,2025-09-05,2025-09-03,16489.95,369600.0
C024,2025-08-21,2025-09-05,2025-09-06,16552.14,351000.0
C023,2025-08-22,2025-09-06,2025-09-04,13378.73,275500.0
C011,2025-08-22,2025-09-21,2025-09-20,24879.01,747100.0
C009,2025-08-22,2025-09-21,2025-09-20,10100.34,631300.0
C008,2025-08-22,2025-09-01,2025-08-29,16809.54,516700.0
C012,2025-08-23,2025-09-22,2025-09-20,23734.37,1320700.0
C024,2025-08-23,2025-09-07,2025-09-06,20186.21,351000.0
C006,2025-08-24,2025-09-23,2025-09-20,19250.75,416600.0
C002,2025-08-24,2025-09-08,2025-09-06,15107.91,369600.0
C001,2025-08-24,2025-09-03,2025-09-03,22098.36,334000.0
C021,2025-08-24,2025-09-08,2025-09-06,15529.7,296800.0
C007,2025-08-24,2025-09-08,2025-09-06,20943.68,493000.0
C005,2025-08-24,2025-09-03,2025-08-31,23146.81,495200.0
C004,2025-08-24,2025-09-08,2025-09-08,15250.32,320000.0
C003,2025-08-25,2025-09-09,2025-09-10,23143.8,611900.0
C022,2025-08-25,2025-09-04,2025-09-05,7272.24,181500.0
C013,2025-08-25,2025-09-24,2025-09-19,27180.41,836500.0
C021,2025-08-26,2025-09-10,2025-09-07,12378.9,296800.0
C023,2025-08-26,2025-09-10,2025-09-09,14852.72,275500.0
C012,2025-08-26,2025-09-25,2025-09-23,12543.05,1320700.0
C024,2025-08-26,2025-09-10,2025-09-11,18945.29,351000.0
C004,2025-08-27,2025-09-11,2025-09-15,18027.36,320000.0
C008,2025-08-27,2025-09-06,2025-09-09,19902.21,516700.0
C010,2025-08-27,2025-09-11,2025-09-11,25932.82,1222000.0
C006,2025-08-27,2025-09-26,2025-09-27,20936.74,416600.0
C013,2025-08-28,2025-09-27,2025-09-22,25609.56,836500.0
C020,2025-08-28,2025-09-27,2025-10-01,426172.36,1469900.0
C002,2025-08-28,2025-09-12,2025-09-14,17569.3,369600.0
C005,2025-08-28,2025-09-07,2025-09-07,25659.24,495200.0
C024,2025-08-28,2025-09-12,2025-09-10,15406.57,351000.0
C007,2025-08-28,2025-09-12,2025-09-08,15500.63,493000.0
C021,2025-08-28,2025-09-12,2025-09-11,12006.5,296800.0
C003,2025-08-28,2025-09-12,2025-09-10,25369.82,611900.0
C011,2025-08-29,2025-09-28,2025-09-29,15062.8,747100.0
C001,2025-08-29,2025-09-08,2025-09-08,22266.34,334000.0
C010,2025-08-30,2025-09-14,2025-09-10,19464.47,1222000.0
C009,2025-08-30,2025-09-29,2025-09-26,20323.87,631300.0
C003,2025-08-30,2025-09-14,2025-09-14,24543.16,611900.0
C006,2025-08-30,2025-09-29,2025-10-01,23534.55,416600.0
C022,2025-08-30,2025-09-09,2025-09-05,8804.46,181500.0
C012,2025-08-31,2025-09-30,2025-09-30,23481.13,1320700.0
C008,2025-08-31,2025-09-10,2025-09-07,17831.36,516700.0
C004,2025-08-31,2025-09-15,2025-09-14,17352.85,320000.0
C013,2025-08-31,2025-09-30,2025-09-30,15198.14,836500.0
C011,2025-08-31,2025-09-30,2025-09-26,25506.59,747100.0
C021,2025-09-01,2025-09-16,2025-09-16,10954.86,296800.0
C005,2025-09-01,2025-09-11,2025-09-09,22013.27,495200.0
C007,2025-09-01,2025-09-16,2025-09-18,22453.18,493000.0
C002,2025-09-01,2025-09-16,2025-09-12,19029.95,369600.0
C022,2025-09-01,2025-09-11,2025-09-07,5241.5,181500.0
C024,2025-09-01,2025-09-16,2025-09-14,19893.48,351000.0
C001,2025-09-02,2025-09-12,2025-09-10,24572.46,334000.0
C023,2025-09-02,2025-09-17,2025-09-16,18459.1,275500.0
C016,2025-09-02,2025-09-17,2025-10-20,21286.81,167900.0
C003,2025-09-02,2025-09-17,2025-09-16,22002.46,611900.0
C019,2025-09-02,2025-10-02,2025-09-28,404051.08,1854300.0
C006,2025-09-03,2025-10-03,2025-10-01,15856.85,416600.0
C005,2025-09-03,2025-09-13,2025-09-06,28392.81,495200.0
C008,2025-09-03,2025-09-13,2025-09-12,21633.65,516700.0
C012,2025-09-03,2025-10-03,2025-09-25,23886.74,1320700.0
C011,2025-09-04,2025-10-04,2025-10-03,16605.27,747100.0
C021,2025-09-04,2025-09-19,2025-09-16,13803.24,296800.0
C024,2025-09-04,2025-09-19,2025-09-20,14457.57,351000.0
C009,2025-09-04,2025-10-04,2025-10-03,14257.64,631300.0
C003,2025-09-04,2025-09-19,2025-09-19,21444.59,611900.0
C023,2025-09-04,2025-09-19,2025-09-17,19961.69,275500.0
C001,2025-09-05,2025-09-15,2025-09-13,18952.62,334000.0
C004,2025-09-05,2025-09-20,2025-09-19,19492.68,320000.0
C013,2025-09-05,2025-10-05,2025-10-05,20848.61,836500.0
C008,2025-09-05,2025-09-15,2025-09-17,21043.9,516700.0
C007,2025-09-05,2025-09-20,2025-09-19,18211.81,493000.0
C002,2025-09-05,2025-09-20,2025-09-19,18360.96,369600.0
C022,2025-09-05,2025-09-15,2025-09-12,7228.16,181500.0
C005,2025-09-07,2025-09-17,2025-09-14,23477.2,495200.0
C010,2025-09-07,2025-09-22,2025-09-21,24296.74,1222000.0
C011,2025-09-07,2025-10-07,2025-10-06,23519.52,747100.0
C006,2025-09-07,2025-10-07,2025-10-08,22896.77,416600.0
C012,2025-09-07,2025-10-07,2025-10-04,21905.37,1320700.0
C021,2025-09-07,2025-09-22,2025-09-23,11631.21,296800.0
C023,2025-09-08,2025-09-23,2025-09-22,10364.59,275500.0
C002,2025-09-08,2025-09-23,2025-09-21,15910.31,369600.0
C024,2025-09-08,2025-09-23,2025-09-23,20660.18,351000.0
C006,2025-09-08,2025-10-08,2025-10-08,21286.07,416600.0
C008,2025-09-08,2025-09-18,2025-09-19,18222.05,516700.0
C004,2025-09-08,2025-09-23,2025-09-27,15568.72,320000.0
C003,2025-09-08,2025-09-23,2025-09-18,22664.1,611900.0
C022,2025-09-09,2025-09-19,2025-09-17,6862.39,181500.0
C010,2025-09-09,2025-09-24,2025-09-25,24635.68,1222000.0
C001,2025-09-09,2025-09-19,2025-09-20,20556.35,334000.0
C011,2025-09-09,2025-10-09,2025-10-09,22831.25,747100.0
C009,2025-09-09,2025-10-09,2025-10-10,17183.52,631300.0
C007,2025-09-10,2025-09-25,2025-09-25,20493.63,493000.0
C012,2025-09-10,2025-10-10,2025-10-11,23596.91,1320700.0
C005,2025-09-11,2025-09-21,2025-09-16,19348.36,495200.0
C023,2025-09-11,2025-09-26,2025-09-28,18374.99,275500.0
C021,2025-09-11,2025-09-26,2025-09-27,16030.13,296800.0
C020,2025-09-11,2025-10-11,2025-10-11,230069.89,1469900.0
C024,2025-09-11,2025-09-26,2025-09-27,18203.39,351000.0
C013,2025-09-11,2025-10-11,2025-10-06,21412.18,836500.0
C003,2025-09-11,2025-09-26,2025-09-28,17690.27,611900.0
C012,2025-09-12,2025-10-12,2025-10-09,29373.65,1320700.0
C004,2025-09-12,2025-09-27,2025-09-27,19438.23,320000.0
C022,2025-09-12,2025-09-22,2025-09-25,6012.86,181500.0
C008,2025-09-12,2025-09-22,2025-09-21,21152.03,516700.0
C001,2025-09-12,2025-09-22,2025-09-22,16722.78,334000.0
C010,2025-09-13,2025-09-28,2025-09-25,17661.57,1222000.0
C006,2025-09-13,2025-10-13,2025-10-12,17877.11,416600.0
C005,2025-09-14,2025-09-24,2025-09-25,24071.05,495200.0
C002,2025-09-14,2025-09-29,2025-09-26,21468.04,369600.0
C007,2025-09-14,2025-09-29,2025-09-27,16087.93,493000.0
C003,2025-09-15,2025-09-30,2025-09-29,22076.0,611900.0
C022,2025-09-15,2025-09-25,2025-09-21,8118.77,181500.0
C009,2025-09-15,2025-10-15,2025-10-15,18820.63,631300.0
C012,2025-09-15,2025-10-15,2025-10-14,23507.6,1320700.0
C011,2025-09-15,2025-10-15,2025-10-17,25637.87,747100.0
C004,2025-09-15,2025-09-30,2025-09-28,14122.27,320000.0
C023,2025-09-15,2025-09-30,2025-09-30,20158.77,275500.0
C008,2025-09-16,2025-09-26,2025-09-23,19305.19,516700.0
C021,2025-09-16,2025-10-01,2025-10-01,11882.08,296800.0
C001,2025-09-16,2025-09-26,2025-09-26,13960.92,334000.0
C006,2025-09-16,2025-10-16,2025-10-16,19753.15,416600.0
C013,2025-09-16,2025-10-16,2025-10-14,23678.98,836500.0
C024,2025-09-16,2025-10-01,2025-09-28,21466.13,351000.0
C012,2025-09-17,2025-10-17,2025-10-17,18554.73,1320700.0
C005,2025-09-17,2025-09-27,2025-09-28,25705.76,495200.0
C003,2025-09-17,2025-10-02,2025-10-02,26349.92,611900.0
C002,2025-09-18,2025-10-03,2025-10-01,23586.02,369600.0
C011,2025-09-18,2025-10-18,2025-10-17,29706.51,747100.0
C007,2025-09-18,2025-10-03,2025-10-01,27344.23,493000.0
C013,2025-09-18,2025-10-18,2025-10-12,26394.21,836500.0
C010,2025-09-18,2025-10-03,2025-10-03,19060.0,1222000.0
C001,2025-09-19,2025-09-29,2025-09-30,20415.73,334000.0
C021,2025-09-19,2025-10-04,2025-10-04,11787.17,296800.0
C022,2025-09-19,2025-09-29,2025-09-25,6058.84,181500.0
C008,2025-09-19,2025-09-29,2025-09-29,18389.63,516700.0
C005,2025-09-19,2025-09-29,2025-09-27,28472.79,495200.0
C006,2025-09-19,2025-10-19,2025-10-16,20538.61,416600.0
C016,2025-09-19,2025-10-04,2025-10-13,28391.44,167900.0
C009,2025-09-19,2025-10-19,2025-10-16,14027.24,631300.0
C024,2025-09-19,2025-10-04,2025-10-04,18318.21,351000.0
C004,2025-09-19,2025-10-04,2025-10-05,21456.09,320000.0
C015,2025-09-20,2025-09-30,2025-11-04,22847.89,173700.0
C023,2025-09-20,2025-10-05,2025-10-01,13257.98,275500.0
C017,2025-09-20,2025-09-30,2025-10-05,34643.38,129900.0
C010,2025-09-20,2025-10-05,2025-10-10,27346.66,1222000.0
C005,2025-09-21,2025-10-01,2025-09-28,24519.8,495200.0
C020,2025-09-21,2025-10-21,2025-10-20,524865.13,1469900.0
C003,2025-09-21,2025-10-06,2025-10-02,19314.02,611900.0
C012,2025-09-21,2025-10-21,2025-10-19,23499.19,1320700.0
C018,2025-09-21,2025-10-01,2025-09-29,20418.97,128100.0
C007,2025-09-22,2025-10-07,2025-10-07,17277.99,493000.0
C021,2025-09-22,2025-10-07,2025-10-05,12887.47,296800.0
C022,2025-09-22,2025-10-02,2025-10-03,8172.07,181500.0
C006,2025-09-22,2025-10-22,2025-10-19,18206.06,416600.0
C024,2025-09-22,2025-10-07,2025-10-07,20213.81,351000.0
C002,2025-09-23,2025-10-08,2025-10-06,20618.46,369600.0
C009,2025-09-23,2025-10-23,2025-10-22,23018.02,631300.0
C011,2025-09-23,2025-10-23,2025-10-25,51464.69,747100.0
C023,2025-09-23,2025-10-08,2025-10-06,12089.21,275500.0
C004,2025-09-23,2025-10-08,2025-10-06,17506.24,320000.0
C012,2025-09-23,2025-10-23,2025-10-22,40526.3,1320700.0
C008,2025-09-23,2025-10-03,2025-09-29,14537.24,516700.0
C019,2025-09-23,2025-10-23,2025-10-21,387229.12,1854300.0
C013,2025-09-24,2025-10-24,2025-10-24,26195.72,836500.0
C011,2025-09-24,2025-10-24,2025-10-25,53085.26,747100.0
C003,2025-09-24,2025-10-09,2025-10-06,18486.61,611900.0
C001,2025-09-24,2025-10-04,2025-10-02,19691.61,334000.0
C021,2025-09-24,2025-10-09,2025-10-06,13838.15,296800.0
C010,2025-09-24,2025-10-09,2025-10-05,16182.94,1222000.0
C005,2025-09-25,2025-10-05,2025-10-03,23791.19,495200.0
C009,2025-09-25,2025-10-25,2025-10-23,17259.49,631300.0
C014,2025-09-25,2025-10-05,2025-10-10,20028.35,174500.0
C022,2025-09-25,2025-10-05,2025-10-05,8246.07,181500.0
C024,2025-09-25,2025-10-10,2025-10-09,17535.1,351000.0
C012,2025-09-26,2025-10-26,2025-10-23,22118.97,1320700.0
C007,2025-09-26,2025-10-11,2025-10-10,17599.57,493000.0
C010,2025-09-26,2025-10-11,2025-10-11,28948.53,1222000.0
C004,2025-09-26,2025-10-11,2025-10-09,23590.44,320000.0
C023,2025-09-26,2025-10-11,2025-10-12,14526.95,275500.0
C003,2025-09-27,2025-10-12,2025-10-11,23606.74,611900.0
C005,2025-09-27,2025-10-07,2025-10-09,27743.12,495200.0
C001,2025-09-27,2025-10-07,2025-10-05,22228.44,334000.0
C002,2025-09-27,2025-10-12,2025-10-11,17678.93,369600.0
C006,2025-09-27,2025-10-27,2025-10-26,17318.97,416600.0
C008,2025-09-27,2025-10-07,2025-10-04,22648.24,516700.0
C010,2025-09-28,2025-10-13,2025-10-14,20616.98,1222000.0
C019,2025-09-28,2025-10-28,2025-10-28,515749.35,1854300.0
C011,2025-09-28,2025-10-28,2025-10-26,34928.71,747100.0
C020,2025-09-28,2025-10-28,2025-11-01,539064.12,1469900.0
C004,2025-09-29,2025-10-14,2025-10-15,13954.56,320000.0
C012,2025-09-29,2025-10-29,2025-10-29,29883.03,1320700.0
C023,2025-09-29,2025-10-14,2025-10-14,15491.61,275500.0
C008,2025-09-29,2025-10-09,2025-10-07,18488.31,516700.0
C024,2025-09-29,2025-10-14,2025-10-16,16138.97,351000.0
C021,2025-09-29,2025-10-14,2025-10-15,14778.9,296800.0
C007,2025-09-29,2025-10-14,2025-10-16,17498.86,493000.0
C022,2025-09-30,2025-10-10,2025-10-06,4616.88,181500.0
C006,2025-09-30,2025-10-30,2025-11-01,19048.34,416600.0
C009,2025-09-30,2025-10-30,2025-10-25,21626.2,631300.0
C013,2025-09-30,2025-10-30,2025-11-02,25057.17,836500.0
C005,2025-10-01,2025-10-11,2025-10-11,23307.64,495200.0
C011,2025-10-01,2025-10-31,2025-10-30,40729.63,747100.0
C012,2025-10-01,2025-10-31,2025-10-30,28585.07,1320700.0
C013,2025-10-01,2025-10-31,2025-10-30,36259.12,836500.0
C003,2025-10-01,2025-10-16,2025-10-17,16724.05,611900.0
C008,2025-10-01,2025-10-11,2025-10-10,15485.19,516700.0
C002,2025-10-01,2025-10-16,2025-10-14,15947.29,369600.0
C021,2025-10-01,2025-10-16,2025-10-17,8658.02,296800.0
C001,2025-10-01,2025-10-11,2025-10-10,20781.8,334000.0
C009,2025-10-02,2025-11-01,2025-10-31,18197.53,631300.0
C023,2025-10-02,2025-10-17,2025-10-13,10060.09,275500.0
C004,2025-10-02,2025-10-17,2025-10-20,18864.02,320000.0
C012,2025-10-03,2025-11-02,2025-11-01,43487.17,1320700.0
C013,2025-10-03,2025-11-02,2025-10-31,44705.93,836500.0
C007,2025-10-03,2025-10-18,2025-10-17,19181.21,493000.0
C024,2025-10-03,2025-10-18,2025-10-17,15270.32,351000.0
C010,2025-10-03,2025-10-18,2025-10-14,26674.77,1222000.0
C022,2025-10-04,2025-10-14,2025-10-12,9741.07,181500.0
C009,2025-10-04,2025-11-03,2025-11-04,31136.68,631300.0
C006,2025-10-04,2025-11-03,2025-11-01,21920.71,416600.0
C003,2025-10-04,2025-10-19,2025-10-20,15860.37,611900.0
C008,2025-10-04,2025-10-14,2025-10-10,19753.45,516700.0
C005,2025-10-05,2025-10-15,2025-10-12,26031.07,495200.0
C023,2025-10-05,2025-10-20,2025-10-19,12458.39,275500.0
C004,2025-10-05,2025-10-20,2025-10-20,14437.79,320000.0
C021,2025-10-05,2025-10-20,2025-10-20,13532.51,296800.0
C003,2025-10-05,2025-10-20,2025-10-21,27179.34,611900.0
C013,2025-10-06,2025-11-05,2025-11-03,34147.54,836500.0
C011,2025-10-06,2025-11-05,2025-11-02,35363.71,747100.0
C012,2025-10-06,2025-11-05,2025-11-05,41422.25,1320700.0
C010,2025-10-06,2025-10-21,2025-10-19,31676.32,1222000.0
C024,2025-10-06,2025-10-21,2025-10-21,15094.49,351000.0
C001,2025-10-07,2025-10-17,2025-10-16,20504.35,334000.0
C008,2025-10-07,2025-10-17,2025-10-18,16934.33,516700.0
C021,2025-10-07,2025-10-22,2025-10-23,10667.63,296800.0
C002,2025-10-07,2025-10-22,2025-10-23,15485.86,369600.0
C022,2025-10-07,2025-10-17,2025-10-14,7526.06,181500.0
C024,2025-10-08,2025-10-23,2025-10-22,16938.86,351000.0
C005,2025-10-08,2025-10-18,2025-10-19,25881.3,495200.0
C007,2025-10-08,2025-10-23,2025-10-21,14941.64,493000.0
C012,2025-10-08,2025-11-07,2025-11-05,36265.66,1320700.0
C018,2025-10-08,2025-10-18,2025-10-18,12633.7,128100.0
C010,2025-10-08,2025-10-23,2025-10-23,35706.29,1222000.0
C006,2025-10-08,2025-11-07,2025-11-01,23044.42,416600.0
C011,2025-10-09,2025-11-08,2025-11-08,46570.29,747100.0
C013,2025-10-09,2025-11-08,2025-11-06,28959.66,836500.0
C003,2025-10-09,2025-10-24,2025-10-22,20613.35,611900.0
C023,2025-10-09,2025-10-24,2025-10-26,14335.89,275500.0
C001,2025-10-09,2025-10-19,2025-10-19,18733.8,334000.0
C009,2025-10-09,2025-11-08,2025-11-07,18679.43,631300.0
C012,2025-10-10,2025-11-09,2025-11-09,46718.74,1320700.0
C006,2025-10-10,2025-11-09,2025-11-08,26947.29,416600.0
C021,2025-10-10,2025-10-25,2025-10-26,14100.97,296800.0
C024,2025-10-10,2025-10-25,2025-10-21,17862.09,351000.0
C004,2025-10-10,2025-10-25,2025-10-24,22681.82,320000.0
C022,2025-10-10,2025-10-20,2025-10-19,7465.26,181500.0
C022,2025-10-11,2025-10-21,2025-10-23,7740.08,181500.0
C005,2025-10-11,2025-10-21,2025-10-19,23472.36,495200.0
C002,2025-10-11,2025-10-26,2025-10-24,19621.55,369600.0
C009,2025-10-11,2025-11-10,2025-11-11,22644.55,631300.0
C010,2025-10-11,2025-10-26,2025-10-21,32919.24,1222000.0
C008,2025-10-11,2025-10-21,2025-10-21,21179.29,516700.0
C013,2025-10-12,2025-11-11,2025-11-10,34010.22,836500.0
C012,2025-10-12,2025-11-11,2025-11-10,25967.49,1320700.0
C007,2025-10-12,2025-10-27,2025-10-28,24588.99,493000.0
C024,2025-10-12,2025-10-27,2025-10-26,16046.91,351000.0
C008,2025-10-12,2025-10-22,2025-10-21,18701.2,516700.0
C023,2025-10-13,2025-10-28,2025-10-25,14634.78,275500.0
C004,2025-10-13,2025-10-28,2025-10-31,15604.19,320000.0
C021,2025-10-13,2025-10-28,2025-10-26,17517.97,296800.0
C010,2025-10-13,2025-10-28,2025-10-29,36905.25,1222000.0
C009,2025-10-13,2025-11-12,2025-11-08,20427.89,631300.0
C001,2025-10-13,2025-10-23,2025-10-22,14113.07,334000.0
C011,2025-10-13,2025-11-12,2025-11-08,34711.45,747100.0
C006,2025-10-13,2025-11-12,2025-11-10,23426.14,416600.0
C003,2025-10-13,2025-10-28,2025-10-28,28703.59,611900.0
C005,2025-10-14,2025-10-24,2025-10-23,26323.49,495200.0
C010,2025-10-14,2025-10-29,2025-10-26,44681.25,1222000.0
C013,2025-10-15,2025-11-14,2025-11-12,45601.31,836500.0
C002,2025-10-15,2025-10-30,2025-10-26,17972.25,369600.0
C008,2025-10-15,2025-10-25,2025-10-23,12305.65,516700.0
C003,2025-10-15,2025-10-30,2025-10-27,23387.32,611900.0
C024,2025-10-15,2025-10-30,2025-10-24,17375.9,351000.0
C012,2025-10-15,2025-11-14,2025-11-13,52977.37,1320700.0
C001,2025-10-16,2025-10-26,2025-10-23,22315.03,334000.0
C009,2025-10-16,2025-11-15,2025-11-17,15400.42,631300.0
C022,2025-10-16,2025-10-26,2025-10-20,6759.6,181500.0
C012,2025-10-16,2025-11-15,2025-11-15,33601.4,1320700.0
C023,2025-10-16,2025-10-31,2025-10-31,17302.44,275500.0
C007,2025-10-16,2025-10-31,2025-10-25,17755.53,493000.0
C004,2025-10-16,2025-10-31,2025-10-31,15068.3,320000.0
C010,2025-10-16,2025-10-31,2025-11-01,26641.54,1222000.0
C021,2025-10-16,2025-10-31,2025-10-29,16777.4,296800.0
C006,2025-10-17,2025-11-16,2025-11-14,23230.93,416600.0
C016,2025-10-17,2025-11-01,2025-11-08,21809.08,167900.0
C024,2025-10-17,2025-11-01,2025-11-02,16932.71,351000.0
C013,2025-10-18,2025-11-17,2025-11-16,16367.64,836500.0
C011,2025-10-18,2025-11-17,2025-11-15,44679.99,747100.0
C023,2025-10-18,2025-11-02,2025-11-03,17340.14,275500.0
C020,2025-10-18,2025-11-17,2025-11-15,408570.35,1469900.0
C008,2025-10-18,2025-10-28,2025-10-25,21489.44,516700.0
C005,2025-10-19,2025-10-29,2025-10-28,28532.26,495200.0
C003,2025-10-19,2025-11-03,2025-11-02,18276.63,611900.0
C010,2025-10-19,2025-11-03,2025-11-01,28700.18,1222000.0
C007,2025-10-19,2025-11-03,2025-10-28,18811.75,493000.0
C008,2025-10-20,2025-10-30,2025-10-30,21172.88,516700.0
C009,2025-10-20,2025-11-19,2025-11-19,32193.77,631300.0
C022,2025-10-20,2025-10-30,2025-10-29,10628.98,181500.0
C006,2025-10-20,2025-11-19,2025-11-17,21573.22,416600.0
C012,2025-10-20,2025-11-19,2025-11-20,38723.69,1320700.0
C004,2025-10-20,2025-11-04,2025-11-04,20854.86,320000.0
C021,2025-10-20,2025-11-04,2025-11-02,15697.46,296800.0
C024,2025-10-20,2025-11-04,2025-11-01,14692.83,351000.0
C013,2025-10-21,2025-11-20,2025-11-18,33964.0,836500.0
C010,2025-10-21,2025-11-05,2025-11-05,38127.84,1222000.0
C002,2025-10-21,2025-11-05,2025-10-31,15167.38,369600.0
C001,2025-10-21,2025-10-31,2025-10-30,16660.78,334000.0
C009,2025-10-21,2025-11-20,2025-11-20,26437.54,631300.0
C005,2025-10-21,2025-10-31,2025-10-29,22797.13,495200.0
C012,2025-10-21,2025-11-20,2025-11-19,35656.72,1320700.0
C011,2025-10-21,2025-11-20,2025-11-18,32239.48,747100.0
C023,2025-10-22,2025-11-06,2025-11-04,15326.77,275500.0
C019,2025-10-22,2025-11-21,2025-11-20,370288.15,1854300.0
C011,2025-10-23,2025-11-22,2025-11-22,41591.01,747100.0
C011,2025-10-23,2025-11-22,2025-11-23,38757.23,747100.0
C008,2025-10-23,2025-11-02,2025-10-31,20017.31,516700.0
C001,2025-10-23,2025-11-02,2025-10-31,20537.97,334000.0
C006,2025-10-23,2025-11-22,2025-11-21,21022.99,416600.0
C013,2025-10-23,2025-11-22,2025-11-18,28165.88,836500.0
C024,2025-10-23,2025-11-07,2025-11-04,14558.9,351000.0
C010,2025-10-24,2025-11-08,2025-11-08,43228.53,1222000.0
C012,2025-10-24,2025-11-23,2025-11-24,46658.2,1320700.0
C007,2025-10-24,2025-11-08,2025-11-07,19471.34,493000.0
C004,2025-10-24,2025-11-08,2025-11-07,20596.54,320000.0
C015,2025-10-24,2025-11-03,2025-11-23,17613.0,173700.0
C005,2025-10-24,2025-11-03,2025-11-01,23959.87,495200.0
C022,2025-10-24,2025-11-03,2025-11-04,8702.71,181500.0
C003,2025-10-24,2025-11-08,2025-11-05,20965.89,611900.0
C024,2025-10-25,2025-11-09,2025-11-10,14838.51,351000.0
C010,2025-10-25,2025-11-09,2025-11-07,29205.84,1222000.0
C002,2025-10-25,2025-11-09,2025-11-10,16217.64,369600.0
C009,2025-10-25,2025-11-24,2025-11-25,29108.03,631300.0
C013,2025-10-26,2025-11-25,2025-11-24,37581.18,836500.0
C003,2025-10-26,2025-11-10,2025-11-11,27682.17,611900.0
C011,2025-10-26,2025-11-25,2025-11-27,25844.99,747100.0
C021,2025-10-26,2025-11-10,2025-11-12,15432.39,296800.0
C022,2025-10-27,2025-11-06,2025-11-08,5857.48,181500.0
C008,2025-10-27,2025-11-06,2025-11-07,16186.35,516700.0
C023,2025-10-27,2025-11-11,2025-11-08,11683.06,275500.0
C005,2025-10-27,2025-11-06,2025-11-04,29879.06,495200.0
C004,2025-10-27,2025-11-11,2025-11-12,18690.45,320000.0
C006,2025-10-27,2025-11-26,2025-11-28,20410.49,416600.0
C012,2025-10-27,2025-11-26,2025-11-23,33107.38,1320700.0
C007,2025-10-28,2025-11-12,2025-11-10,17684.8,493000.0
C001,2025-10-28,2025-11-07,2025-11-07,20555.04,334000.0
C009,2025-10-28,2025-11-27,2025-11-25,25619.12,631300.0
C010,2025-10-28,2025-11-12,2025-11-09,35233.28,1222000.0
C012,2025-10-29,2025-11-28,2025-11-28,45991.59,1320700.0
C008,2025-10-29,2025-11-08,2025-11-06,23875.3,516700.0
C024,2025-10-29,2025-11-13,2025-11-12,14990.73,351000.0
C021,2025-10-30,2025-11-14,2025-11-13,17242.51,296800.0
C009,2025-10-30,2025-11-29,2025-11-30,32590.48,631300.0
C006,2025-10-30,2025-11-29,2025-12-01,17899.57,416600.0
C008,2025-10-30,2025-11-09,2025-11-08,18082.13,516700.0
C002,2025-10-30,2025-11-14,2025-11-12,18068.45,369600.0
C010,2025-10-30,2025-11-14,2025-11-16,53056.1,1222000.0
C022,2025-10-31,2025-11-10,2025-11-09,9254.99,181500.0
C011,2025-10-31,2025-11-30,2025-11-29,65581.63,747100.0
C023,2025-10-31,2025-11-15,2025-11-13,11887.25,275500.0
C024,2025-10-31,2025-11-15,2025-11-14,15989.31,351000.0
C003,2025-10-31,2025-11-15,2025-11-16,25746.52,611900.0
C013,2025-10-31,2025-11-30,2025-11-27,40929.67,836500.0
C012,2025-10-31,2025-11-30,2025-12-01,25768.45,1320700.0
C001,2025-11-01,2025-11-11,2025-11-10,17445.55,334000.0
C004,2025-11-01,2025-11-16,2025-11-18,24600.71,320000.0
C005,2025-11-01,2025-11-11,2025-11-09,23642.91,495200.0
C007,2025-11-01,2025-11-16,2025-11-16,23105.96,493000.0
C010,2025-11-01,2025-11-16,2025-11-15,43865.98,1222000.0
C013,2025-11-01,2025-12-01,2025-11-29,40351.93,836500.0
C011,2025-11-02,2025-12-02,2025-11-30,41491.82,747100.0
C003,2025-11-02,2025-11-17,2025-11-17,23620.75,611900.0
C009,2025-11-02,2025-12-02,2025-11-28,40624.48,631300.0
C006,2025-11-02,2025-12-02,2025-12-04,19584.77,416600.0
C021,2025-11-03,2025-11-18,2025-11-16,11802.02,296800.0
C012,2025-11-03,2025-12-03,2025-12-01,47574.59,1320700.0
C023,2025-11-03,2025-11-18,2025-11-19,12466.56,275500.0
C005,2025-11-03,2025-11-13,2025-11-10,24622.95,495200.0
C001,2025-11-03,2025-11-13,2025-11-14,25771.42,334000.0
C004,2025-11-03,2025-11-18,2025-11-15,15680.48,320000.0
C022,2025-11-03,2025-11-13,2025-11-14,6408.15,181500.0
C013,2025-11-04,2025-12-04,2025-12-03,25988.65,836500.0
C010,2025-11-04,2025-11-19,2025-11-18,43259.98,1222000.0
C024,2025-11-04,2025-11-19,2025-11-20,13970.69,351000.0
C008,2025-11-04,2025-11-14,2025-11-14,19659.05,516700.0
C003,2025-11-04,2025-11-19,2025-11-19,23444.34,611900.0
C002,2025-11-04,2025-11-19,2025-11-18,16242.09,369600.0
C012,2025-11-05,2025-12-05,2025-12-02,42467.03,1320700.0
C009,2025-11-05,2025-12-05,2025-12-06,35994.87,631300.0
C021,2025-11-05,2025-11-20,2025-11-22,14637.08,296800.0
C011,2025-11-05,2025-12-05,2025-11-29,38624.3,747100.0
C007,2025-11-05,2025-11-20,2025-11-19,20301.31,493000.0
C008,2025-11-06,2025-11-16,2025-11-13,14021.76,516700.0
C013,2025-11-06,2025-12-06,2025-12-09,28041.18,836500.0
C005,2025-11-06,2025-11-16,2025-11-11,22883.0,495200.0
C006,2025-11-06,2025-12-06,2025-12-10,20936.94,416600.0
C010,2025-11-06,2025-11-21,2025-11-20,34430.48,1222000.0
C024,2025-11-06,2025-11-21,2025-11-19,17356.3,351000.0
C001,2025-11-06,2025-11-16,2025-11-13,18637.45,334000.0
C023,2025-11-06,2025-11-21,2025-11-21,9952.38,275500.0
C004,2025-11-07,2025-11-22,2025-11-21,15117.3,320000.0
C009,2025-11-07,2025-12-07,2025-12-06,30458.05,631300.0
C011,2025-11-07,2025-12-07,2025-12-11,46714.14,747100.0
C002,2025-11-07,2025-11-22,2025-11-20,16853.85,369600.0
C022,2025-11-07,2025-11-17,2025-11-16,7016.75,181500.0
C010,2025-11-08,2025-11-23,2025-11-23,52375.67,1222000.0
C006,2025-11-08,2025-12-08,2025-12-07,21222.57,416600.0
C024,2025-11-08,2025-11-23,2025-11-23,13023.23,351000.0
C007,2025-11-08,2025-11-23,2025-11-23,24750.22,493000.0
C010,2025-11-08,2025-11-23,2025-11-20,37949.01,1222000.0
C012,2025-11-09,2025-12-09,2025-12-08,40737.26,1320700.0
C003,2025-11-09,2025-11-24,2025-11-20,21213.05,611900.0
C021,2025-11-10,2025-11-25,2025-11-24,13460.66,296800.0
C013,2025-11-10,2025-12-10,2025-12-06,21081.5,836500.0
C024,2025-11-10,2025-11-25,2025-11-25,17954.62,351000.0
C005,2025-11-10,2025-11-20,2025-11-16,28675.14,495200.0
C004,2025-11-10,2025-11-25,2025-11-25,15935.4,320000.0
C008,2025-11-10,2025-11-20,2025-11-21,15963.3,516700.0
C023,2025-11-10,2025-11-25,2025-11-26,12193.98,275500.0
C010,2025-11-11,2025-11-26,2025-11-28,31784.92,1222000.0
C002,2025-11-11,2025-11-26,2025-11-24,17763.74,369600.0
C022,2025-11-11,2025-11-21,2025-11-20,3947.25,181500.0
C009,2025-11-11,2025-12-11,2025-12-13,24922.98,631300.0
C011,2025-11-11,2025-12-11,2025-12-07,45569.11,747100.0
C012,2025-11-11,2025-12-11,2025-12-11,28448.65,1320700.0
C020,2025-11-12,2025-12-12,2025-12-13,693636.38,1469900.0
C012,2025-11-12,2025-12-12,2025-12-14,48762.28,1320700.0
C007,2025-11-12,2025-11-27,2025-11-23,18008.29,493000.0
C001,2025-11-12,2025-11-22,2025-11-19,17409.76,334000.0
C010,2025-11-12,2025-11-27,2025-11-25,39347.51,1222000.0
C008,2025-11-12,2025-11-22,2025-11-20,19333.79,516700.0
C003,2025-11-12,2025-11-27,2025-11-27,21594.2,611900.0
C013,2025-11-12,2025-12-12,2025-12-13,43149.57,836500.0
C006,2025-11-13,2025-12-13,2025-12-12,18439.83,416600.0
C011,2025-11-13,2025-12-13,2025-12-12,43880.72,747100.0
C009,2025-11-13,2025-12-13,2025-12-14,22096.84,631300.0
C014,2025-11-13,2025-11-23,2025-12-02,21418.63,174500.0
C023,2025-11-13,2025-11-28,2025-11-23,11888.83,275500.0
C021,2025-11-13,2025-11-28,2025-11-26,15163.36,296800.0
C022,2025-11-14,2025-11-24,2025-11-25,4177.17,181500.0
C024,2025-11-14,2025-11-29,2025-11-24,15934.96,351000.0
C012,2025-11-14,2025-12-14,2025-12-10,39055.58,1320700.0
C005,2025-11-14,2025-11-24,2025-11-22,28936.54,495200.0
C004,2025-11-14,2025-11-29,2025-11-27,16138.29,320000.0
C011,2025-11-15,2025-12-15,2025-12-11,63863.37,747100.0
C019,2025-11-15,2025-12-15,2025-12-15,330913.29,1854300.0
C013,2025-11-15,2025-12-15,2025-12-15,39175.27,836500.0
C010,2025-11-15,2025-11-30,2025-11-29,46023.79,1222000.0
C008,2025-11-15,2025-11-25,2025-11-22,17977.48,516700.0
C003,2025-11-15,2025-11-30,2025-12-01,20703.6,611900.0
C006,2025-11-16,2025-12-16,2025-12-13,24187.08,416600.0
C001,2025-11-16,2025-11-26,2025-11-26,19356.88,334000.0
C018,2025-11-16,2025-11-26,2025-11-23,15932.59,128100.0
C007,2025-11-16,2025-12-01,2025-11-29,13366.16,493000.0
C002,2025-11-16,2025-12-01,2025-12-01,17901.45,369600.0
C012,2025-11-17,2025-12-17,2025-12-17,50561.69,1320700.0
C023,2025-11-17,2025-12-02,2025-12-05,13512.0,275500.0
C024,2025-11-17,2025-12-02,2025-11-30,15918.7,351000.0
C011,2025-11-17,2025-12-17,2025-12-14,41356.22,747100.0
C004,2025-11-17,2025-12-02,2025-11-28,14591.0,320000.0
C010,2025-11-17,2025-12-02,2025-12-02,49834.39,1222000.0
C021,2025-11-17,2025-12-02,2025-11-30,12167.24,296800.0
C010,2025-11-17,2025-12-02,2025-12-01,55647.6,1222000.0
C008,2025-11-18,2025-11-28,2025-11-30,21707.06,516700.0
C015,2025-11-18,2025-11-28,2025-12-30,28557.37,173700.0
C013,2025-11-18,2025-12-18,2025-12-17,45590.78,836500.0
C022,2025-11-18,2025-11-28,2025-11-27,6651.14,181500.0
C009,2025-11-18,2025-12-18,2025-12-18,41954.9,631300.0
C005,2025-11-18,2025-11-28,2025-11-25,16644.21,495200.0
C003,2025-11-18,2025-12-03,2025-11-30,18128.19,611900.0
C012,2025-11-19,2025-12-19,2025-12-17,57585.48,1320700.0
C001,2025-11-19,2025-11-29,2025-11-29,13767.47,334000.0
C010,2025-11-19,2025-12-04,2025-12-02,56991.47,1222000.0
C007,2025-11-19,2025-12-04,2025-12-03,13739.61,493000.0
C023,2025-11-19,2025-12-04,2025-12-02,13536.93,275500.0
C021,2025-11-19,2025-12-04,2025-12-02,16799.75,296800.0
C009,2025-11-20,2025-12-20,2025-12-19,33561.72,631300.0
C011,2025-11-20,2025-12-20,2025-12-23,32627.56,747100.0
C002,2025-11-20,2025-12-05,2025-12-05,18004.18,369600.0
C010,2025-11-20,2025-12-05,2025-12-04,61693.33,1222000.0
C006,2025-11-20,2025-12-20,2025-12-15,20011.34,416600.0
C004,2025-11-21,2025-12-06,2025-12-07,23453.79,320000.0
C012,2025-11-21,2025-12-21,2025-12-20,36013.23,1320700.0
C009,2025-11-21,2025-12-21,2025-12-18,33484.36,631300.0
C024,2025-11-21,2025-12-06,2025-12-05,21918.94,351000.0
C005,2025-11-22,2025-12-02,2025-12-02,26800.28,495200.0
C013,2025-11-22,2025-12-22,2025-12-23,46128.44,836500.0
C022,2025-11-22,2025-12-02,2025-12-01,5869.03,181500.0
C008,2025-11-22,2025-12-02,2025-11-29,17703.24,516700.0
C012,2025-11-23,2025-12-23,2025-12-18,45096.31,1320700.0
C003,2025-11-23,2025-12-08,2025-12-08,28752.69,611900.0
C018,2025-11-23,2025-12-03,2025-12-02,11317.73,128100.0
C007,2025-11-23,2025-12-08,2025-12-09,15004.32,493000.0
C011,2025-11-23,2025-12-23,2025-12-20,58661.43,747100.0
C010,2025-11-23,2025-12-08,2025-12-08,55798.31,1222000.0
C001,2025-11-23,2025-12-03,2025-11-29,21388.63,334000.0
C012,2025-11-23,2025-12-23,2025-12-21,72709.84,1320700.0
C023,2025-11-23,2025-12-08,2025-12-07,14630.66,275500.0
C013,2025-11-23,2025-12-23,2025-12-23,37774.14,836500.0
C010,2025-11-23,2025-12-08,2025-12-06,50986.94,1222000.0
C012,2025-11-24,2025-12-24,2025-12-27,47676.92,1320700.0
C011,2025-11-24,2025-12-24,2025-12-23,38340.42,747100.0
C021,2025-11-24,2025-12-09,2025-12-08,11645.85,296800.0
C004,2025-11-24,2025-12-09,2025-12-08,12211.92,320000.0
C009,2025-11-24,2025-12-24,2025-12-23,39925.71,631300.0
C022,2025-11-24,2025-12-04,2025-12-01,4878.59,181500.0
C023,2025-11-25,2025-12-10,2025-12-09,12534.92,275500.0
C013,2025-11-25,2025-12-25,2025-12-27,36817.02,836500.0
C002,2025-11-25,2025-12-10,2025-12-08,17039.49,369600.0
C005,2025-11-25,2025-12-05,2025-12-02,30558.11,495200.0
C024,2025-11-25,2025-12-10,2025-12-09,22365.13,351000.0
C006,2025-11-25,2025-12-25,2025-12-23,17630.62,416600.0
C009,2025-11-25,2025-12-25,2025-12-22,50978.56,631300.0
C010,2025-11-25,2025-12-10,2025-12-09,29808.26,1222000.0
C011,2025-11-26,2025-12-26,2025-12-22,53985.11,747100.0
C007,2025-11-26,2025-12-11,2025-12-09,23089.08,493000.0
C012,2025-11-26,2025-12-26,2025-12-24,56869.4,1320700.0
C008,2025-11-27,2025-12-07,2025-12-06,21928.27,516700.0
C001,2025-11-27,2025-12-07,2025-12-06,19787.81,334000.0
C010,2025-11-27,2025-12-12,2025-12-11,63498.95,1222000.0
C003,2025-11-27,2025-12-12,2025-12-12,16631.29,611900.0
C012,2025-11-28,2025-12-28,2025-12-26,50512.47,1320700.0
C009,2025-11-28,2025-12-28,2025-12-27,44329.27,631300.0
C024,2025-11-28,2025-12-13,2025-12-12,22875.5,351000.0
C013,2025-11-28,2025-12-28,2025-12-30,57368.46,836500.0
C021,2025-11-28,2025-12-13,2025-12-11,13410.69,296800.0
C005,2025-11-28,2025-12-08,2025-12-04,22879.96,495200.0
C004,2025-11-28,2025-12-13,2025-12-13,19855.16,320000.0
C022,2025-11-28,2025-12-08,2025-12-10,7632.79,181500.0
C010,2025-11-28,2025-12-13,2025-12-14,43818.82,1222000.0
C007,2025-11-28,2025-12-13,2025-12-10,24808.51,493000.0
C012,2025-11-28,2025-12-28,2025-12-27,63927.72,1320700.0
C006,2025-11-29,2025-12-29,2025-12-29,14887.75,416600.0
C011,2025-11-29,2025-12-29,2025-12-31,56261.2,747100.0
C001,2025-11-29,2025-12-09,2025-12-08,18570.69,334000.0
C008,2025-11-29,2025-12-09,2025-12-05,17276.79,516700.0
C024,2025-11-30,2025-12-15,2025-12-15,13471.42,351000.0
C013,2025-11-30,2025-12-30,2025-12-30,40417.1,836500.0
C012,2025-11-30,2025-12-30,2025-12-28,69117.94,1320700.0
C023,2025-11-30,2025-12-15,2025-12-15,13932.34,275500.0
C010,2025-11-30,2025-12-15,2025-12-16,61357.59,1222000.0
C002,2025-11-30,2025-12-15,2025-12-13,23179.83,369600.0
C009,2025-12-01,2025-12-31,2025-12-31,45870.79,631300.0
C003,2025-12-01,2025-12-16,2025-12-16,21271.46,611900.0
C010,2025-12-01,2025-12-16,2025-12-13,59961.82,1222000.0
C023,2025-12-01,2025-12-16,2025-12-15,20986.51,275500.0
C005,2025-12-01,2025-12-11,2025-12-11,29876.03,495200.0
C007,2025-12-01,2025-12-16,2025-12-11,24532.04,493000.0
C022,2025-12-01,2025-12-11,2025-12-13,7084.13,181500.0
C001,2025-12-02,2025-12-12,2025-12-09,18075.43,334000.0
C013,2025-12-02,2026-01-01,2025-12-30,48677.42,836500.0
C021,2025-12-02,2025-12-17,2025-12-16,13673.12,296800.0
C011,2025-12-02,2026-01-01,2025-12-28,51128.56,747100.0
C004,2025-12-02,2025-12-17,2025-12-16,22255.71,320000.0
C006,2025-12-02,2026-01-01,2025-12-30,20181.34,416600.0
C010,2025-12-02,2025-12-17,2025-12-14,54138.01,1222000.0
C024,2025-12-03,2025-12-18,2025-12-18,19579.93,351000.0
C008,2025-12-03,2025-12-13,2025-12-13,20771.97,516700.0
C013,2025-12-03,2026-01-02,2026-01-04,47500.86,836500.0
C012,2025-12-03,2026-01-02,2026-01-01,58183.4,1320700.0
C011,2025-12-03,2026-01-02,2025-12-31,25072.94,747100.0
C007,2025-12-04,2025-12-19,2025-12-20,15834.83,493000.0
C003,2025-12-04,2025-12-19,2025-12-16,28054.86,611900.0
C002,2025-12-04,2025-12-19,2025-12-21,18262.69,369600.0
C009,2025-12-04,2026-01-03,2026-01-05,43570.2,631300.0
C005,2025-12-04,2025-12-14,2025-12-15,19879.1,495200.0
C012,2025-12-04,2026-01-03,2026-01-03,69166.72,1320700.0
C013,2025-12-04,2026-01-03,2025-12-31,24003.36,836500.0
C009,2025-12-05,2026-01-04,2026-01-02,40834.17,631300.0
C010,2025-12-05,2025-12-20,2025-12-16,51571.37,1222000.0
C019,2025-12-05,2026-01-04,2026-01-06,444433.91,1854300.0
C006,2025-12-05,2026-01-04,2026-01-02,16662.7,416600.0
C010,2025-12-05,2025-12-20,2025-12-21,49440.72,1222000.0
