Customer,Lift Date,Net Gallons,Terminal,Product,Gross Gallons,Temp (F),API Gravity,Sell Price,Unit Cost
C009,2025-04-23 06:12:00,9728.5,Providence,ULSHO,9646.6,47.9,35.03,2.6259,2.6029
C006,2025-04-23 07:52:00,5641.5,Providence,RBOB,5585.3,49.4,60.64,2.2264,2.2077
C003,2025-04-23 09:01:00,8068.4,Albany,RBOB,8024.5,54.2,60.28,2.2295,2.2077
C001,2025-04-23 11:14:00,7295.0,Linden,RBOB,7264.5,55.6,59.93,2.2158,2.2077
C007,2025-04-23 13:46:00,8076.2,Providence,RBOB,8019.1,52.5,59.97,2.22,2.2077
C011,2025-04-23 14:28:00,15818.0,Providence,ULSD,15735.5,52.5,35.46,2.5496,2.5337
C016,2025-04-23 15:09:00,22447.5,Linden,RBOB,22150.5,45.9,60.17,2.221,2.2077
C004,2025-04-23 15:31:00,6282.7,Providence,RBOB,6222.0,49.7,59.98,2.2193,2.2077
C010,2025-04-24 12:51:00,11400.6,Linden,ULSHO,11358.3,54.7,35.57,2.5839,2.5777
C006,2025-04-25 09:23:00,9001.9,Providence,RBOB,8925.8,51.0,60.43,2.2732,2.2569
C011,2025-04-25 09:24:00,14431.4,Providence,ULSD,14370.8,54.0,35.3,2.5463,2.5286
C022,2025-04-25 12:02:00,3131.7,Linden,RBOB,3092.2,46.5,59.7,2.2599,2.2569
C024,2025-04-25 13:11:00,2868.9,Linden,ULSD,2856.7,53.9,35.51,2.5318,2.5286
C005,2025-04-26 06:22:00,8000.9,Providence,ULSD,7958.8,52.4,35.74,2.6019,2.5919
C001,2025-04-26 09:27:00,7796.0,Linden,ULSD,7750.2,51.6,36.2,2.5953,2.5919
C008,2025-04-26 10:04:00,6917.2,Providence,ULSD,6873.0,50.8,35.8,2.6058,2.5919
C003,2025-04-26 10:06:00,8578.2,Albany,ULSD,8525.6,51.2,35.64,2.6143,2.5919
C004,2025-04-26 13:06:00,6474.1,Providence,RBOB,6423.7,51.7,60.07,2.3059,2.2899
C021,2025-04-26 13:17:00,4563.3,Linden,RBOB,4518.0,49.5,60.45,2.2929,2.2899
C002,2025-04-26 13:51:00,5632.2,Providence,ULSD,5596.8,51.0,36.22,2.6056,2.5919
C009,2025-04-26 14:14:00,10049.5,Providence,ULSHO,9963.0,47.6,35.22,2.5774,2.5626
C015,2025-04-26 17:44:00,7020.7,Albany,RBOB,6950.1,49.3,60.72,2.319,2.2899
C012,2025-04-27 11:42:00,12228.3,Linden,ULSD,12255.9,63.2,36.28,2.6144,2.6114
C010,2025-04-27 12:46:00,14121.6,Linden,ULSD,14063.8,54.1,35.59,2.6144,2.6114
C007,2025-04-27 14:25:00,6707.0,Providence,RBOB,6643.4,49.9,59.66,2.3121,2.2948
C023,2025-04-27 14:34:00,6076.1,Albany,RBOB,6068.4,58.7,59.53,2.3182,2.2948
C013,2025-04-27 16:15:00,7556.5,Linden,ULSHO,7511.9,51.5,35.35,2.6141,2.6111
C009,2025-04-28 06:30:00,9384.6,Providence,ULSHO,9358.8,56.1,35.35,2.6203,2.6001
C011,2025-04-28 08:34:00,14716.8,Providence,ULSD,14606.4,49.2,36.13,2.6042,2.5936
C024,2025-04-28 11:04:00,4833.2,Linden,ULSD,4813.7,54.2,36.01,2.5966,2.5936
C003,2025-04-28 13:11:00,8541.3,Albany,ULSD,8502.1,53.4,36.94,2.6164,2.5936
C008,2025-04-29 07:28:00,5648.9,Providence,ULSD,5647.2,59.6,35.18,2.6549,2.6479
C001,2025-04-29 07:29:00,6856.6,Linden,RBOB,6813.2,53.3,59.26,2.2918,2.2792
C005,2025-04-29 11:59:00,6036.8,Providence,ULSD,6026.7,57.6,36.06,2.6509,2.6479
C006,2025-04-29 14:02:00,9896.3,Providence,RBOB,9883.8,58.7,60.97,2.3035,2.2792
C013,2025-04-29 15:17:00,12138.0,Linden,ULSHO,12120.6,58.0,35.74,2.5638,2.5606
C021,2025-04-29 15:27:00,6999.1,Linden,RBOB,6948.5,52.3,59.87,2.2822,2.2792
C022,2025-04-29 17:20:00,2833.2,Linden,RBOB,2809.5,51.2,60.5,2.2822,2.2792
C004,2025-04-29 17:46:00,6899.0,Providence,ULSD,6846.6,49.1,36.84,2.6517,2.6479
C010,2025-04-30 08:16:00,8371.8,Linden,ULSHO,8355.9,57.3,35.51,2.5411,2.5346
C020,2025-04-30 11:29:00,139305.6,Providence,ULSD,139492.4,61.9,36.85,2.6144,2.5933
C024,2025-04-30 13:25:00,5646.7,Linden,ULSD,5612.3,51.3,35.43,2.5975,2.5933
C013,2025-05-01 09:45:00,9786.9,Linden,ULSHO,9729.4,51.6,34.1,2.4939,2.4909
C002,2025-05-01 10:06:00,6361.6,Providence,ULSD,6345.1,56.3,36.41,2.6575,2.6391
C017,2025-05-01 10:54:00,9665.2,Linden,RBOB,9555.3,47.9,60.34,2.1958,2.1804
C007,2025-05-01 14:05:00,8567.0,Providence,ULSD,8520.4,52.2,36.54,2.6552,2.6391
C014,2025-05-01 14:15:00,17869.5,Providence,RBOB,17744.5,52.6,59.79,2.2057,2.1804
C012,2025-05-01 14:59:00,14614.1,Linden,ULSD,14505.2,49.3,35.42,2.6482,2.6391
C011,2025-05-01 15:24:00,12795.4,Providence,ULSD,12721.9,51.8,36.2,2.6597,2.6391
C023,2025-05-01 15:31:00,5646.9,Albany,RBOB,5640.7,58.8,60.09,2.2009,2.1804
C008,2025-05-01 15:56:00,6736.9,Providence,ULSD,6686.5,49.2,35.88,2.6577,2.6391
C021,2025-05-01 16:55:00,6277.1,Linden,RBOB,6242.0,54.1,60.03,2.1834,2.1804
C022,2025-05-01 17:25:00,3024.7,Linden,RBOB,3007.4,53.9,60.73,2.1834,2.1804
C024,2025-05-02 06:47:00,5563.7,Linden,ULSD,5536.6,53.0,36.19,2.6131,2.6101
C005,2025-05-02 08:51:00,8288.3,Providence,ULSD,8266.5,56.2,36.5,2.6154,2.6101
C003,2025-05-02 10:26:00,7680.3,Albany,ULSD,7653.6,55.0,36.12,2.6347,2.6101
C016,2025-05-02 11:45:00,12943.8,Linden,RBOB,12814.0,49.3,59.26,2.2143,2.1976
C009,2025-05-02 12:59:00,7278.1,Providence,ULSHO,7252.6,55.0,34.69,2.508,2.4863
C006,2025-05-02 16:36:00,8124.8,Providence,RBOB,8066.0,52.3,60.55,2.2123,2.1976
C004,2025-05-03 11:13:00,5856.1,Providence,RBOB,5844.9,58.0,58.59,2.2177,2.2003
C001,2025-05-03 11:39:00,7612.4,Linden,ULSD,7538.5,46.0,35.86,2.5054,2.5
C022,2025-05-03 11:39:00,3843.4,Linden,RBOB,3832.9,57.1,60.07,2.2033,2.2003
C023,2025-05-03 16:32:00,4855.6,Albany,ULSD,4848.8,58.0,36.77,2.5185,2.5
C010,2025-05-03 17:22:00,10012.7,Linden,ULSHO,9986.3,56.2,34.89,2.499,2.4933
C002,2025-05-04 06:50:00,5014.2,Providence,ULSD,5010.8,59.0,36.15,2.6028,2.5863
C005,2025-05-04 07:39:00,8654.2,Providence,ULSD,8627.2,55.5,36.33,2.599,2.5863
C009,2025-05-04 09:20:00,10370.9,Providence,ULSHO,10377.0,60.8,34.22,2.5078,2.4891
C013,2025-05-04 10:20:00,8276.3,Linden,ULSHO,8276.4,60.0,35.28,2.4988,2.4891
C008,2025-05-04 17:53:00,5809.1,Providence,ULSD,5793.1,56.1,36.02,2.603,2.5863
C024,2025-05-05 09:55:00,4811.5,Linden,ULSD,4765.5,46.2,35.67,2.644,2.641
C011,2025-05-05 10:27:00,16096.9,Providence,ULSD,15952.9,47.1,36.04,2.6644,2.641
C015,2025-05-05 12:31:00,7245.3,Albany,RBOB,7203.7,53.9,59.64,2.1648,2.1408
C012,2025-05-05 12:57:00,8560.5,Linden,ULSD,8534.9,55.7,36.69,2.644,2.641
C006,2025-05-05 15:44:00,9217.4,Providence,RBOB,9141.3,51.2,59.51,2.1579,2.1408
C003,2025-05-05 15:54:00,8392.0,Albany,RBOB,8362.4,56.3,59.4,2.1572,2.1408
C020,2025-05-05 15:57:00,70162.7,Providence,ULSD,70074.9,58.2,36.52,2.6636,2.641
C021,2025-05-05 16:13:00,4987.7,Linden,RBOB,4987.7,60.0,59.72,2.1438,2.1408
C018,2025-05-05 17:33:00,5418.0,Albany,RBOB,5384.6,53.5,60.23,2.1693,2.1408
C022,2025-05-06 08:10:00,3143.8,Linden,RBOB,3118.7,51.5,59.45,2.1283,2.1253
C010,2025-05-06 12:26:00,10179.7,Linden,ULSHO,10113.8,50.7,34.83,2.3269,2.3215
C004,2025-05-06 16:09:00,7012.3,Providence,ULSD,6978.9,53.2,37.17,2.6024,2.5932
C001,2025-05-06 16:35:00,7650.6,Linden,ULSD,7631.8,56.5,34.66,2.5979,2.5932
C023,2025-05-06 17:40:00,4834.2,Albany,ULSD,4798.9,49.5,35.73,2.6162,2.5932
C007,2025-05-06 17:42:00,5954.0,Providence,RBOB,5911.8,52.5,59.86,2.138,2.1253
C013,2025-05-07 07:15:00,6855.2,Linden,ULSD,6832.5,55.2,35.42,2.5887,2.58
C008,2025-05-07 17:32:00,4990.9,Providence,ULSD,4959.5,50.9,34.89,2.5956,2.58
C005,2025-05-08 09:04:00,9304.5,Providence,ULSD,9303.4,59.8,36.2,2.5871,2.5714
C012,2025-05-08 10:35:00,8929.1,Linden,ULSD,8943.2,62.3,35.64,2.5794,2.5714
C002,2025-05-08 10:39:00,7053.4,Providence,ULSD,7048.1,58.9,37.2,2.5908,2.5714
C024,2025-05-08 12:02:00,5787.7,Linden,ULSD,5776.9,57.3,36.68,2.5756,2.5714
C003,2025-05-08 12:22:00,8901.1,Albany,ULSD,8904.1,60.5,36.08,2.5895,2.5714
C022,2025-05-08 13:17:00,3016.6,Linden,RBOB,3025.8,63.2,60.14,2.0768,2.0738
C021,2025-05-08 14:39:00,4166.6,Linden,RBOB,4160.9,58.6,60.24,2.0768,2.0738
C011,2025-05-08 15:32:00,9424.0,Providence,ULSD,9434.2,61.5,36.61,2.593,2.5714
C016,2025-05-09 07:26:00,9213.8,Linden,RBOB,9130.8,50.4,59.81,2.0172,2.0017
C001,2025-05-09 11:04:00,6919.2,Linden,RBOB,6863.7,51.5,59.21,2.012,2.0017
C010,2025-05-09 12:35:00,7275.9,Linden,ULSHO,7228.7,50.7,34.85,2.2673,2.2625
C009,2025-05-09 12:36:00,9120.7,Providence,ULSHO,9125.8,60.8,33.91,2.2792,2.2625
C017,2025-05-09 14:26:00,14047.1,Linden,RBOB,13963.7,53.7,59.29,2.0177,2.0017
C014,2025-05-09 14:44:00,15715.0,Providence,RBOB,15718.1,60.2,59.9,2.0282,2.0017
C006,2025-05-09 17:30:00,8278.7,Providence,RBOB,8222.6,52.8,60.14,2.0234,2.0017
C008,2025-05-10 06:23:00,6295.2,Providence,ULSD,6298.2,60.7,36.08,2.5222,2.5104
C013,2025-05-10 10:36:00,10479.1,Linden,ULSHO,10433.2,53.7,34.91,2.3102,2.306
C007,2025-05-10 11:11:00,6576.5,Providence,RBOB,6569.3,58.8,59.34,2.0063,1.9892
C004,2025-05-10 12:00:00,5233.7,Providence,RBOB,5184.7,50.0,60.72,2.0057,1.9892
C022,2025-05-11 06:19:00,3411.7,Linden,RBOB,3370.6,47.2,59.68,2.0233,2.0203
C024,2025-05-11 07:02:00,5643.9,Linden,ULSD,5616.2,52.9,36.02,2.4756,2.4726
C019,2025-05-11 10:16:00,169499.1,Linden,ULSD,167369.7,41.8,35.79,2.4756,2.4726
C012,2025-05-11 11:00:00,12047.8,Linden,ULSD,12009.5,55.4,35.76,2.4756,2.4726
C003,2025-05-11 14:40:00,6899.9,Albany,RBOB,6839.2,50.7,59.71,2.0482,2.0203
C015,2025-05-11 15:07:00,8843.9,Albany,RBOB,8792.3,53.8,59.24,2.0558,2.0203
C021,2025-05-11 16:11:00,4844.2,Linden,RBOB,4801.1,50.5,59.73,2.0236,2.0203
C009,2025-05-12 07:28:00,9521.2,Providence,ULSHO,9430.7,46.3,33.89,2.3149,2.2962
C005,2025-05-12 08:01:00,8036.3,Providence,ULSD,7981.2,50.1,35.91,2.5031,2.4952
C018,2025-05-12 13:26:00,9218.9,Albany,RBOB,9223.3,60.5,59.77,2.0612,2.0263
C023,2025-05-12 13:35:00,4969.8,Albany,RBOB,4955.5,57.0,59.7,2.0482,2.0263
C011,2025-05-12 14:08:00,10183.1,Providence,ULSD,10176.4,59.1,36.43,2.509,2.4952
C010,2025-05-12 16:04:00,11745.3,Linden,ULSHO,11630.7,45.9,35.23,2.3037,2.2962
C002,2025-05-12 16:07:00,5798.3,Providence,ULSD,5767.8,52.4,36.04,2.5068,2.4952
C007,2025-05-13 08:10:00,6220.4,Providence,RBOB,6127.3,44.0,60.37,2.0186,2.007
C006,2025-05-13 14:13:00,7778.0,Providence,RBOB,7721.9,52.4,60.43,2.025,2.007
C024,2025-05-13 16:58:00,7813.5,Linden,ULSD,7768.2,51.7,36.54,2.506,2.5003
C022,2025-05-14 06:20:00,3703.7,Linden,RBOB,3698.8,58.6,60.42,2.0064,2.0034
C013,2025-05-14 07:21:00,10858.5,Linden,ULSD,10882.3,63.1,35.69,2.5494,2.5464
C008,2025-05-14 07:27:00,6131.9,Providence,ULSD,6130.7,59.7,35.83,2.5648,2.5464
C003,2025-05-14 09:55:00,8945.8,Albany,ULSD,8923.4,56.4,36.17,2.5646,2.5464
C004,2025-05-14 10:41:00,6158.5,Providence,ULSD,6149.4,57.9,36.57,2.5617,2.5464
C010,2025-05-14 12:16:00,9433.6,Linden,ULSHO,9426.2,58.9,34.17,2.2719,2.2639
C012,2025-05-14 13:22:00,12599.8,Linden,ULSD,12624.4,62.8,36.02,2.5494,2.5464
C021,2025-05-14 15:27:00,5512.4,Linden,RBOB,5495.5,56.8,60.83,2.0064,2.0034
C001,2025-05-14 17:40:00,8110.7,Linden,RBOB,8107.0,59.5,60.21,2.0087,2.0034
C010,2025-05-15 06:42:00,11477.8,Linden,ULSD,11412.2,51.8,35.62,2.5552,2.5522
C023,2025-05-15 07:37:00,4739.3,Albany,RBOB,4731.4,58.2,59.39,2.0605,2.0343
C011,2025-05-15 09:54:00,11276.6,Providence,ULSD,11214.2,52.0,36.63,2.5697,2.5522
C005,2025-05-15 13:12:00,10704.1,Providence,ULSD,10631.3,50.2,36.54,2.5638,2.5522
C009,2025-05-15 14:04:00,10356.2,Providence,ULSHO,10285.9,50.2,34.72,2.2529,2.2355
C012,2025-05-15 16:31:00,7695.3,Linden,ULSHO,7695.2,60.0,35.27,2.2461,2.2355
C016,2025-05-16 06:34:00,25325.0,Linden,RBOB,25033.5,47.7,60.42,1.9475,1.9344
C024,2025-05-16 06:54:00,6305.2,Linden,ULSD,6317.3,62.8,36.16,2.6354,2.6324
C008,2025-05-16 08:04:00,5797.7,Providence,ULSD,5789.6,58.0,36.37,2.6432,2.6324
C002,2025-05-16 10:08:00,6013.6,Providence,ULSD,5981.2,52.3,36.31,2.643,2.6324
C014,2025-05-16 10:32:00,19350.6,Providence,RBOB,19424.5,64.0,60.46,1.9695,1.9344
C007,2025-05-17 10:29:00,5297.8,Providence,RBOB,5319.4,64.3,61.04,1.95,1.9387
C006,2025-05-17 10:36:00,7798.3,Providence,RBOB,7830.2,64.3,59.93,1.9564,1.9387
C022,2025-05-17 10:40:00,2765.6,Linden,RBOB,2768.6,61.1,59.35,1.9417,1.9387
C004,2025-05-17 16:40:00,6309.6,Providence,ULSD,6307.3,59.5,36.55,2.6188,2.6035
C013,2025-05-18 07:48:00,9540.4,Linden,ULSHO,9569.0,64.3,35.78,2.2195,2.2164
C011,2025-05-18 08:00:00,6456.5,Providence,ULSD,6420.3,51.9,35.49,2.625,2.6056
C001,2025-05-18 08:48:00,6441.6,Linden,RBOB,6414.2,55.5,60.15,1.9555,1.9426
C003,2025-05-18 10:42:00,7120.0,Albany,RBOB,7145.4,63.7,59.49,1.9691,1.9426
C021,2025-05-18 11:08:00,6439.5,Linden,RBOB,6415.7,56.1,60.93,1.9456,1.9426
C009,2025-05-18 11:10:00,6441.4,Providence,ULSHO,6433.1,58.2,35.43,2.2289,2.2164
C010,2025-05-18 13:19:00,10737.6,Linden,ULSD,10717.8,57.4,36.73,2.6088,2.6056
C012,2025-05-18 13:26:00,9504.4,Linden,ULSD,9502.0,59.7,36.06,2.6086,2.6056
C017,2025-05-18 16:41:00,12442.2,Linden,RBOB,12444.6,60.2,60.0,1.9612,1.9426
C023,2025-05-19 07:40:00,6253.9,Albany,ULSD,6226.3,53.7,36.33,2.5485,2.5265
C005,2025-05-19 10:54:00,8684.9,Providence,ULSD,8625.8,50.2,35.77,2.5352,2.5265
C015,2025-05-19 11:29:00,5489.5,Albany,RBOB,5485.7,59.3,60.03,2.0025,1.9632
C024,2025-05-19 15:35:00,7272.5,Linden,ULSD,7200.4,45.7,36.14,2.5295,2.5265
C002,2025-05-20 06:18:00,5929.6,Providence,ULSD,5950.9,65.1,35.71,2.4868,2.474
C001,2025-05-20 11:24:00,7423.2,Linden,RBOB,7392.1,55.6,60.14,2.0362,2.0278
C008,2025-05-20 11:39:00,5706.8,Providence,ULSD,5710.5,60.9,35.74,2.487,2.474
C022,2025-05-20 15:58:00,4110.3,Linden,RBOB,4121.7,62.9,59.66,2.0308,2.0278
C010,2025-05-21 08:52:00,10026.4,Linden,ULSD,10045.2,62.7,35.71,2.5207,2.5177
C018,2025-05-21 11:21:00,11357.3,Albany,RBOB,11313.7,55.9,59.36,2.111,2.0653
C012,2025-05-21 11:39:00,12068.5,Linden,ULSD,12149.7,69.6,36.62,2.5207,2.5177
C004,2025-05-21 12:18:00,6394.2,Providence,ULSD,6413.4,64.3,35.87,2.5233,2.5177
C007,2025-05-21 13:14:00,6273.8,Providence,RBOB,6274.9,60.2,59.37,2.0774,2.0653
C021,2025-05-21 16:26:00,5974.0,Linden,RBOB,5989.6,62.7,59.66,2.0683,2.0653
C006,2025-05-21 17:20:00,8275.4,Providence,RBOB,8319.5,65.6,60.19,2.0838,2.0653
C003,2025-05-21 17:24:00,8425.7,Albany,ULSD,8400.3,55.7,36.61,2.5465,2.5177
C011,2025-05-22 07:49:00,6391.4,Providence,ULSD,6397.6,61.4,35.15,2.5007,2.4843
C022,2025-05-22 09:03:00,3426.1,Linden,RBOB,3437.3,63.4,60.75,2.0735,2.0705
C024,2025-05-22 10:36:00,5666.7,Linden,ULSD,5650.1,55.8,35.91,2.4873,2.4843
C009,2025-05-23 08:37:00,6891.4,Providence,ULSHO,6875.6,56.7,35.33,2.2235,2.2076
C013,2025-05-23 09:54:00,8105.3,Linden,ULSHO,8106.4,60.2,35.49,2.2106,2.2076
C012,2025-05-23 10:02:00,11208.7,Linden,ULSD,11160.2,53.8,36.47,2.5047,2.4987
C016,2025-05-23 14:13:00,9208.9,Linden,ULSD,9181.0,55.7,35.79,2.5107,2.4987
C008,2025-05-23 15:04:00,6466.1,Providence,ULSD,6473.8,61.7,35.83,2.5171,2.4987
C005,2025-05-23 15:41:00,9092.1,Providence,ULSD,9060.0,54.9,35.67,2.5131,2.4987
C023,2025-05-23 16:49:00,5255.3,Albany,RBOB,5207.0,50.2,59.95,2.0978,2.0791
C003,2025-05-24 12:04:00,7404.2,Albany,RBOB,7437.6,64.7,59.75,2.124,2.0994
C010,2025-05-24 13:31:00,8917.6,Linden,ULSD,8926.5,61.4,36.46,2.4958,2.4897
C019,2025-05-24 16:36:00,106743.0,Linden,ULSD,106650.1,58.8,37.34,2.4961,2.4897
C021,2025-05-25 07:55:00,5550.6,Linden,RBOB,5572.5,64.2,60.65,2.0829,2.0799
C005,2025-05-25 08:47:00,8847.7,Providence,ULSD,8840.9,58.9,35.57,2.4578,2.4445
C024,2025-05-25 10:39:00,6071.4,Linden,ULSD,6062.6,57.9,35.6,2.4475,2.4445
C001,2025-05-25 11:44:00,7068.0,Linden,RBOB,7033.4,54.8,60.22,2.09,2.0799
C006,2025-05-25 12:00:00,7111.1,Providence,RBOB,7086.7,56.4,59.98,2.1017,2.0799
C007,2025-05-25 12:10:00,6507.1,Providence,RBOB,6498.4,58.6,60.04,2.0952,2.0799
C002,2025-05-25 12:18:00,6482.0,Providence,ULSD,6485.4,60.7,35.48,2.4615,2.4445
C013,2025-05-25 13:53:00,7563.3,Linden,ULSD,7562.0,59.7,35.59,2.4475,2.4445
C015,2025-05-25 17:15:00,8308.3,Albany,RBOB,8302.2,59.2,59.91,2.1085,2.0799
C022,2025-05-25 17:39:00,2736.8,Linden,RBOB,2727.0,56.2,60.3,2.0829,2.0799
C014,2025-05-26 06:33:00,15268.7,Providence,RBOB,15171.0,53.2,60.16,2.1152,2.0929
C008,2025-05-26 08:10:00,6154.1,Providence,ULSD,6170.6,63.8,36.04,2.4473,2.429
C011,2025-05-26 10:48:00,11420.9,Providence,ULSD,11444.2,62.9,36.33,2.4492,2.429
C010,2025-05-26 14:18:00,6517.4,Linden,ULSD,6536.8,64.3,35.92,2.432,2.429
C004,2025-05-26 16:51:00,6242.8,Providence,RBOB,6205.4,53.7,59.36,2.1033,2.0929
C023,2025-05-26 17:12:00,5934.1,Albany,RBOB,5932.7,59.8,60.2,2.1162,2.0929
C003,2025-05-27 08:58:00,7742.7,Albany,RBOB,7762.3,62.6,59.89,2.1544,2.1318
C024,2025-05-27 09:09:00,3765.4,Linden,ULSD,3795.9,71.5,35.97,2.4086,2.4002
C017,2025-05-27 10:59:00,19517.4,Linden,RBOB,19547.8,61.6,60.17,2.1504,2.1318
C012,2025-05-27 12:35:00,9834.7,Linden,ULSD,9907.1,70.4,36.21,2.4124,2.4002
C006,2025-05-27 17:22:00,6654.4,Providence,RBOB,6684.3,64.7,60.2,2.1522,2.1318
C009,2025-05-27 17:54:00,4199.4,Providence,ULSHO,4213.0,64.6,35.38,2.229,2.2173
C021,2025-05-28 07:48:00,4899.2,Linden,RBOB,4905.5,61.4,60.56,2.2007,2.1977
C001,2025-05-28 11:40:00,6241.6,Linden,RBOB,6253.6,62.0,59.21,2.2069,2.1977
C018,2025-05-28 14:15:00,9303.9,Albany,RBOB,9279.1,57.2,60.17,2.2343,2.1977
C022,2025-05-28 14:39:00,2426.1,Linden,RBOB,2425.4,59.7,59.62,2.2007,2.1977
C005,2025-05-28 17:42:00,5813.9,Providence,ULSD,5833.1,64.7,35.88,2.3846,2.3758
C008,2025-05-28 17:48:00,5733.2,Providence,ULSD,5723.9,57.7,36.65,2.3886,2.3758
C007,2025-05-29 07:58:00,7600.4,Providence,RBOB,7630.3,64.1,60.51,2.1997,2.1844
C002,2025-05-29 15:07:00,6388.9,Providence,ULSD,6390.2,60.3,36.09,2.418,2.3984
C020,2025-05-29 15:16:00,118873.5,Providence,ULSD,118979.9,61.3,35.18,2.4194,2.3984
C023,2025-05-29 16:54:00,5175.1,Albany,RBOB,5189.0,62.8,61.08,2.212,2.1844
C011,2025-05-29 16:57:00,8211.9,Providence,ULSD,8215.6,60.6,35.91,2.4202,2.3984
C024,2025-05-30 09:13:00,5844.8,Linden,ULSD,5850.9,61.5,35.66,2.4176,2.4146
C003,2025-05-30 11:15:00,7429.5,Albany,ULSD,7457.1,65.3,35.93,2.4407,2.4146
C016,2025-05-30 13:55:00,17976.5,Linden,ULSD,18081.7,68.3,37.18,2.4218,2.4146
C013,2025-05-30 14:17:00,5202.2,Linden,ULSHO,5211.6,62.6,34.92,2.2246,2.2216
C004,2025-05-30 16:08:00,6743.6,Providence,ULSD,6763.3,64.2,36.16,2.4282,2.4146
C019,2025-05-30 16:21:00,208208.8,Linden,ULSD,209145.0,66.4,37.11,2.4181,2.4146
C010,2025-05-30 17:58:00,5655.0,Linden,ULSD,5656.8,60.5,35.87,2.4178,2.4146
C006,2025-05-31 06:23:00,6096.8,Providence,RBOB,6144.9,68.2,59.29,2.2069,2.1918
C021,2025-05-31 08:15:00,4507.0,Linden,RBOB,4541.1,67.9,60.75,2.1948,2.1918
C008,2025-05-31 13:41:00,6583.7,Providence,ULSD,6621.8,68.2,36.31,2.4015,2.39
C012,2025-05-31 17:44:00,9164.4,Linden,ULSHO,9151.3,58.0,34.96,2.2155,2.2125
C022,2025-06-01 07:14:00,2377.2,Linden,RBOB,2373.7,58.4,61.02,2.2414,2.2384
C001,2025-06-01 08:46:00,6411.6,Linden,ULSD,6415.6,60.9,36.61,2.3542,2.3512
C009,2025-06-01 14:28:00,6475.2,Providence,ULSHO,6487.8,62.8,34.85,2.2804,2.2571
C005,2025-06-01 15:33:00,7276.3,Providence,ULSD,7301.4,64.9,35.98,2.3641,2.3512
C022,2025-06-02 06:37:00,2149.4,Linden,RBOB,2172.3,71.1,60.49,2.235,2.232
C024,2025-06-02 11:19:00,5983.7,Linden,ULSD,6005.4,65.2,36.7,2.3734,2.3704
C003,2025-06-02 14:11:00,8627.8,Albany,RBOB,8693.6,68.0,60.42,2.2572,2.232
C010,2025-06-02 15:35:00,4436.1,Linden,ULSD,4446.4,63.3,35.76,2.3783,2.3704
C023,2025-06-02 16:28:00,5928.7,Albany,ULSD,5958.0,67.0,36.02,2.4012,2.3704
C007,2025-06-02 17:16:00,6580.2,Providence,RBOB,6605.4,64.0,59.49,2.2433,2.232
C011,2025-06-03 09:34:00,7828.8,Providence,ULSD,7836.4,61.4,36.14,2.3904,2.3707
C019,2025-06-04 06:40:00,119945.7,Linden,ULSD,120057.4,61.3,36.27,2.4159,2.4046
C013,2025-06-04 07:37:00,7095.6,Linden,ULSD,7101.6,61.2,36.08,2.4129,2.4046
C002,2025-06-04 08:09:00,6303.4,Providence,ULSD,6314.2,62.4,35.53,2.4196,2.4046
C004,2025-06-04 10:43:00,8415.7,Providence,ULSD,8413.1,59.6,35.53,2.4167,2.4046
C006,2025-06-04 10:49:00,7877.2,Providence,RBOB,7844.2,55.6,60.14,2.2832,2.2609
C012,2025-06-04 11:53:00,8754.6,Linden,ULSHO,8735.1,56.8,35.24,2.2945,2.2915
C021,2025-06-04 12:14:00,7254.8,Linden,RBOB,7252.3,59.6,60.18,2.2639,2.2609
C008,2025-06-04 12:53:00,5782.0,Providence,ULSD,5797.9,63.9,35.69,2.4198,2.4046
C015,2025-06-04 17:15:00,17945.6,Albany,ULSD,17934.0,59.1,34.97,2.4378,2.4046
C024,2025-06-05 07:20:00,6218.0,Linden,ULSD,6263.5,70.4,35.08,2.4981,2.4951
C009,2025-06-05 08:31:00,6952.1,Providence,ULSHO,6985.3,66.8,34.35,2.3925,2.3733
C005,2025-06-05 12:47:00,7271.5,Providence,ULSD,7324.7,70.4,35.7,2.5038,2.4951
C010,2025-06-06 06:41:00,9252.4,Linden,ULSHO,9329.8,71.9,34.84,2.4004,2.3974
C022,2025-06-06 08:41:00,2442.4,Linden,RBOB,2458.0,66.7,60.49,2.2361,2.2331
C007,2025-06-06 12:06:00,6708.3,Providence,ULSD,6694.2,57.0,35.96,2.5485,2.5344
C003,2025-06-06 13:40:00,7481.3,Albany,RBOB,7485.5,60.6,60.05,2.2598,2.2331
C023,2025-06-06 15:58:00,6404.5,Albany,ULSD,6427.9,65.2,35.09,2.5633,2.5344
C006,2025-06-07 07:39:00,8472.1,Providence,RBOB,8469.1,59.6,60.03,2.2735,2.2548
C011,2025-06-07 10:17:00,9389.4,Providence,ULSD,9452.9,69.6,35.92,2.5525,2.5287
C001,2025-06-07 15:53:00,6941.9,Linden,ULSD,6976.8,67.1,35.39,2.5341,2.5287
C008,2025-06-07 16:20:00,6062.0,Providence,ULSD,6057.7,59.0,35.87,2.5506,2.5287
C005,2025-06-08 08:39:00,9528.0,Providence,ULSD,9552.4,63.7,35.94,2.5271,2.5156
C013,2025-06-08 13:11:00,7600.3,Linden,ULSHO,7632.6,66.1,34.9,2.4118,2.4088
C004,2025-06-08 13:16:00,7054.7,Providence,ULSD,7116.9,72.5,35.64,2.5279,2.5156
C024,2025-06-09 08:37:00,4014.0,Linden,ULSD,4029.2,65.4,36.23,2.4832,2.4802
C012,2025-06-09 08:53:00,9297.2,Linden,ULSHO,9321.0,63.7,34.7,2.3668,2.3638
C003,2025-06-09 10:50:00,8418.4,Albany,RBOB,8477.7,67.4,60.3,2.2513,2.2196
C021,2025-06-09 11:41:00,6547.6,Linden,RBOB,6554.1,61.0,60.27,2.2226,2.2196
C002,2025-06-09 15:21:00,4087.7,Providence,ULSD,4110.1,67.8,35.68,2.4919,2.4802
C023,2025-06-09 17:31:00,5832.5,Albany,RBOB,5837.2,60.9,58.82,2.2503,2.2196
C022,2025-06-09 17:51:00,3020.4,Linden,RBOB,3026.7,62.2,59.88,2.2226,2.2196
C018,2025-06-10 06:04:00,15607.5,Albany,RBOB,15675.8,64.6,60.12,2.2274,2.1898
C017,2025-06-10 07:04:00,9895.8,Linden,RBOB,9918.4,62.4,59.84,2.2065,2.1898
C008,2025-06-10 08:02:00,5571.1,Providence,ULSD,5574.0,60.7,35.43,2.4598,2.4436
C009,2025-06-10 12:50:00,6434.9,Providence,ULSHO,6453.7,64.2,35.17,2.3459,2.3225
C015,2025-06-10 12:50:00,15498.4,Albany,RBOB,15504.2,60.4,60.48,2.2228,2.1898
C006,2025-06-10 12:55:00,8198.5,Providence,RBOB,8182.8,58.0,59.66,2.2097,2.1898
C016,2025-06-11 06:28:00,10516.3,Linden,RBOB,10503.7,58.7,60.13,2.2123,2.2006
C001,2025-06-11 06:43:00,7676.6,Linden,RBOB,7730.1,67.3,60.88,2.2071,2.2006
C024,2025-06-11 07:53:00,7644.8,Linden,ULSD,7693.4,69.0,35.74,2.4138,2.4108
C007,2025-06-11 12:03:00,6862.5,Providence,ULSD,6906.0,69.0,35.81,2.418,2.4108
C003,2025-06-12 07:41:00,7862.7,Albany,RBOB,7934.0,69.5,59.67,2.209,2.1789
C021,2025-06-12 08:12:00,5000.0,Linden,RBOB,5034.5,67.2,59.45,2.1819,2.1789
C019,2025-06-12 09:25:00,124737.4,Linden,ULSD,125167.7,64.9,36.35,2.3998,2.3908
C010,2025-06-12 10:50:00,9453.7,Linden,ULSHO,9492.4,65.8,34.65,2.3512,2.3482
C022,2025-06-12 11:19:00,2932.6,Linden,RBOB,2957.2,68.8,59.96,2.1819,2.1789
C011,2025-06-12 13:24:00,5841.7,Providence,ULSD,5870.0,66.9,35.87,2.4085,2.3908
C005,2025-06-12 14:22:00,8352.6,Providence,ULSD,8398.4,67.8,35.4,2.4026,2.3908
C004,2025-06-12 15:04:00,7192.6,Providence,RBOB,7289.4,74.0,59.64,2.1919,2.1789
C023,2025-06-12 16:26:00,4895.7,Albany,ULSD,4914.4,65.4,35.75,2.4242,2.3908
C013,2025-06-13 08:01:00,7264.5,Linden,ULSD,7329.8,72.7,35.82,2.3902,2.3829
C012,2025-06-13 13:30:00,7423.5,Linden,ULSHO,7399.2,55.3,35.5,2.3421,2.3354
C014,2025-06-13 14:18:00,20218.2,Providence,RBOB,20225.8,60.4,60.24,2.1473,2.1321
C006,2025-06-13 14:32:00,9221.5,Providence,RBOB,9261.6,64.6,60.76,2.1425,2.1321
C008,2025-06-13 15:59:00,6140.2,Providence,ULSD,6155.5,63.5,36.15,2.3964,2.3829
C009,2025-06-13 16:17:00,7241.3,Providence,ULSHO,7283.6,68.3,35.55,2.3501,2.3354
C024,2025-06-13 17:13:00,5154.9,Linden,ULSD,5147.3,57.9,35.44,2.387,2.3829
C002,2025-06-14 08:12:00,7061.1,Providence,ULSD,7084.2,64.7,35.76,2.4155,2.397
C003,2025-06-14 10:36:00,9438.3,Albany,RBOB,9460.5,62.5,59.59,2.1913,2.1784
C001,2025-06-15 06:51:00,6527.4,Linden,ULSD,6543.4,63.5,36.37,2.3889,2.3816
C005,2025-06-15 14:36:00,8828.9,Providence,ULSD,8882.5,68.6,36.12,2.3929,2.3816
C007,2025-06-15 16:45:00,7121.2,Providence,RBOB,7152.6,64.6,59.71,2.1998,2.1892
C008,2025-06-16 08:01:00,8136.7,Providence,ULSD,8181.8,67.9,35.55,2.3823,2.3631
C003,2025-06-16 09:02:00,8960.6,Albany,RBOB,9011.4,65.9,59.49,2.2403,2.2131
C021,2025-06-16 09:13:00,6289.6,Linden,RBOB,6289.8,60.0,60.13,2.2161,2.2131
C023,2025-06-16 13:31:00,5911.5,Albany,RBOB,5952.9,67.3,60.29,2.2393,2.2131
C004,2025-06-16 14:02:00,4980.7,Providence,ULSD,4984.6,61.1,36.0,2.3792,2.3631
C012,2025-06-16 14:42:00,5359.9,Linden,ULSD,5388.8,67.7,36.67,2.3697,2.3631
C010,2025-06-16 15:37:00,6275.4,Linden,ULSD,6289.1,63.1,35.8,2.3717,2.3631
C015,2025-06-16 16:32:00,6194.1,Albany,ULSD,6207.6,63.1,35.89,2.394,2.3631
C022,2025-06-16 17:25:00,2492.7,Linden,RBOB,2511.5,67.9,59.82,2.2161,2.2131
C006,2025-06-17 12:16:00,8937.6,Providence,RBOB,9019.0,69.5,59.77,2.2229,2.2001
C024,2025-06-17 12:26:00,6017.7,Linden,ULSD,6035.5,64.2,36.03,2.3306,2.3276
C018,2025-06-17 15:37:00,10162.9,Albany,RBOB,10268.3,70.8,59.75,2.2385,2.2001
C011,2025-06-17 16:17:00,8300.2,Providence,ULSD,8307.3,61.2,35.97,2.3539,2.3276
C001,2025-06-18 10:25:00,5861.7,Linden,RBOB,5857.5,59.2,59.48,2.2421,2.2342
C009,2025-06-18 13:28:00,3252.1,Providence,ULSHO,3280.3,72.3,34.66,2.218,2.1968
C005,2025-06-18 15:54:00,8406.7,Providence,ULSD,8471.1,70.9,37.0,2.3869,2.377
C003,2025-06-19 06:50:00,9224.6,Albany,ULSD,9267.1,66.6,36.86,2.4126,2.3896
C022,2025-06-19 08:00:00,2981.2,Linden,RBOB,2977.8,58.8,59.28,2.2206,2.2176
C024,2025-06-19 08:15:00,3385.4,Linden,ULSD,3412.0,71.1,35.69,2.3926,2.3896
C008,2025-06-19 09:46:00,6572.6,Providence,ULSD,6640.1,74.5,35.52,2.4009,2.3896
C002,2025-06-19 17:29:00,6064.8,Providence,ULSD,6122.8,73.5,36.48,2.4007,2.3896
C007,2025-06-19 17:54:00,6479.4,Providence,RBOB,6541.2,69.9,59.79,2.2287,2.2176
C013,2025-06-20 06:04:00,5044.1,Linden,ULSHO,5060.6,64.7,35.05,2.3331,2.3256
C012,2025-06-20 07:01:00,6049.3,Linden,ULSHO,6090.4,69.6,35.71,2.3337,2.3256
C006,2025-06-20 07:33:00,9204.3,Providence,RBOB,9307.5,71.7,60.37,2.2825,2.2602
C023,2025-06-20 08:58:00,6059.9,Albany,ULSD,6116.7,73.3,36.79,2.4783,2.4545
C021,2025-06-20 14:35:00,5938.2,Linden,RBOB,6000.1,70.9,60.27,2.2632,2.2602
C004,2025-06-20 16:05:00,7084.7,Providence,RBOB,7144.6,68.8,59.13,2.2754,2.2602
C001,2025-06-21 07:33:00,6978.5,Linden,RBOB,7020.7,66.3,59.81,2.2261,2.2135
C005,2025-06-21 14:22:00,8366.0,Providence,ULSD,8374.0,61.4,36.33,2.4967,2.4862
C010,2025-06-21 15:03:00,5008.0,Linden,ULSHO,5010.6,60.7,34.58,2.3609,2.3463
C008,2025-06-22 06:06:00,8180.2,Providence,ULSD,8214.4,66.0,36.26,2.5445,2.5291
C016,2025-06-22 06:08:00,16899.2,Linden,RBOB,17000.1,66.2,59.87,2.2032,2.1892
C011,2025-06-22 10:21:00,5575.8,Providence,ULSD,5604.2,67.3,35.24,2.5464,2.5291
C020,2025-06-22 15:15:00,19858.3,Providence,ULSD,20000.0,70.1,36.2,2.5457,2.5291
C024,2025-06-23 07:26:00,6163.1,Linden,ULSD,6169.6,61.5,37.03,2.5181,2.5136
C023,2025-06-23 08:03:00,4933.2,Albany,ULSD,4947.3,64.1,36.22,2.5398,2.5136
C007,2025-06-23 09:58:00,8331.1,Providence,RBOB,8384.2,66.7,59.56,2.1957,2.1823
C006,2025-06-23 10:05:00,8214.9,Providence,RBOB,8254.5,65.0,60.74,2.2021,2.1823
C004,2025-06-23 14:01:00,7154.1,Providence,RBOB,7164.1,61.5,59.62,2.195,2.1823
C003,2025-06-23 15:13:00,7835.8,Albany,RBOB,7864.9,63.9,59.65,2.2077,2.1823
C022,2025-06-23 17:35:00,3857.2,Linden,RBOB,3884.0,67.3,60.95,2.1853,2.1823
C017,2025-06-24 06:09:00,8121.3,Linden,RBOB,8139.3,62.3,59.86,2.1663,2.1494
C012,2025-06-24 06:39:00,5781.3,Linden,ULSHO,5814.0,68.0,33.96,2.1912,2.1882
C002,2025-06-24 11:12:00,7778.5,Providence,ULSD,7829.0,69.2,36.0,2.5453,2.5284
C018,2025-06-24 12:29:00,8233.9,Albany,RBOB,8272.2,64.9,59.56,2.1889,2.1494
C009,2025-06-24 13:14:00,5787.8,Providence,ULSHO,5835.1,71.6,34.85,2.2141,2.1882
C008,2025-06-24 14:09:00,5861.9,Providence,ULSD,5886.7,66.0,36.06,2.5455,2.5284
C021,2025-06-24 17:16:00,5202.6,Linden,RBOB,5237.3,67.0,61.12,2.1524,2.1494
C015,2025-06-24 17:52:00,5060.4,Albany,ULSD,5111.9,74.4,36.48,2.5645,2.5284
C005,2025-06-25 08:38:00,6621.8,Providence,ULSD,6639.9,63.9,36.33,2.6415,2.6304
C013,2025-06-25 08:58:00,8313.9,Linden,ULSD,8320.9,61.2,36.4,2.637,2.6304
C024,2025-06-25 12:50:00,6508.9,Linden,ULSD,6534.0,65.5,36.25,2.6338,2.6304
C010,2025-06-25 16:38:00,9276.7,Linden,ULSD,9301.8,63.9,36.49,2.6396,2.6304
C001,2025-06-26 07:24:00,7069.6,Linden,RBOB,7112.9,66.4,60.14,2.1945,2.1864
C022,2025-06-26 09:32:00,3512.6,Linden,RBOB,3533.8,66.3,59.99,2.1894,2.1864
C003,2025-06-26 12:07:00,7060.2,Albany,ULSD,7087.3,65.5,35.63,2.6057,2.58
C023,2025-06-27 06:26:00,5359.0,Albany,RBOB,5391.4,66.3,60.19,2.1786,2.1529
C006,2025-06-27 06:52:00,8349.0,Providence,RBOB,8399.8,66.4,60.54,2.1717,2.1529
C024,2025-06-27 09:12:00,5389.6,Linden,ULSD,5425.2,69.4,36.2,2.6242,2.6212
C004,2025-06-27 12:29:00,5881.8,Providence,RBOB,5921.5,67.1,61.02,2.1646,2.1529
C021,2025-06-27 12:35:00,4917.3,Linden,RBOB,4976.9,72.6,60.73,2.1559,2.1529
C008,2025-06-27 12:59:00,7012.3,Providence,ULSD,7030.1,63.6,35.53,2.635,2.6212
C007,2025-06-27 16:54:00,7104.8,Providence,ULSD,7178.4,74.7,36.2,2.6325,2.6212
C011,2025-06-28 09:50:00,8249.8,Providence,ULSD,8278.9,65.0,35.59,2.7002,2.6821
C010,2025-06-28 10:08:00,5722.6,Linden,ULSD,5753.0,67.5,35.41,2.6912,2.6821
C002,2025-06-28 14:02:00,5474.9,Providence,ULSD,5502.2,67.1,37.06,2.6981,2.6821
C012,2025-06-28 16:55:00,3609.6,Linden,ULSHO,3635.1,70.0,35.37,2.2242,2.215
C003,2025-06-29 08:55:00,6963.9,Albany,RBOB,7066.6,75.3,60.05,2.1617,2.1446
C001,2025-06-29 10:25:00,6730.1,Linden,ULSD,6783.2,71.2,36.26,2.7015,2.6953
C005,2025-06-29 11:51:00,7112.7,Providence,ULSD,7181.1,73.6,35.5,2.7111,2.6953
C010,2025-06-29 12:33:00,8131.9,Linden,ULSD,8184.1,69.1,36.57,2.7027,2.6953
C009,2025-06-29 14:08:00,4243.2,Providence,ULSHO,4261.7,66.2,34.16,2.2403,2.2224
C006,2025-06-30 07:18:00,8748.1,Providence,RBOB,8745.7,59.7,60.69,2.2118,2.1879
C008,2025-06-30 08:14:00,5408.0,Providence,ULSD,5414.6,61.7,35.92,2.7331,2.7207
C024,2025-06-30 09:14:00,8341.0,Linden,ULSD,8323.5,57.0,35.78,2.7237,2.7207
C015,2025-06-30 10:51:00,10479.5,Albany,RBOB,10565.8,68.6,59.49,2.2193,2.1879
C022,2025-06-30 14:16:00,2773.2,Linden,RBOB,2775.5,60.9,60.54,2.1909,2.1879
C004,2025-06-30 17:36:00,5734.0,Providence,RBOB,5751.5,63.2,59.49,2.2047,2.1879
C007,2025-07-01 09:08:00,6162.4,Providence,ULSD,6188.1,65.9,36.59,2.7848,2.7758
C014,2025-07-01 11:00:00,14799.3,Providence,RBOB,14893.7,66.7,60.01,2.1728,2.1503
C013,2025-07-01 15:06:00,3516.3,Linden,ULSD,3530.9,65.9,36.34,2.7788,2.7758
C023,2025-07-01 15:21:00,6609.9,Albany,ULSD,6599.0,57.6,35.68,2.7988,2.7758
C021,2025-07-01 15:43:00,5877.3,Linden,RBOB,5916.5,67.0,59.18,2.1533,2.1503
C018,2025-07-01 17:32:00,8927.4,Albany,RBOB,8927.9,60.1,59.67,2.1882,2.1503
C017,2025-07-02 06:10:00,11169.0,Linden,RBOB,11307.6,72.9,60.55,2.1454,2.1348
C024,2025-07-02 06:28:00,4776.3,Linden,ULSD,4793.4,65.1,35.53,2.7602,2.7564
C001,2025-07-02 08:42:00,6924.2,Linden,ULSD,7000.1,75.5,36.72,2.7648,2.7564
C016,2025-07-02 13:39:00,12486.7,Linden,RBOB,12611.7,70.4,59.63,2.1449,2.1348
C006,2025-07-02 14:18:00,8560.6,Providence,RBOB,8581.7,62.6,60.38,2.1534,2.1348
C003,2025-07-02 16:33:00,7322.9,Albany,RBOB,7394.6,70.2,59.61,2.1577,2.1348
C012,2025-07-02 17:56:00,8885.2,Linden,ULSD,8970.3,73.5,35.76,2.764,2.7564
C002,2025-07-03 12:00:00,5913.9,Providence,ULSD,5953.3,69.5,35.76,2.7719,2.7599
C009,2025-07-03 13:59:00,6541.5,Providence,ULSHO,6557.6,63.5,35.29,2.2555,2.2404
C005,2025-07-03 14:14:00,8375.9,Providence,ULSD,8376.7,60.1,36.73,2.7682,2.7599
C004,2025-07-03 16:20:00,6477.1,Providence,RBOB,6468.5,58.6,59.28,2.1898,2.1788
C008,2025-07-04 09:38:00,6616.4,Providence,ULSD,6637.3,64.5,35.1,2.7377,2.7225
C010,2025-07-04 10:21:00,5934.9,Linden,ULSHO,5933.1,59.6,34.13,2.2442,2.2314
C022,2025-07-04 14:44:00,3084.4,Linden,RBOB,3103.4,66.4,60.16,2.2738,2.2708
C007,2025-07-04 16:59:00,8444.9,Providence,RBOB,8452.0,60.9,60.17,2.2831,2.2708
C019,2025-07-05 07:38:00,148652.2,Linden,ULSD,149182.4,65.1,35.94,2.6992,2.6917
C006,2025-07-05 07:56:00,8181.0,Providence,RBOB,8215.2,64.4,59.38,2.3753,2.3565
C013,2025-07-05 10:35:00,5664.9,Linden,ULSHO,5688.0,65.8,35.07,2.1907,2.1818
C023,2025-07-05 11:09:00,6465.8,Albany,RBOB,6508.0,66.8,59.7,2.3751,2.3565
C004,2025-07-05 13:24:00,6823.5,Providence,ULSD,6851.2,65.8,36.22,2.7054,2.6917
C011,2025-07-05 16:28:00,7255.5,Providence,ULSD,7282.1,65.2,35.73,2.7104,2.6917
C003,2025-07-06 09:13:00,9023.1,Albany,ULSD,9099.3,72.0,35.14,2.6954,2.6694
C012,2025-07-06 12:16:00,6809.9,Linden,ULSHO,6870.5,72.6,34.63,2.2327,2.2297
C002,2025-07-06 15:22:00,5885.6,Providence,ULSD,5931.2,71.0,36.83,2.687,2.6694
C024,2025-07-07 06:35:00,5974.7,Linden,ULSD,6001.9,66.5,35.43,2.6627,2.6575
C005,2025-07-07 08:20:00,10826.3,Providence,ULSD,10916.3,71.8,35.56,2.6683,2.6575
C021,2025-07-07 11:03:00,5457.9,Linden,RBOB,5488.0,65.8,59.32,2.3645,2.3615
C022,2025-07-07 13:44:00,3444.2,Linden,RBOB,3476.2,69.7,59.67,2.3645,2.3615
C008,2025-07-07 15:23:00,5927.5,Providence,ULSD,5960.8,68.0,35.33,2.6723,2.6575
C004,2025-07-08 06:39:00,7102.9,Providence,RBOB,7160.2,68.4,60.71,2.4494,2.4342
C009,2025-07-08 07:04:00,5187.7,Providence,ULSHO,5230.7,71.7,34.3,2.3269,2.3088
C001,2025-07-08 08:56:00,7534.5,Linden,ULSD,7615.1,75.1,35.6,2.6761,2.6628
C006,2025-07-08 09:00:00,9001.5,Providence,RBOB,9071.7,68.1,59.71,2.4565,2.4342
C010,2025-07-08 10:54:00,7541.8,Linden,ULSD,7588.5,68.8,36.82,2.6772,2.6628
C013,2025-07-08 13:13:00,7684.1,Linden,ULSHO,7726.7,67.9,34.84,2.3118,2.3088
C003,2025-07-09 07:12:00,9546.1,Albany,RBOB,9609.4,66.9,59.8,2.459,2.4318
C007,2025-07-09 08:56:00,8816.1,Providence,RBOB,8858.6,65.0,60.14,2.4412,2.4318
C023,2025-07-09 11:34:00,4319.7,Albany,ULSD,4342.0,67.3,36.22,2.6996,2.6754
C021,2025-07-10 08:08:00,5240.7,Linden,RBOB,5299.0,71.6,60.28,2.389,2.386
C008,2025-07-10 12:28:00,6227.8,Providence,ULSD,6263.2,68.1,36.86,2.6362,2.6233
C024,2025-07-10 15:20:00,6249.9,Linden,ULSD,6304.3,72.3,35.45,2.6263,2.6233
C011,2025-07-10 16:25:00,9410.8,Providence,ULSD,9442.1,64.7,35.66,2.6382,2.6233
C013,2025-07-11 08:46:00,7930.7,Linden,ULSHO,8012.9,74.7,34.86,2.2652,2.2622
C004,2025-07-11 09:21:00,5364.9,Providence,RBOB,5422.9,71.3,59.17,2.4082,2.4043
C002,2025-07-11 13:08:00,5110.0,Providence,ULSD,5139.4,68.2,35.46,2.7171,2.7048
C005,2025-07-11 13:25:00,7593.1,Providence,ULSD,7667.5,73.9,36.58,2.7134,2.7048
C006,2025-07-11 13:44:00,8810.2,Providence,RBOB,8932.7,74.4,60.25,2.4153,2.4043
C022,2025-07-11 14:42:00,2720.6,Linden,RBOB,2770.7,79.0,59.03,2.4073,2.4043
C008,2025-07-12 08:48:00,6193.0,Providence,ULSD,6245.5,72.0,35.77,2.7754,2.7523
C010,2025-07-12 10:07:00,7724.9,Linden,ULSHO,7765.9,67.5,34.73,2.2835,2.2701
C012,2025-07-12 14:39:00,7420.4,Linden,ULSHO,7457.7,67.1,34.03,2.2815,2.2701
C001,2025-07-12 15:44:00,6600.8,Linden,ULSD,6620.2,64.2,35.65,2.7592,2.7523
C003,2025-07-13 09:02:00,7294.7,Albany,RBOB,7386.7,73.1,60.47,2.4168,2.3905
C007,2025-07-13 13:41:00,7860.3,Providence,RBOB,7905.4,66.0,59.58,2.4067,2.3905
C023,2025-07-14 06:09:00,4808.3,Albany,ULSD,4832.8,67.2,36.0,2.8003,2.7692
C006,2025-07-14 06:43:00,7445.1,Providence,RBOB,7479.0,64.8,59.84,2.3403,2.3223
C021,2025-07-14 14:27:00,5602.1,Linden,RBOB,5667.0,72.0,60.37,2.3253,2.3223
C024,2025-07-14 15:16:00,6361.6,Linden,ULSD,6425.6,74.2,34.93,2.7722,2.7692
C022,2025-07-14 16:20:00,2613.8,Linden,RBOB,2629.9,66.4,59.37,2.3253,2.3223
C004,2025-07-14 17:37:00,5562.0,Providence,ULSD,5600.5,69.8,36.55,2.7764,2.7692
C008,2025-07-15 08:08:00,6474.2,Providence,ULSD,6504.4,66.6,36.37,2.7693,2.7565
C005,2025-07-15 11:15:00,8254.2,Providence,ULSD,8299.3,67.8,35.09,2.7653,2.7565
C022,2025-07-16 07:48:00,4196.5,Linden,RBOB,4220.9,66.1,60.07,2.3098,2.3068
C010,2025-07-16 09:21:00,9178.4,Linden,ULSD,9236.6,69.0,36.77,2.7896,2.7848
C024,2025-07-16 10:12:00,5506.1,Linden,ULSD,5554.2,72.4,35.91,2.7878,2.7848
C021,2025-07-16 10:41:00,4951.2,Linden,RBOB,4965.0,62.9,60.03,2.3098,2.3068
C013,2025-07-16 16:04:00,4737.9,Linden,ULSHO,4744.5,62.0,35.41,2.31,2.2995
C002,2025-07-16 16:56:00,5906.2,Providence,ULSD,5946.9,69.8,36.18,2.7984,2.7848
C011,2025-07-17 06:09:00,8559.6,Providence,ULSD,8579.4,63.3,36.93,2.8188,2.8052
C004,2025-07-17 07:35:00,8384.2,Providence,RBOB,8515.6,76.2,59.89,2.282,2.2746
C012,2025-07-17 08:05:00,6700.0,Linden,ULSHO,6730.6,66.5,34.67,2.3039,2.2991
C007,2025-07-17 11:22:00,7321.4,Providence,ULSD,7324.5,60.6,36.88,2.8144,2.8052
C003,2025-07-17 12:21:00,9240.0,Albany,ULSD,9275.6,65.5,36.11,2.8219,2.8052
C009,2025-07-17 14:35:00,5535.2,Providence,ULSHO,5543.9,62.3,35.48,2.3182,2.2991
C006,2025-07-17 15:59:00,9052.7,Providence,RBOB,9099.5,65.4,60.24,2.2891,2.2746
C023,2025-07-18 06:02:00,5634.7,Albany,RBOB,5687.0,69.7,59.7,2.285,2.2651
C008,2025-07-18 09:32:00,5343.6,Providence,ULSD,5367.7,66.4,35.23,2.7409,2.7341
C001,2025-07-18 14:45:00,6220.6,Linden,RBOB,6269.2,68.2,59.97,2.2722,2.2651
C002,2025-07-19 08:30:00,6085.1,Providence,ULSD,6131.7,70.9,36.81,2.7899,2.772
C005,2025-07-19 09:58:00,7032.0,Providence,ULSD,7080.9,69.9,36.11,2.7862,2.772
C024,2025-07-19 12:51:00,6891.6,Linden,ULSD,6923.3,66.5,36.31,2.775,2.772
C004,2025-07-19 15:32:00,6155.8,Providence,RBOB,6175.8,63.4,59.55,2.2713,2.2683
C012,2025-07-20 06:06:00,6185.0,Linden,ULSD,6227.3,69.7,35.5,2.9101,2.9055
C006,2025-07-20 12:43:00,7514.4,Providence,RBOB,7606.7,72.8,60.43,2.3076,2.2907
C013,2025-07-20 15:17:00,5581.0,Linden,ULSHO,5625.9,71.4,36.1,2.2466,2.2436
C003,2025-07-21 06:57:00,8581.6,Albany,ULSD,8626.6,67.4,36.16,2.8369,2.8181
C023,2025-07-21 07:13:00,4223.4,Albany,RBOB,4292.7,77.0,60.17,2.2944,2.2727
C007,2025-07-21 09:27:00,8457.9,Providence,ULSD,8531.7,72.4,36.06,2.8314,2.8181
C021,2025-07-21 11:05:00,5268.3,Linden,RBOB,5317.0,69.6,59.61,2.2757,2.2727
C010,2025-07-21 11:15:00,6429.9,Linden,ULSHO,6495.0,74.3,35.21,2.2773,2.2734
C019,2025-07-21 12:20:00,152287.8,Linden,ULSD,153263.1,69.1,35.63,2.8211,2.8181
C022,2025-07-21 13:05:00,2961.7,Linden,RBOB,2991.7,70.6,59.87,2.2757,2.2727
C008,2025-07-22 06:56:00,6694.6,Providence,ULSD,6703.4,61.9,35.7,2.8701,2.857
C001,2025-07-22 08:32:00,5587.7,Linden,RBOB,5663.9,74.2,60.08,2.3026,2.2971
C024,2025-07-22 10:01:00,6032.8,Linden,ULSD,6064.7,67.5,35.72,2.8617,2.857
C011,2025-07-22 16:08:00,7440.0,Providence,ULSD,7468.8,65.5,35.33,2.872,2.857
C004,2025-07-23 11:58:00,7572.9,Providence,RBOB,7653.7,71.1,60.4,2.2727,2.2577
C009,2025-07-23 12:06:00,3698.6,Providence,ULSHO,3714.4,66.1,34.01,2.3066,2.2822
C006,2025-07-23 12:51:00,7839.2,Providence,RBOB,7893.3,67.2,60.49,2.2798,2.2577
C012,2025-07-24 06:41:00,5822.9,Linden,ULSD,5847.3,65.9,36.2,2.8924,2.8874
C022,2025-07-24 07:58:00,3730.6,Linden,RBOB,3753.2,66.3,59.98,2.243,2.24
C020,2025-07-24 10:50:00,163692.6,Providence,ULSD,164148.8,64.0,35.6,2.906,2.8874
C013,2025-07-24 12:34:00,6610.6,Linden,ULSD,6633.8,65.0,35.84,2.8917,2.8874
C001,2025-07-24 14:30:00,6581.7,Linden,ULSD,6618.4,67.9,36.63,2.8932,2.8874
C023,2025-07-24 15:10:00,4625.7,Albany,RBOB,4651.6,65.9,59.9,2.2626,2.24
C005,2025-07-24 15:31:00,7500.7,Providence,ULSD,7549.0,69.1,36.44,2.9009,2.8874
C003,2025-07-25 06:08:00,8323.8,Albany,ULSD,8394.9,72.1,36.29,2.9615,2.9431
C018,2025-07-25 08:59:00,7338.8,Albany,RBOB,7374.2,65.1,60.15,2.2296,2.1922
C010,2025-07-25 10:16:00,6983.4,Linden,ULSHO,7056.9,74.9,34.88,2.2318,2.2206
C024,2025-07-25 10:16:00,6637.6,Linden,ULSD,6693.3,71.9,35.64,2.9465,2.9431
C002,2025-07-25 12:35:00,6903.1,Providence,ULSD,6976.1,74.9,37.15,2.9533,2.9431
C017,2025-07-25 12:54:00,12917.2,Linden,RBOB,13111.5,75.6,60.64,2.2068,2.1922
C007,2025-07-25 14:26:00,7311.6,Providence,RBOB,7359.5,66.8,59.76,2.2109,2.1922
C021,2025-07-25 16:18:00,4764.5,Linden,RBOB,4805.4,69.0,59.66,2.1952,2.1922
C008,2025-07-25 17:57:00,5321.8,Providence,ULSD,5366.6,71.9,36.04,2.9535,2.9431
C004,2025-07-26 07:56:00,7178.7,Providence,ULSD,7242.8,72.6,36.8,2.8939,2.8837
C011,2025-07-26 09:44:00,5797.2,Providence,ULSD,5828.7,67.7,36.18,2.899,2.8837
C006,2025-07-26 16:13:00,9033.2,Providence,RBOB,9143.9,72.8,60.25,2.254,2.2378
C001,2025-07-27 06:02:00,7131.0,Linden,ULSD,7207.1,75.1,36.15,2.8919,2.8883
C005,2025-07-27 06:51:00,7288.3,Providence,ULSD,7335.9,69.3,36.22,2.8968,2.8883
C023,2025-07-28 06:30:00,5223.8,Albany,ULSD,5238.9,64.1,35.91,2.9782,2.9525
C010,2025-07-28 10:29:00,7102.4,Linden,ULSHO,7120.3,63.6,34.43,2.2519,2.2365
C002,2025-07-28 11:21:00,4867.0,Providence,ULSD,4872.0,61.5,36.2,2.9699,2.9525
C022,2025-07-28 14:14:00,2546.0,Linden,RBOB,2555.4,63.9,59.64,2.2062,2.2032
C024,2025-07-28 16:31:00,5376.9,Linden,ULSD,5393.2,64.3,36.6,2.9618,2.9525
C003,2025-07-28 16:53:00,7692.1,Albany,ULSD,7729.6,66.9,35.59,2.9791,2.9525
C015,2025-07-28 17:34:00,6285.8,Albany,RBOB,6308.5,63.8,59.37,2.2401,2.2032
C008,2025-07-28 17:53:00,6377.3,Providence,ULSD,6398.6,64.8,35.83,2.9701,2.9525
C004,2025-07-29 08:46:00,7195.9,Providence,RBOB,7281.8,72.4,59.99,2.2149,2.1971
C007,2025-07-29 09:40:00,8777.4,Providence,ULSD,8817.7,66.5,35.88,2.9497,2.9363
C012,2025-07-29 11:55:00,8672.4,Linden,ULSHO,8706.2,65.5,34.85,2.2858,2.2699
C021,2025-07-29 12:59:00,6238.6,Linden,RBOB,6328.2,74.9,60.08,2.2001,2.1971
C013,2025-07-29 13:56:00,6435.7,Linden,ULSHO,6493.2,72.7,35.02,2.2852,2.2699
C009,2025-07-29 14:41:00,6429.2,Providence,ULSHO,6488.6,73.1,35.13,2.2845,2.2699
C010,2025-07-30 09:48:00,7631.7,Linden,ULSHO,7678.4,68.7,35.18,2.2296,2.2207
C005,2025-07-30 13:47:00,9858.2,Providence,ULSD,9849.8,58.8,35.04,2.9265,2.9211
C024,2025-07-30 16:56:00,5319.9,Linden,ULSD,5316.4,59.1,36.03,2.9265,2.9211
C006,2025-07-30 17:37:00,8151.2,Providence,RBOB,8166.2,61.9,59.44,2.2096,2.1913
C001,2025-07-31 07:49:00,7353.7,Linden,ULSD,7370.8,63.3,36.98,2.9351,2.9218
C024,2025-07-31 09:02:00,5704.4,Linden,ULSD,5730.0,66.4,36.68,2.9304,2.9218
C023,2025-07-31 12:21:00,4467.2,Albany,RBOB,4482.5,63.6,60.01,2.2441,2.2224
C022,2025-07-31 16:53:00,3119.0,Linden,RBOB,3122.3,61.1,60.4,2.2254,2.2224
C008,2025-08-01 08:02:00,5455.1,Providence,ULSD,5477.4,65.8,35.84,2.9208,2.8987
C002,2025-08-01 09:53:00,5953.4,Providence,ULSD,5971.2,64.3,35.96,2.9206,2.8987
C014,2025-08-01 11:31:00,21399.9,Providence,RBOB,21676.8,73.4,59.99,2.1827,2.1622
C003,2025-08-01 13:20:00,8908.8,Albany,ULSD,8923.6,62.4,36.52,2.9276,2.8987
C011,2025-08-01 16:46:00,7761.5,Providence,ULSD,7755.8,58.9,35.7,2.9228,2.8987
C012,2025-08-01 17:04:00,6242.4,Linden,ULSD,6268.0,65.8,35.51,2.9018,2.8987
C017,2025-08-02 13:28:00,6249.6,Linden,RBOB,6324.8,72.5,60.77,2.133,2.1229
C009,2025-08-02 15:21:00,7899.3,Providence,ULSHO,7956.6,70.3,35.12,2.1604,2.1372
C004,2025-08-02 17:19:00,5490.6,Providence,RBOB,5543.9,70.1,59.56,2.1301,2.1229
C005,2025-08-03 07:39:00,6963.7,Providence,ULSD,7015.8,70.6,36.84,2.949,2.9375
C007,2025-08-03 08:30:00,6698.4,Providence,ULSD,6726.4,65.9,36.22,2.9505,2.9375
C006,2025-08-03 10:17:00,9053.0,Providence,RBOB,9101.5,65.6,59.79,2.1319,2.1078
C018,2025-08-03 12:09:00,8571.9,Albany,RBOB,8691.0,74.4,60.73,2.1394,2.1078
C002,2025-08-04 07:20:00,5205.4,Providence,ULSD,5269.8,77.5,35.59,2.993,2.9811
C010,2025-08-04 07:47:00,6108.1,Linden,ULSHO,6147.9,69.2,34.64,2.1178,2.1148
C004,2025-08-04 11:47:00,5983.7,Providence,ULSD,6052.4,76.2,35.98,2.9901,2.9811
C023,2025-08-04 12:57:00,4821.9,Albany,RBOB,4870.3,70.5,59.79,2.2225,2.2036
C024,2025-08-04 13:20:00,6250.4,Linden,ULSD,6346.5,81.6,36.24,2.9868,2.9811
C022,2025-08-04 14:12:00,3885.0,Linden,RBOB,3948.6,77.0,59.35,2.2066,2.2036
C021,2025-08-04 17:04:00,4885.8,Linden,RBOB,4953.8,74.5,60.25,2.2066,2.2036
C008,2025-08-04 17:18:00,6450.3,Providence,ULSD,6525.1,76.4,36.18,2.9933,2.9811
C019,2025-08-05 06:16:00,82053.6,Linden,ULSD,82283.9,64.0,36.07,2.9387,2.9322
C003,2025-08-05 09:13:00,9324.6,Albany,RBOB,9357.2,63.7,59.75,2.2751,2.2466
C001,2025-08-05 10:29:00,7448.2,Linden,ULSD,7500.5,70.0,36.28,2.9372,2.9322
C013,2025-08-05 11:54:00,9409.7,Linden,ULSD,9430.0,63.1,34.65,2.9358,2.9322
C005,2025-08-06 06:05:00,8258.7,Providence,ULSD,8268.4,61.7,36.23,2.9815,2.971
C012,2025-08-06 08:59:00,5298.0,Linden,ULSD,5328.7,68.2,36.24,2.974,2.971
C006,2025-08-06 11:50:00,7461.8,Providence,RBOB,7469.5,61.1,59.69,2.2535,2.2357
C022,2025-08-06 13:43:00,2392.1,Linden,RBOB,2408.1,67.0,59.16,2.2387,2.2357
C024,2025-08-06 16:17:00,5954.8,Linden,ULSD,5976.8,65.3,36.26,2.974,2.971
C007,2025-08-07 06:12:00,6930.7,Providence,RBOB,6965.7,65.3,60.37,2.2763,2.2733
C008,2025-08-07 07:13:00,6039.3,Providence,ULSD,6102.8,74.9,36.86,2.9801,2.9671
C023,2025-08-07 10:38:00,4002.6,Albany,RBOB,4000.8,59.5,59.55,2.3042,2.2733
C011,2025-08-07 10:53:00,7383.1,Providence,ULSD,7450.6,72.9,35.96,2.982,2.9671
C021,2025-08-07 11:04:00,5967.2,Linden,RBOB,5985.5,63.2,59.06,2.2763,2.2733
C004,2025-08-07 11:24:00,6801.8,Providence,RBOB,6834.1,65.0,59.55,2.2763,2.2733
C009,2025-08-07 14:50:00,5587.6,Providence,ULSHO,5622.6,68.9,34.96,2.1416,2.1156
C010,2025-08-08 14:26:00,5854.0,Linden,ULSHO,5920.4,76.0,34.82,2.129,2.1241
C002,2025-08-09 11:13:00,5939.1,Providence,ULSD,5945.6,61.6,36.09,2.8669,2.8534
C024,2025-08-09 12:59:00,6193.5,Linden,ULSD,6236.9,69.9,35.3,2.8564,2.8534
C001,2025-08-09 15:22:00,6787.7,Linden,ULSD,6817.5,66.2,36.41,2.8564,2.8534
C023,2025-08-09 15:50:00,4903.9,Albany,RBOB,4919.1,63.3,60.05,2.3697,2.3442
C003,2025-08-09 17:22:00,7473.2,Albany,RBOB,7531.5,68.1,59.26,2.3706,2.3442
C013,2025-08-10 06:51:00,6443.3,Linden,ULSHO,6461.8,64.1,35.33,2.0962,2.0932
C006,2025-08-10 12:04:00,10056.6,Providence,RBOB,10117.6,66.3,59.99,2.3444,2.3267
C007,2025-08-10 12:42:00,4968.8,Providence,ULSD,4981.3,63.6,36.24,2.837,2.8213
C005,2025-08-10 13:45:00,7710.4,Providence,ULSD,7727.8,63.2,35.3,2.8355,2.8213
C018,2025-08-10 16:05:00,7001.2,Albany,RBOB,7022.5,63.2,59.99,2.3589,2.3267
C010,2025-08-10 16:31:00,6781.8,Linden,ULSHO,6776.4,58.8,34.78,2.0974,2.0932
C008,2025-08-10 17:38:00,5897.3,Providence,ULSD,5903.5,61.5,36.58,2.8395,2.8213
C012,2025-08-10 17:59:00,8412.4,Linden,ULSHO,8476.5,70.8,34.14,2.0962,2.0932
C004,2025-08-11 07:14:00,6508.6,Providence,ULSD,6537.1,66.2,36.71,2.8229,2.8085
C024,2025-08-11 10:56:00,4350.4,Linden,ULSD,4379.7,69.6,35.66,2.8115,2.8085
C021,2025-08-11 14:07:00,4920.1,Linden,RBOB,4934.8,63.1,59.28,2.3778,2.3748
C022,2025-08-11 14:47:00,3207.2,Linden,RBOB,3235.3,69.1,59.74,2.3778,2.3748
C001,2025-08-12 07:13:00,7101.3,Linden,ULSD,7147.4,69.2,36.33,2.8874,2.8707
C006,2025-08-12 07:25:00,7460.1,Providence,RBOB,7567.3,74.9,60.24,2.4162,2.3986
C009,2025-08-12 08:59:00,4999.1,Providence,ULSHO,5033.0,69.6,35.59,2.1402,2.1218
C023,2025-08-12 10:30:00,4187.7,Albany,RBOB,4235.0,71.8,60.1,2.4183,2.3986
C017,2025-08-13 10:47:00,6655.7,Linden,RBOB,6671.8,62.5,59.78,2.4365,2.4248
C003,2025-08-13 16:55:00,9061.7,Albany,RBOB,9118.5,66.5,59.89,2.4497,2.4248
C009,2025-08-14 06:20:00,6367.4,Providence,ULSHO,6409.4,69.4,34.44,2.0937,2.085
C021,2025-08-14 09:39:00,6830.0,Linden,RBOB,6895.2,69.9,60.48,2.4146,2.4116
C024,2025-08-14 09:54:00,5301.1,Linden,ULSD,5318.0,64.5,36.76,2.7902,2.7872
C005,2025-08-14 11:21:00,10804.8,Providence,ULSD,10827.3,63.0,35.8,2.797,2.7872
C010,2025-08-14 12:31:00,8579.9,Linden,ULSD,8611.9,65.3,35.88,2.7925,2.7872
C004,2025-08-14 12:53:00,7976.1,Providence,RBOB,7981.6,60.7,60.2,2.4231,2.4116
C008,2025-08-14 14:31:00,6820.0,Providence,ULSD,6862.1,68.8,35.83,2.8009,2.7872
C012,2025-08-14 14:45:00,5482.5,Linden,ULSD,5506.1,66.1,36.39,2.7905,2.7872
C002,2025-08-14 15:58:00,5747.4,Providence,ULSD,5756.4,62.2,36.36,2.8007,2.7872
C007,2025-08-15 12:01:00,7963.8,Providence,RBOB,7998.6,64.6,59.09,2.5017,2.4925
C023,2025-08-15 14:19:00,3483.6,Albany,ULSD,3502.8,67.8,34.87,2.88,2.8548
C011,2025-08-15 15:59:00,5904.0,Providence,ULSD,5927.7,65.7,35.98,2.8671,2.8548
C003,2025-08-16 08:12:00,7852.4,Albany,ULSD,7817.9,53.7,35.78,2.8934,2.8733
C013,2025-08-16 09:53:00,8410.1,Linden,ULSD,8419.0,61.5,35.58,2.8763,2.8733
C022,2025-08-16 09:57:00,3579.5,Linden,RBOB,3586.5,62.1,59.79,2.5611,2.5581
C001,2025-08-16 14:06:00,6351.1,Linden,ULSD,6350.5,59.8,35.51,2.8763,2.8733
C006,2025-08-16 14:51:00,7374.6,Providence,RBOB,7396.9,63.2,60.12,2.5788,2.5581
C004,2025-08-17 06:47:00,7679.2,Providence,ULSD,7688.8,61.8,36.69,2.9602,2.9512
C005,2025-08-17 10:00:00,8108.2,Providence,ULSD,8144.5,66.4,36.12,2.9594,2.9512
C008,2025-08-17 10:12:00,7057.5,Providence,ULSD,7066.7,61.9,36.09,2.9634,2.9512
C009,2025-08-17 16:03:00,6796.4,Providence,ULSHO,6832.7,67.6,35.09,2.1252,2.1113
C021,2025-08-18 06:12:00,6098.2,Linden,RBOB,6113.7,62.7,59.62,2.61,2.607
C010,2025-08-18 07:29:00,6421.0,Linden,ULSD,6442.6,64.8,35.44,2.9709,2.9633
C007,2025-08-18 14:16:00,7783.0,Providence,RBOB,7832.6,66.7,59.45,2.6241,2.607
C024,2025-08-18 16:06:00,5975.2,Linden,ULSD,5987.9,63.0,35.58,2.9663,2.9633
C012,2025-08-18 16:55:00,8949.5,Linden,ULSHO,8954.1,60.7,35.59,2.0866,2.0782
C002,2025-08-19 06:38:00,5389.5,Providence,ULSD,5414.0,66.5,36.1,2.9368,2.9249
C001,2025-08-19 09:10:00,7237.0,Linden,RBOB,7286.8,67.2,59.82,2.5289,2.5176
C019,2025-08-19 09:29:00,89133.6,Linden,ULSD,89623.3,67.8,35.82,2.9355,2.9249
C023,2025-08-19 11:45:00,5384.8,Albany,RBOB,5393.6,61.7,60.31,2.5449,2.5176
C003,2025-08-19 15:29:00,9016.8,Albany,RBOB,9089.6,68.4,59.95,2.5459,2.5176
C006,2025-08-20 06:13:00,8344.1,Providence,RBOB,8354.6,61.3,60.15,2.5765,2.5576
C024,2025-08-20 06:29:00,5910.0,Linden,ULSD,5927.8,64.3,35.66,2.9193,2.9163
C022,2025-08-20 07:52:00,2225.1,Linden,RBOB,2240.9,67.4,59.65,2.5606,2.5576
C005,2025-08-20 12:06:00,8907.0,Providence,ULSD,8940.3,65.3,36.69,2.9267,2.9163
C012,2025-08-20 12:40:00,7588.4,Linden,ULSD,7596.4,61.5,35.87,2.922,2.9163
C004,2025-08-21 07:58:00,7595.5,Providence,ULSD,7646.0,69.4,35.59,2.9858,2.9763
C009,2025-08-21 08:11:00,4875.6,Providence,ULSHO,4879.0,61.0,35.08,2.2088,2.1843
C008,2025-08-21 09:48:00,6430.1,Providence,ULSD,6489.6,73.1,35.88,2.989,2.9763
C013,2025-08-21 09:56:00,6341.6,Linden,ULSD,6380.2,68.6,36.67,2.9793,2.9763
C003,2025-08-22 11:58:00,7655.7,Albany,RBOB,7640.0,57.8,60.3,2.604,2.5706
C023,2025-08-22 15:57:00,6142.7,Albany,RBOB,6190.5,68.1,60.16,2.6031,2.5706
C021,2025-08-22 16:30:00,7102.2,Linden,RBOB,7101.8,59.9,61.23,2.5736,2.5706
C011,2025-08-22 16:54:00,7504.4,Providence,ULSD,7507.3,60.6,35.65,3.0332,3.0236
C024,2025-08-23 07:10:00,4941.7,Linden,ULSD,4946.8,61.5,35.87,3.0503,3.0432
C001,2025-08-23 07:30:00,7499.0,Linden,RBOB,7501.2,60.3,59.88,2.6052,2.6013
C010,2025-08-23 12:50:00,8206.8,Linden,ULSHO,8243.8,66.4,35.42,2.228,2.2202
C004,2025-08-23 13:30:00,6281.1,Providence,ULSD,6332.1,71.5,36.0,3.057,3.0432
C006,2025-08-23 13:57:00,7687.9,Providence,RBOB,7714.4,63.6,59.85,2.6189,2.6013
C007,2025-08-23 15:51:00,7598.7,Providence,ULSD,7630.0,65.9,34.82,3.0577,3.0432
C005,2025-08-23 16:19:00,9781.5,Providence,ULSD,9790.0,61.2,35.75,3.0562,3.0432
C002,2025-08-23 16:51:00,5106.6,Providence,ULSD,5125.4,65.2,36.34,3.0599,3.0432
C012,2025-08-24 10:17:00,7814.5,Linden,ULSHO,7748.8,47.9,35.57,2.1421,2.1375
C008,2025-08-24 15:26:00,5766.4,Providence,ULSD,5780.0,63.4,36.5,3.0603,3.0477
C022,2025-08-24 16:17:00,2995.4,Linden,RBOB,3004.0,63.0,60.42,2.6028,2.5998
C023,2025-08-25 09:37:00,5929.0,Albany,RBOB,5900.9,55.0,60.36,2.543,2.5263
C024,2025-08-25 12:01:00,7260.6,Linden,ULSD,7230.2,54.0,36.25,3.0349,3.0319
C010,2025-08-25 13:58:00,9323.6,Linden,ULSHO,9346.2,63.5,34.34,2.1523,2.1423
C003,2025-08-25 14:28:00,6287.1,Albany,RBOB,6266.2,56.5,59.89,2.5439,2.5263
C021,2025-08-25 16:36:00,5807.7,Linden,RBOB,5806.1,59.7,59.91,2.5293,2.5263
C004,2025-08-25 17:48:00,5531.2,Providence,RBOB,5540.9,61.8,60.98,2.537,2.5263
C007,2025-08-26 06:33:00,7429.3,Providence,RBOB,7484.5,67.8,60.4,2.5597,2.545
C002,2025-08-26 06:45:00,5462.4,Providence,ULSD,5505.0,71.1,35.38,3.0217,3.005
C001,2025-08-27 09:09:00,6390.5,Linden,RBOB,6414.2,63.9,60.03,2.5227,2.5197
C024,2025-08-27 10:22:00,7323.2,Linden,ULSD,7318.9,59.2,36.2,3.1033,3.1003
C008,2025-08-27 10:47:00,6335.4,Providence,ULSD,6303.9,52.9,36.2,3.1176,3.1003
C006,2025-08-27 13:07:00,7316.9,Providence,RBOB,7312.9,59.4,61.0,2.5345,2.5197
C005,2025-08-27 14:06:00,8779.6,Providence,ULSD,8803.2,63.8,36.13,3.1136,3.1003
C022,2025-08-27 15:07:00,3240.1,Linden,RBOB,3228.7,56.3,60.11,2.5227,2.5197
C013,2025-08-27 16:50:00,8270.8,Linden,ULSD,8266.3,59.2,35.77,3.1044,3.1003
C021,2025-08-27 17:41:00,5259.1,Linden,RBOB,5230.8,54.3,59.85,2.5227,2.5197
C003,2025-08-28 08:28:00,7786.6,Albany,RBOB,7883.4,72.9,59.96,2.5605,2.5207
C011,2025-08-28 10:47:00,5979.7,Providence,ULSD,6015.2,68.4,36.58,3.1151,3.0976
C012,2025-08-28 14:18:00,5527.8,Linden,ULSD,5552.1,66.2,36.13,3.1032,3.0976
C010,2025-08-28 15:23:00,8189.3,Linden,ULSHO,8253.6,71.1,34.22,2.1783,2.1703
C004,2025-08-29 06:09:00,6676.0,Providence,ULSD,6653.3,55.1,36.14,3.0616,3.0447
C002,2025-08-29 12:06:00,5470.4,Providence,ULSD,5454.7,55.9,37.01,3.0645,3.0447
C023,2025-08-29 15:45:00,4704.0,Albany,RBOB,4689.5,56.7,59.33,2.5261,2.5009
C024,2025-08-29 15:57:00,6546.6,Linden,ULSD,6548.6,60.4,36.52,3.0477,3.0447
C005,2025-08-30 13:13:00,7647.8,Providence,ULSD,7713.4,72.1,36.23,3.0357,3.0263
C001,2025-08-30 15:45:00,7237.4,Linden,RBOB,7311.6,70.7,59.5,2.497,2.4854
C009,2025-08-30 16:40:00,4373.6,Providence,ULSHO,4391.0,65.7,34.97,2.1594,2.1413
C007,2025-08-30 17:37:00,8203.7,Providence,ULSD,8209.6,61.0,36.47,3.0372,3.0263
C020,2025-08-31 12:13:00,101179.5,Providence,ULSD,101399.0,63.1,35.84,3.0804,3.0686
C012,2025-08-31 13:33:00,9020.3,Linden,ULSD,9044.9,63.9,35.67,3.0716,3.0686
C021,2025-08-31 13:41:00,4341.2,Linden,RBOB,4342.0,60.2,60.84,2.3897,2.3867
C008,2025-08-31 13:42:00,5445.6,Providence,ULSD,5444.2,59.6,36.21,3.0792,3.0686
C006,2025-08-31 13:59:00,8452.3,Providence,RBOB,8434.6,57.8,60.43,2.4037,2.3867
C013,2025-08-31 17:00:00,5160.1,Linden,ULSD,5168.1,62.2,34.78,3.0716,3.0686
C022,2025-09-01 07:13:00,3704.3,Linden,RBOB,3702.9,59.6,59.6,2.4445,2.4415
C024,2025-09-01 08:54:00,7066.6,Linden,ULSD,7083.2,63.3,36.52,3.1069,3.1039
C023,2025-09-01 11:57:00,4674.5,Albany,ULSD,4683.6,62.8,36.4,3.1215,3.1039
C003,2025-09-01 14:57:00,7203.6,Albany,ULSD,7273.7,73.8,35.6,3.1224,3.1039
C010,2025-09-02 07:07:00,6270.9,Linden,ULSD,6279.8,62.0,35.47,3.1012,3.0982
C002,2025-09-02 08:43:00,5902.6,Providence,ULSD,5895.5,58.3,35.77,3.1014,3.0982
C005,2025-09-02 10:22:00,8154.2,Providence,ULSD,8117.0,53.5,36.64,3.1012,3.0982
C004,2025-09-02 10:24:00,7191.2,Providence,ULSD,7192.2,60.2,35.75,3.1012,3.0982
C008,2025-09-02 11:08:00,5763.1,Providence,ULSD,5769.7,61.6,36.7,3.1016,3.0982
C007,2025-09-02 16:41:00,5143.7,Providence,ULSD,5121.0,53.7,35.81,3.1012,3.0982
C021,2025-09-03 13:09:00,3718.2,Linden,RBOB,3691.3,52.4,59.42,2.493,2.49
C006,2025-09-03 14:16:00,8529.1,Providence,RBOB,8508.6,57.5,60.1,2.5058,2.49
C012,2025-09-03 15:58:00,10667.2,Linden,ULSHO,10658.7,58.9,35.09,2.112,2.1084
C001,2025-09-03 17:06:00,7094.4,Linden,RBOB,7049.9,53.4,59.81,2.493,2.49
C022,2025-09-04 10:48:00,2825.7,Linden,RBOB,2830.2,61.6,60.81,2.5837,2.5807
C024,2025-09-04 11:47:00,5833.6,Linden,ULSD,5840.6,61.7,35.35,3.0884,3.0817
C003,2025-09-04 14:18:00,7758.8,Albany,RBOB,7793.3,64.7,59.61,2.6061,2.5807
C009,2025-09-04 16:47:00,4060.8,Providence,ULSHO,4080.7,66.9,34.75,2.1211,2.1053
C011,2025-09-05 06:21:00,9304.4,Providence,ULSD,9336.4,64.9,36.61,3.0217,3.0067
C013,2025-09-05 08:11:00,4481.2,Linden,ULSHO,4498.4,65.5,35.44,2.1362,2.1321
C005,2025-09-05 09:01:00,7503.5,Providence,ULSD,7523.6,63.8,36.54,3.0158,3.0067
C008,2025-09-05 09:17:00,4641.8,Providence,ULSD,4662.2,66.2,36.3,3.0197,3.0067
C023,2025-09-05 10:00:00,5552.5,Albany,RBOB,5564.6,62.3,60.38,2.6016,2.5769
C012,2025-09-05 15:04:00,7232.1,Linden,ULSHO,7261.5,65.8,35.85,2.1369,2.1321
C006,2025-09-06 07:16:00,8342.5,Providence,RBOB,8349.0,60.8,59.59,2.5166,2.4965
C010,2025-09-06 07:35:00,7943.1,Linden,ULSD,7930.2,57.7,35.69,2.9586,2.9453
C004,2025-09-06 08:06:00,6794.4,Providence,ULSD,6791.8,59.5,36.27,2.9621,2.9453
C002,2025-09-07 07:28:00,5502.7,Providence,ULSD,5504.9,60.6,36.44,3.0018,2.9844
C007,2025-09-07 10:28:00,7822.7,Providence,RBOB,7803.4,57.4,59.08,2.4649,2.4591
C024,2025-09-07 11:40:00,6605.7,Linden,ULSD,6629.6,65.1,36.66,2.9878,2.9844
C001,2025-09-07 13:32:00,6387.3,Linden,ULSD,6366.5,55.3,36.27,2.9925,2.9844
C021,2025-09-07 15:19:00,6825.6,Linden,RBOB,6790.8,54.6,59.36,2.4621,2.4591
C003,2025-09-07 17:48:00,8616.5,Albany,ULSD,8645.6,64.8,35.36,3.0124,2.9844
C011,2025-09-08 06:04:00,11299.5,Providence,ULSD,11326.1,63.4,35.94,2.9912,2.9741
C022,2025-09-08 07:21:00,2891.9,Linden,RBOB,2892.4,60.2,59.75,2.4253,2.4223
C013,2025-09-08 09:06:00,8390.0,Linden,ULSHO,8434.7,67.6,34.65,2.2509,2.2479
C012,2025-09-08 10:24:00,9281.9,Linden,ULSHO,9285.2,60.5,34.83,2.2509,2.2479
C008,2025-09-08 16:30:00,5528.1,Providence,ULSD,5543.2,63.9,35.04,2.9893,2.9741
C004,2025-09-09 06:59:00,6151.7,Providence,RBOB,6176.7,64.3,59.18,2.4113,2.3956
C009,2025-09-09 13:55:00,8315.0,Providence,ULSHO,8318.8,60.6,35.78,2.3118,2.2926
C005,2025-09-09 16:15:00,8039.9,Providence,ULSD,8012.0,55.0,35.05,2.9977,2.9885
C006,2025-09-09 17:54:00,9458.5,Providence,RBOB,9459.8,60.1,59.58,2.4184,2.3956
C001,2025-09-10 06:29:00,7117.2,Linden,ULSD,7130.9,62.8,36.27,3.0636,3.0529
C007,2025-09-10 06:44:00,7967.1,Providence,RBOB,7999.8,64.3,59.63,2.4102,2.3991
C003,2025-09-10 10:19:00,8531.5,Albany,ULSD,8543.9,62.1,35.3,3.0833,3.0529
C021,2025-09-10 11:11:00,4816.3,Linden,RBOB,4841.7,65.5,60.11,2.4021,2.3991
C024,2025-09-10 11:54:00,5774.5,Linden,ULSD,5765.3,57.7,35.6,3.059,3.0529
C010,2025-09-10 12:40:00,6177.5,Linden,ULSHO,6201.6,65.6,35.3,2.3309,2.3229
C008,2025-09-10 17:28:00,6242.4,Providence,ULSD,6238.8,59.2,35.92,3.0722,3.0529
C023,2025-09-10 17:57:00,4361.5,Albany,RBOB,4380.4,64.5,59.86,2.4251,2.3991
C002,2025-09-11 14:12:00,6608.8,Providence,ULSD,6571.4,51.9,36.31,3.1076,3.0959
C022,2025-09-12 06:13:00,2913.3,Linden,RBOB,2921.2,62.8,60.22,2.3359,2.3329
C003,2025-09-12 08:58:00,8212.0,Albany,ULSD,8201.2,58.1,35.54,3.1284,3.1019
C005,2025-09-12 09:29:00,8968.4,Providence,ULSD,8902.7,49.5,36.04,3.1109,3.1019
C006,2025-09-12 11:13:00,9251.1,Providence,RBOB,9224.8,57.0,60.23,2.354,2.3329
C013,2025-09-12 14:00:00,11692.0,Linden,ULSHO,11674.8,57.9,34.62,2.4155,2.4089
C012,2025-09-12 15:51:00,9648.4,Linden,ULSD,9635.2,58.0,35.03,3.1096,3.1019
C007,2025-09-13 06:49:00,6147.8,Providence,ULSD,6151.4,60.8,36.49,3.2294,3.2141
C001,2025-09-13 07:08:00,7418.8,Linden,ULSD,7370.2,50.6,36.02,3.2193,3.2141
C004,2025-09-13 08:21:00,7774.4,Providence,RBOB,7722.0,52.9,60.35,2.2913,2.278
C011,2025-09-13 17:27:00,12049.9,Providence,ULSD,12043.2,59.2,35.93,3.2338,3.2141
C024,2025-09-14 10:54:00,4656.1,Linden,ULSD,4668.0,63.6,35.88,3.2508,3.2478
C008,2025-09-14 14:10:00,5138.7,Providence,ULSD,5136.9,59.5,35.93,3.265,3.2478
C023,2025-09-15 07:23:00,5266.2,Albany,ULSD,5246.3,54.6,36.26,3.2754,3.2461
C022,2025-09-15 08:32:00,3634.4,Linden,RBOB,3624.4,57.1,59.67,2.2819,2.2789
C002,2025-09-15 11:28:00,5838.6,Providence,ULSD,5794.4,49.1,35.06,3.269,3.2461
C009,2025-09-15 12:54:00,3978.7,Providence,ULSHO,3975.0,58.7,35.31,2.4612,2.4367
C010,2025-09-15 16:20:00,8950.4,Linden,ULSHO,8915.8,54.5,34.61,2.4409,2.4367
C021,2025-09-15 17:24:00,6457.9,Linden,RBOB,6437.0,56.6,60.0,2.2819,2.2789
C005,2025-09-16 06:43:00,7478.8,Providence,ULSD,7506.4,65.2,35.7,3.3062,3.2963
C003,2025-09-16 07:45:00,8624.8,Albany,ULSD,8658.7,65.6,36.07,3.3199,3.2963
C001,2025-09-16 08:29:00,6670.5,Linden,ULSD,6679.1,61.8,35.46,3.2993,3.2963
C013,2025-09-16 09:41:00,9884.5,Linden,ULSHO,9907.3,63.3,35.44,2.4597,2.4482
C004,2025-09-16 09:45:00,6429.9,Providence,RBOB,6446.9,62.8,59.76,2.2684,2.2578
C012,2025-09-16 10:50:00,7358.4,Linden,ULSD,7361.8,60.7,34.92,3.2993,3.2963
C007,2025-09-16 15:49:00,6445.5,Providence,RBOB,6430.6,57.6,59.84,2.2691,2.2578
C022,2025-09-17 07:24:00,3353.5,Linden,RBOB,3356.9,61.1,59.95,2.255,2.252
C021,2025-09-17 08:16:00,5294.3,Linden,RBOB,5266.1,54.4,60.38,2.255,2.252
C006,2025-09-17 09:25:00,9661.7,Providence,RBOB,9614.0,54.8,60.15,2.271,2.252
C024,2025-09-17 09:46:00,5256.6,Linden,ULSD,5260.9,61.1,35.26,3.3297,3.3246
C011,2025-09-17 11:12:00,9719.0,Providence,ULSD,9682.7,54.6,36.17,3.3335,3.3246
C010,2025-09-17 13:06:00,8396.4,Linden,ULSHO,8371.9,55.8,35.35,2.4633,2.4556
C008,2025-09-17 15:26:00,6010.0,Providence,ULSD,6014.1,61.0,37.04,3.3315,3.3246
C002,2025-09-17 16:17:00,5047.9,Providence,ULSD,5014.9,50.6,36.21,3.3313,3.3246
C023,2025-09-18 14:18:00,5390.0,Albany,ULSD,5412.7,66.0,36.01,3.3009,3.2768
C001,2025-09-19 06:51:00,6346.3,Linden,ULSD,6319.7,54.0,35.37,3.2846,3.2816
C007,2025-09-19 07:39:00,8229.0,Providence,ULSD,8192.8,53.7,36.07,3.2991,3.2816
C009,2025-09-19 09:33:00,8458.7,Providence,ULSHO,8498.4,66.7,34.68,2.3886,2.365
C024,2025-09-19 11:29:00,5709.7,Linden,ULSD,5722.3,63.2,36.27,3.2846,3.2816
C003,2025-09-19 15:53:00,8198.3,Albany,ULSD,8165.6,54.3,35.68,3.3022,3.2816
C015,2025-09-20 06:40:00,12230.3,Albany,RBOB,12166.8,54.5,60.48,2.1795,2.1459
C011,2025-09-20 07:55:00,9949.7,Providence,ULSD,9892.0,51.7,35.83,3.3032,3.2872
C010,2025-09-20 10:22:00,10036.8,Linden,ULSHO,10029.1,58.9,34.12,2.3629,2.3509
C008,2025-09-20 10:24:00,6171.3,Providence,ULSD,6142.0,53.2,35.73,3.3013,3.2872
C017,2025-09-20 10:48:00,12881.9,Linden,RBOB,12847.0,57.1,60.15,2.1593,2.1459
C014,2025-09-20 10:55:00,12144.8,Providence,RBOB,12139.5,59.5,59.54,2.1682,2.1459
C013,2025-09-20 11:11:00,9207.5,Linden,ULSHO,9177.6,55.3,34.53,2.3603,2.3509
C012,2025-09-20 14:41:00,10541.2,Linden,ULSHO,10469.9,50.3,33.91,2.361,2.3509
C006,2025-09-20 17:17:00,8383.2,Providence,RBOB,8291.4,48.4,60.13,2.1634,2.1459
C021,2025-09-21 09:45:00,5348.0,Linden,RBOB,5325.0,55.5,59.8,2.1487,2.1457
C012,2025-09-21 10:02:00,12148.1,Linden,ULSD,12098.3,54.1,36.82,3.2173,3.2069
C005,2025-09-21 11:55:00,8433.1,Providence,ULSD,8398.4,54.1,36.13,3.2241,3.2069
C018,2025-09-21 12:37:00,4543.0,Albany,RBOB,4547.3,61.0,59.06,2.1762,2.1457
C024,2025-09-22 06:32:00,7246.9,Linden,ULSD,7248.2,60.3,36.28,3.209,3.206
C021,2025-09-22 08:16:00,6131.2,Linden,RBOB,6101.9,54.9,59.36,2.2246,2.2216
C004,2025-09-22 08:20:00,8101.3,Providence,RBOB,8017.0,48.9,60.51,2.2348,2.2216
C022,2025-09-22 09:08:00,2645.7,Linden,RBOB,2626.7,52.4,60.28,2.2246,2.2216
C002,2025-09-22 09:13:00,5183.9,Providence,ULSD,5178.2,58.4,35.83,3.2278,3.206
C003,2025-09-23 07:38:00,8342.1,Albany,RBOB,8333.5,58.9,59.93,2.3304,2.3083
C010,2025-09-23 08:11:00,6835.5,Linden,ULSHO,6806.6,53.9,35.43,2.3213,2.3144
C001,2025-09-23 08:23:00,6656.4,Linden,RBOB,6617.4,53.8,60.01,2.313,2.3083
C007,2025-09-23 10:55:00,6763.8,Providence,ULSD,6748.1,56.7,35.98,3.2147,3.2052
C006,2025-09-23 11:44:00,8475.6,Providence,RBOB,8435.2,55.0,60.15,2.3205,2.3083
C019,2025-09-23 11:51:00,160809.1,Linden,ULSD,161153.1,63.0,36.07,3.2086,3.2052
C008,2025-09-23 12:12:00,6827.2,Providence,ULSD,6790.4,52.3,35.79,3.2172,3.2052
C023,2025-09-23 13:06:00,5984.0,Albany,RBOB,5918.5,48.4,59.55,2.3295,2.3083
C009,2025-09-24 07:03:00,7082.0,Providence,ULSHO,7066.1,56.8,35.82,2.2729,2.2573
C012,2025-09-24 10:37:00,10716.5,Linden,ULSD,10665.5,53.2,35.92,3.193,3.185
C011,2025-09-24 13:58:00,7455.3,Providence,ULSD,7424.7,54.1,35.87,3.1997,3.185
C013,2025-09-24 15:36:00,11709.9,Linden,ULSD,11731.1,62.6,35.79,3.1923,3.185
C024,2025-09-25 06:42:00,7479.4,Linden,ULSD,7464.6,57.2,36.73,3.1132,3.1102
C005,2025-09-25 07:07:00,9889.6,Providence,ULSD,9823.2,50.3,35.28,3.1158,3.1102
C021,2025-09-25 09:25:00,5413.8,Linden,RBOB,5365.1,50.5,58.51,2.3976,2.3946
C002,2025-09-25 17:23:00,6449.2,Providence,ULSD,6440.4,58.0,35.9,3.1195,3.1102
C008,2025-09-26 06:23:00,5417.4,Providence,ULSD,5379.8,50.0,35.61,3.1159,3.099
C022,2025-09-26 08:20:00,3957.4,Linden,RBOB,3953.5,59.0,60.38,2.3609,2.3579
C023,2025-09-26 11:34:00,5997.6,Albany,ULSD,5963.7,51.9,36.18,3.1233,3.099
C006,2025-09-26 11:40:00,6507.8,Providence,RBOB,6460.2,52.2,60.08,2.3758,2.3579
C010,2025-09-26 13:02:00,10083.6,Linden,ULSHO,10048.6,55.0,35.12,2.3295,2.3225
C004,2025-09-26 13:36:00,6376.1,Providence,ULSD,6341.5,52.2,36.19,3.1128,3.099
C012,2025-09-26 15:53:00,11376.8,Linden,ULSD,11344.0,55.9,36.66,3.1128,3.099
C011,2025-09-27 07:06:00,11877.1,Providence,ULSD,11788.1,49.2,36.32,3.1249,3.1053
C003,2025-09-27 07:39:00,9277.6,Albany,RBOB,9208.6,52.1,59.41,2.4389,2.4175
C007,2025-09-27 08:47:00,6144.6,Providence,ULSD,6093.6,48.0,35.41,3.1205,3.1053
C001,2025-09-27 11:53:00,6174.4,Linden,ULSD,6135.1,50.8,35.22,3.1186,3.1053
C005,2025-09-28 08:56:00,8544.0,Providence,ULSD,8516.4,55.4,35.44,3.1197,3.1064
C013,2025-09-28 09:41:00,8570.4,Linden,ULSHO,8588.9,63.1,35.51,2.3981,2.3884
C008,2025-09-28 11:00:00,5621.8,Providence,ULSD,5611.6,57.4,37.35,3.1236,3.1064
C002,2025-09-28 11:11:00,6437.6,Providence,ULSD,6455.8,64.0,35.26,3.1234,3.1064
C020,2025-09-28 13:36:00,153102.2,Providence,ULSD,152836.2,57.5,35.53,3.1248,3.1064
C009,2025-09-28 17:48:00,9479.9,Providence,ULSHO,9465.4,57.8,34.12,2.403,2.3884
C021,2025-09-29 06:13:00,5723.4,Linden,RBOB,5740.9,63.2,59.09,2.42,2.417
C023,2025-09-29 11:23:00,5709.0,Albany,ULSD,5683.9,53.7,36.08,3.0897,3.0651
C022,2025-09-29 12:26:00,3539.2,Linden,RBOB,3512.6,52.0,59.1,2.42,2.417
C012,2025-09-29 12:42:00,6546.9,Linden,ULSHO,6489.0,47.2,35.0,2.4639,2.4598
C024,2025-09-29 12:51:00,7650.9,Linden,ULSD,7609.6,52.3,35.76,3.0694,3.0651
C010,2025-09-29 14:23:00,9650.0,Linden,ULSD,9603.9,53.1,35.64,3.0752,3.0651
C004,2025-09-30 06:05:00,6008.8,Providence,RBOB,6005.4,59.4,59.94,2.4214,2.4071
C001,2025-09-30 07:37:00,6981.2,Linden,ULSD,6917.3,46.8,35.56,3.1118,3.1088
C007,2025-09-30 10:00:00,6846.9,Providence,ULSD,6795.2,49.1,37.07,3.1179,3.1088
C006,2025-09-30 14:40:00,8277.2,Providence,RBOB,8189.7,48.8,60.9,2.4285,2.4071
C015,2025-09-30 16:51:00,5602.6,Albany,ULSD,5542.0,44.4,35.71,3.1384,3.1088
C003,2025-10-01 06:08:00,7669.9,Albany,RBOB,7624.2,53.7,59.15,2.4335,2.4172
C008,2025-10-01 06:14:00,6722.3,Providence,ULSD,6702.5,55.8,35.19,3.0586,3.0498
C011,2025-10-01 07:37:00,9989.6,Providence,ULSD,9968.8,57.0,35.84,3.0605,3.0498
C012,2025-10-01 15:59:00,9799.3,Linden,ULSHO,9755.6,53.6,35.55,2.4698,2.4663
C013,2025-10-01 16:16:00,11655.1,Linden,ULSD,11606.5,54.0,36.16,3.0528,3.0498
C023,2025-10-01 16:41:00,6546.2,Albany,RBOB,6516.7,55.2,59.4,2.4326,2.4172
C005,2025-10-02 07:28:00,9212.0,Providence,ULSD,9180.9,55.2,35.35,3.0413,3.0372
C002,2025-10-02 09:04:00,5354.8,Providence,ULSD,5339.9,56.0,35.74,3.045,3.0372
C010,2025-10-02 10:06:00,10288.4,Linden,ULSD,10281.5,59.0,36.76,3.0433,3.0372
C024,2025-10-02 16:08:00,6667.2,Linden,ULSD,6662.7,59.0,35.81,3.0402,3.0372
C016,2025-10-03 07:41:00,8134.9,Linden,ULSD,8064.3,47.5,35.54,3.1185,3.1078
C009,2025-10-03 08:16:00,14619.7,Providence,ULSHO,14526.0,50.8,35.35,2.5173,2.4997
C021,2025-10-03 09:30:00,5313.7,Linden,RBOB,5275.6,52.4,59.89,2.3991,2.3961
C012,2025-10-03 15:24:00,10688.6,Linden,ULSHO,10594.8,47.4,34.88,2.5027,2.4997
C006,2025-10-04 06:44:00,9843.5,Providence,RBOB,9830.9,58.7,59.48,2.368,2.3538
C008,2025-10-04 07:55:00,5891.1,Providence,ULSD,5848.2,49.5,35.58,3.086,3.0778
C001,2025-10-04 08:45:00,6981.8,Linden,ULSD,6948.4,53.1,36.03,3.0808,3.0778
C004,2025-10-04 15:30:00,8668.3,Providence,ULSD,8588.1,46.7,35.83,3.0828,3.0778
C007,2025-10-04 16:28:00,6527.8,Providence,ULSD,6476.7,48.7,35.65,3.0835,3.0778
C023,2025-10-04 16:43:00,3653.5,Albany,ULSD,3629.3,50.5,35.63,3.1046,3.0778
C010,2025-10-05 06:21:00,12349.5,Linden,ULSD,12219.7,44.8,36.7,3.0505,3.0467
C003,2025-10-05 12:55:00,7276.7,Albany,RBOB,7226.6,52.7,60.33,2.3655,2.3423
C002,2025-10-05 12:55:00,6718.7,Providence,ULSD,6686.3,53.1,36.25,3.0604,3.0467
C024,2025-10-05 13:04:00,5068.8,Linden,ULSD,5036.7,50.9,36.64,3.0497,3.0467
C022,2025-10-05 13:21:00,4109.1,Linden,RBOB,4076.9,51.7,59.37,2.3453,2.3423
C009,2025-10-05 17:02:00,8272.8,Providence,ULSHO,8230.5,52.7,35.22,2.527,2.5124
C013,2025-10-05 17:44:00,13844.3,Linden,ULSHO,13821.7,57.7,35.05,2.5154,2.5124
C005,2025-10-06 06:22:00,9056.3,Providence,ULSD,8998.3,50.8,35.63,3.1236,3.1111
C008,2025-10-06 12:06:00,5852.2,Providence,ULSD,5794.6,45.8,35.72,3.1276,3.1111
C011,2025-10-06 12:45:00,12568.6,Providence,ULSD,12510.8,53.4,36.56,3.1295,3.1111
C012,2025-10-06 14:48:00,14453.6,Linden,ULSHO,14311.8,45.9,35.04,2.5004,2.4927
C021,2025-10-06 16:38:00,5918.1,Linden,RBOB,5826.4,43.4,59.61,2.4471,2.4441
C006,2025-10-07 11:02:00,7281.5,Providence,RBOB,7280.8,59.9,61.02,2.4508,2.4337
C004,2025-10-07 15:04:00,6269.4,Providence,RBOB,6225.6,52.6,60.6,2.4437,2.4337
C013,2025-10-07 17:31:00,13833.7,Linden,ULSD,13741.3,50.4,36.64,3.1106,3.1018
C009,2025-10-08 06:44:00,7485.5,Providence,ULSHO,7402.9,44.1,35.18,2.4602,2.439
C010,2025-10-08 07:52:00,9158.8,Linden,ULSD,9113.1,52.8,35.82,3.1015,3.0924
C001,2025-10-08 09:33:00,6680.8,Linden,ULSD,6642.8,51.8,36.54,3.1003,3.0924
C002,2025-10-08 10:52:00,4960.0,Providence,ULSD,4921.4,48.8,36.17,3.1068,3.0924
C023,2025-10-08 13:18:00,5542.4,Albany,RBOB,5508.2,53.5,59.96,2.4468,2.4274
C024,2025-10-08 16:17:00,7603.6,Linden,ULSD,7562.0,52.1,36.05,3.0957,3.0924
C022,2025-10-08 17:25:00,3056.9,Linden,RBOB,3045.1,55.9,60.32,2.4304,2.4274
C012,2025-10-09 07:03:00,12706.9,Linden,ULSHO,12671.6,56.0,35.04,2.4447,2.4382
C003,2025-10-09 10:02:00,6952.3,Albany,ULSD,6941.7,57.8,36.21,3.1418,3.1235
C005,2025-10-09 11:38:00,7213.8,Providence,ULSD,7129.6,43.1,35.69,3.1315,3.1235
C008,2025-10-09 14:17:00,5749.0,Providence,ULSD,5698.5,47.3,36.19,3.1355,3.1235
C007,2025-10-09 16:05:00,5777.0,Providence,ULSD,5736.0,49.8,35.72,3.133,3.1235
C011,2025-10-09 17:05:00,15306.6,Providence,ULSD,15218.9,51.8,35.83,3.1374,3.1235
C021,2025-10-09 17:11:00,4499.1,Linden,RBOB,4445.9,47.4,59.9,2.4535,2.4505
C004,2025-10-10 12:13:00,7301.8,Providence,ULSD,7251.0,50.0,36.06,3.1927,3.1812
C010,2025-10-11 12:45:00,15773.0,Linden,ULSD,15680.6,51.6,35.46,3.0859,3.0773
C001,2025-10-11 14:18:00,6377.8,Linden,ULSD,6336.4,50.7,35.89,3.0847,3.0773
C006,2025-10-11 15:21:00,9362.2,Providence,RBOB,9243.8,46.5,60.39,2.4658,2.4409
C013,2025-10-11 17:14:00,12524.1,Linden,ULSHO,12437.8,50.1,34.72,2.3595,2.3563
C008,2025-10-12 06:09:00,5481.5,Providence,ULSD,5408.7,40.8,35.5,3.0592,3.0457
C007,2025-10-12 06:18:00,6251.9,Providence,RBOB,6216.8,54.1,60.32,2.4535,2.4403
C021,2025-10-12 07:11:00,4741.1,Linden,RBOB,4709.8,53.0,60.84,2.4433,2.4403
C009,2025-10-12 11:36:00,7951.7,Providence,ULSHO,7881.7,47.3,34.7,2.4215,2.3999
C011,2025-10-12 13:24:00,16246.5,Providence,ULSD,16136.4,50.2,36.25,3.0612,3.0457
C023,2025-10-12 16:06:00,5116.6,Albany,ULSD,5049.0,40.9,35.92,3.0622,3.0457
C022,2025-10-12 16:10:00,3533.0,Linden,RBOB,3508.2,52.5,60.5,2.4433,2.4403
C024,2025-10-12 17:06:00,5550.4,Linden,ULSD,5495.1,45.6,35.57,3.0487,3.0457
C012,2025-10-12 17:29:00,11406.4,Linden,ULSD,11377.6,56.4,36.41,3.0487,3.0457
C002,2025-10-13 07:01:00,4947.5,Providence,ULSD,4913.3,50.1,36.65,3.014,2.9993
C003,2025-10-13 11:40:00,7794.9,Albany,RBOB,7704.7,47.7,59.82,2.5183,2.4902
C010,2025-10-13 12:21:00,14973.9,Linden,ULSD,14883.2,51.3,35.65,3.0057,2.9993
C005,2025-10-13 14:45:00,6138.7,Providence,ULSD,6098.5,50.6,36.73,3.0103,2.9993
C004,2025-10-14 06:19:00,7016.1,Providence,RBOB,6927.6,46.5,59.7,2.5185,2.5024
C012,2025-10-14 09:55:00,11887.0,Linden,ULSHO,11777.7,46.7,35.15,2.4196,2.4166
C006,2025-10-14 13:21:00,8333.5,Providence,RBOB,8201.7,43.1,59.71,2.5256,2.5024
C009,2025-10-15 06:04:00,7810.7,Providence,ULSHO,7722.3,43.6,34.47,2.3801,2.3644
C011,2025-10-15 08:56:00,12099.0,Providence,ULSD,12001.9,48.4,36.88,2.938,2.9235
C023,2025-10-15 12:15:00,4727.9,Albany,ULSD,4690.4,48.6,36.1,2.9487,2.9235
C021,2025-10-15 13:58:00,6064.8,Linden,RBOB,6062.4,59.6,60.07,2.5197,2.5167
C008,2025-10-15 14:57:00,6368.8,Providence,ULSD,6330.6,51.4,35.45,2.936,2.9235
C001,2025-10-15 15:12:00,4744.4,Linden,ULSD,4708.6,49.1,35.89,2.9323,2.9235
C024,2025-10-15 17:14:00,5108.5,Linden,ULSD,5074.8,50.5,35.05,2.9277,2.9235
C007,2025-10-16 08:06:00,4451.8,Providence,ULSD,4433.8,54.2,36.21,2.9021,2.8897
C022,2025-10-16 09:04:00,3794.5,Linden,RBOB,3781.7,56.4,59.69,2.6003,2.5973
C010,2025-10-16 09:51:00,9182.8,Linden,ULSD,9146.1,54.3,36.69,2.9008,2.8897
C005,2025-10-16 10:04:00,7957.5,Providence,ULSD,7860.7,42.4,35.19,2.9006,2.8897
C003,2025-10-16 12:27:00,6316.4,Albany,RBOB,6278.3,53.6,59.99,2.624,2.5973
C006,2025-10-16 14:13:00,10310.4,Providence,RBOB,10278.7,56.8,60.08,2.6228,2.5973
C013,2025-10-16 14:53:00,12614.0,Linden,ULSHO,12511.5,48.3,34.63,2.3549,2.347
C008,2025-10-17 07:54:00,6180.4,Providence,ULSD,6138.9,50.3,36.46,2.9176,2.9075
C009,2025-10-17 10:35:00,11219.1,Providence,ULSHO,11173.4,54.2,34.35,2.3474,2.3302
C012,2025-10-17 10:53:00,14512.3,Linden,ULSD,14348.5,43.7,35.54,2.9143,2.9075
C021,2025-10-17 11:18:00,3353.3,Linden,RBOB,3297.6,42.2,60.12,2.5775,2.5745
C020,2025-10-17 14:46:00,150016.7,Providence,ULSD,148760.5,47.9,36.18,2.9187,2.9075
C023,2025-10-17 17:59:00,4621.8,Albany,RBOB,4556.4,44.9,59.16,2.5968,2.5745
C010,2025-10-18 12:03:00,14701.4,Linden,ULSHO,14633.2,53.3,34.71,2.3448,2.3375
C002,2025-10-18 12:31:00,5768.2,Providence,ULSD,5743.9,53.9,36.54,2.9042,2.8854
C004,2025-10-18 15:56:00,5510.5,Providence,ULSD,5467.2,48.7,35.93,2.9013,2.8854
C006,2025-10-19 12:17:00,8737.4,Providence,RBOB,8672.2,52.1,59.81,2.5782,2.5629
C012,2025-10-19 13:03:00,11213.6,Linden,ULSD,11067.3,41.1,37.47,2.9087,2.9019
C007,2025-10-19 15:23:00,8568.1,Providence,ULSD,8454.5,40.8,36.04,2.9076,2.9019
C011,2025-10-19 15:38:00,17783.1,Providence,ULSD,17707.2,53.9,37.08,2.9121,2.9019
C019,2025-10-19 17:45:00,36341.3,Linden,ULSD,36148.3,52.4,36.7,2.911,2.9019
C009,2025-10-20 08:50:00,8846.8,Providence,ULSHO,8743.6,43.1,35.2,2.3692,2.3575
C022,2025-10-20 11:23:00,2611.7,Linden,RBOB,2592.2,52.1,60.57,2.6342,2.6312
C005,2025-10-20 11:24:00,8983.5,Providence,ULSD,8897.2,46.1,36.02,2.9424,2.9297
C013,2025-10-20 12:54:00,10397.5,Linden,ULSD,10306.2,47.4,36.08,2.9424,2.9297
C003,2025-10-20 14:12:00,8862.6,Albany,ULSD,8810.9,51.6,36.09,2.9514,2.9297
C010,2025-10-20 14:36:00,16630.0,Linden,ULSHO,16473.2,46.4,34.9,2.3667,2.3575
C021,2025-10-20 15:42:00,5311.7,Linden,RBOB,5267.0,51.1,60.01,2.6342,2.6312
C001,2025-10-20 16:17:00,5267.3,Linden,ULSD,5211.4,44.7,36.74,2.9438,2.9297
C024,2025-10-20 16:54:00,5800.3,Linden,ULSD,5766.8,51.7,36.7,2.9392,2.9297
C012,2025-10-21 09:13:00,14197.7,Linden,ULSHO,14047.1,44.7,34.64,2.3619,2.3528
C023,2025-10-21 11:27:00,6548.3,Albany,ULSD,6472.6,43.3,36.05,2.9362,2.9053
C008,2025-10-21 17:38:00,5755.8,Providence,ULSD,5708.0,48.0,35.79,2.9144,2.9053
C002,2025-10-22 06:46:00,5076.6,Providence,ULSD,5038.4,49.2,36.37,2.9392,2.9185
C010,2025-10-22 06:51:00,11264.8,Linden,ULSD,11145.2,44.7,35.67,2.9215,2.9185
C024,2025-10-22 08:35:00,7243.8,Linden,ULSD,7170.6,45.4,35.28,2.9215,2.9185
C012,2025-10-22 09:34:00,13106.0,Linden,ULSHO,12964.6,44.4,34.5,2.3637,2.3567
C011,2025-10-22 09:53:00,15879.9,Providence,ULSD,15759.8,49.1,36.67,2.9413,2.9185
C004,2025-10-22 12:04:00,7375.1,Providence,RBOB,7308.6,50.4,60.01,2.5183,2.5088
C022,2025-10-22 15:30:00,3308.5,Linden,RBOB,3245.0,39.4,60.5,2.5118,2.5088
C009,2025-10-22 17:54:00,11222.5,Providence,ULSHO,11189.6,55.8,34.98,2.3714,2.3567
C013,2025-10-23 07:20:00,14203.2,Linden,ULSD,14092.9,48.8,36.53,3.0081,3.0051
C007,2025-10-23 08:26:00,7252.9,Providence,ULSD,7159.6,41.4,34.85,3.0209,3.0051
C003,2025-10-23 11:21:00,10320.2,Albany,ULSD,10184.1,40.9,35.94,3.024,3.0051
C014,2025-10-23 16:15:00,10394.9,Providence,RBOB,10234.1,43.5,59.93,2.5206,2.4879
C006,2025-10-23 16:32:00,7370.7,Providence,RBOB,7311.0,51.4,60.87,2.5158,2.4879
C021,2025-10-24 08:44:00,5243.8,Linden,RBOB,5180.8,47.2,59.8,2.5188,2.5158
C005,2025-10-24 10:17:00,7348.4,Providence,ULSD,7248.0,40.2,34.88,3.0306,3.0232
C012,2025-10-24 11:56:00,17312.0,Linden,ULSHO,17153.2,46.8,35.4,2.394,2.391
C008,2025-10-24 11:57:00,5548.8,Providence,ULSD,5512.7,50.6,35.97,3.0346,3.0232
C001,2025-10-24 13:02:00,7049.3,Linden,RBOB,6920.1,40.4,59.57,2.523,2.5158
C023,2025-10-24 13:31:00,6367.8,Albany,RBOB,6338.4,55.1,59.48,2.5399,2.5158
C009,2025-10-24 17:01:00,11973.3,Providence,ULSHO,11845.6,44.6,35.58,2.4145,2.391
C010,2025-10-25 06:28:00,16447.4,Linden,ULSHO,16293.9,46.5,35.07,2.3803,2.3773
C024,2025-10-26 06:00:00,5935.1,Linden,ULSD,5897.7,51.0,35.93,3.0077,3.0032
C008,2025-10-26 06:17:00,5737.4,Providence,ULSD,5695.9,49.6,35.57,3.0132,3.0032
C002,2025-10-26 06:47:00,5988.2,Providence,ULSD,5958.4,52.9,35.57,3.013,3.0032
C013,2025-10-26 08:07:00,9746.7,Linden,ULSD,9658.4,46.9,36.86,3.0109,3.0032
C011,2025-10-26 16:36:00,12976.9,Providence,ULSD,12868.9,48.0,36.71,3.0152,3.0032
C004,2025-10-26 16:40:00,6248.3,Providence,RBOB,6167.0,46.1,59.56,2.6113,2.5989
C006,2025-10-27 06:45:00,9620.7,Providence,RBOB,9508.1,47.5,59.55,2.5469,2.5245
C005,2025-10-27 06:56:00,8521.0,Providence,ULSD,8429.6,44.5,34.82,2.9744,2.964
C021,2025-10-27 08:09:00,5773.6,Linden,RBOB,5713.6,48.9,60.31,2.5275,2.5245
C022,2025-10-27 08:09:00,3425.7,Linden,RBOB,3393.5,50.0,59.33,2.5275,2.5245
C012,2025-10-27 09:07:00,14724.9,Linden,ULSHO,14609.1,48.7,34.69,2.4428,2.4377
C003,2025-10-27 12:57:00,7977.9,Albany,ULSD,7944.9,54.1,36.74,2.99,2.964
C007,2025-10-27 13:15:00,6821.7,Providence,ULSD,6747.5,44.3,35.87,2.9759,2.964
C023,2025-10-27 14:41:00,3818.7,Albany,RBOB,3783.4,50.2,60.07,2.5464,2.5245
C010,2025-10-27 15:05:00,9692.1,Linden,ULSHO,9611.4,48.0,34.64,2.4447,2.4377
C009,2025-10-28 08:28:00,12402.8,Providence,ULSHO,12265.9,44.1,34.89,2.475,2.4565
C024,2025-10-28 10:19:00,6142.9,Linden,ULSD,6101.3,50.2,35.76,2.975,2.972
C001,2025-10-28 11:30:00,7560.4,Linden,ULSD,7514.8,51.3,35.56,2.979,2.972
C013,2025-10-28 13:51:00,12593.9,Linden,ULSD,12437.1,42.0,35.44,2.9775,2.972
C008,2025-10-28 16:02:00,6002.2,Providence,ULSD,5955.2,48.7,35.38,2.9884,2.972
C002,2025-10-29 06:24:00,6244.9,Providence,ULSD,6204.2,50.6,35.86,3.0395,3.0145
C010,2025-10-29 07:03:00,14849.1,Linden,ULSHO,14683.9,43.9,35.26,2.4683,2.4653
C023,2025-10-30 07:30:00,5251.5,Albany,RBOB,5140.1,37.2,60.0,2.5652,2.5366
C021,2025-10-30 08:14:00,5866.8,Linden,RBOB,5748.3,38.3,59.38,2.5396,2.5366
C009,2025-10-30 08:17:00,16004.8,Providence,ULSHO,15818.4,43.2,34.69,2.4952,2.4803
C012,2025-10-30 09:54:00,16032.7,Linden,ULSD,15839.1,42.5,36.13,2.9889,2.9859
C006,2025-10-30 12:15:00,8427.5,Providence,RBOB,8281.7,41.5,60.11,2.5602,2.5366
C004,2025-10-30 14:04:00,7828.0,Providence,RBOB,7673.5,38.8,60.26,2.5531,2.5366
C001,2025-10-31 07:01:00,7182.2,Linden,ULSD,7112.8,46.1,35.74,2.9933,2.9903
C008,2025-10-31 07:27:00,5296.4,Providence,ULSD,5285.9,57.1,34.89,3.0101,2.9903
C024,2025-10-31 09:03:00,5368.5,Linden,ULSD,5321.1,47.3,36.41,2.9933,2.9903
C010,2025-10-31 09:55:00,11887.4,Linden,ULSD,11827.6,52.8,35.79,2.9933,2.9903
C022,2025-10-31 10:14:00,2874.1,Linden,RBOB,2853.7,52.5,60.07,2.5657,2.5627
C013,2025-10-31 12:29:00,10888.3,Linden,ULSD,10802.5,48.7,36.56,2.9933,2.9903
C007,2025-10-31 13:01:00,8211.8,Providence,RBOB,8170.9,54.7,59.23,2.5809,2.5627
C011,2025-10-31 13:07:00,13627.9,Providence,ULSD,13457.5,41.9,36.41,3.0121,2.9903
C005,2025-10-31 16:40:00,8478.1,Providence,ULSD,8397.6,46.3,35.38,3.0062,2.9903
C003,2025-10-31 17:24:00,10815.8,Albany,ULSD,10729.8,48.5,36.43,3.0121,2.9903
C012,2025-11-01 11:11:00,7230.3,Linden,ULSHO,7194.3,52.8,35.05,2.5666,2.5611
C011,2025-11-02 09:57:00,15486.2,Providence,ULSD,15327.2,45.2,35.43,3.0412,3.0234
C009,2025-11-02 10:45:00,10435.8,Providence,ULSHO,10379.1,52.2,34.43,2.5944,2.578
C003,2025-11-02 12:17:00,8524.6,Albany,ULSD,8436.9,45.2,36.46,3.051,3.0234
C002,2025-11-02 14:45:00,6213.6,Providence,ULSD,6142.1,43.4,36.44,3.039,3.0234
C023,2025-11-02 14:53:00,3001.4,Albany,ULSD,2965.5,42.7,35.35,3.05,3.0234
C004,2025-11-02 15:13:00,7167.2,Providence,RBOB,7031.8,39.7,59.3,2.4366,2.4269
C010,2025-11-02 15:17:00,14307.9,Linden,ULSHO,14119.6,41.0,34.04,2.5821,2.578
C022,2025-11-03 07:09:00,3650.2,Linden,RBOB,3606.7,47.3,60.48,2.4189,2.4159
C013,2025-11-03 07:59:00,14679.2,Linden,ULSHO,14494.3,41.8,35.18,2.6255,2.6193
C001,2025-11-03 08:11:00,4904.0,Linden,RBOB,4869.2,52.5,60.08,2.4189,2.4159
C006,2025-11-03 11:20:00,9196.0,Providence,RBOB,9062.4,44.5,59.9,2.4309,2.4159
C021,2025-11-03 12:04:00,5173.2,Linden,RBOB,5128.3,50.8,59.82,2.4189,2.4159
C010,2025-11-03 13:02:00,17671.4,Linden,ULSD,17477.6,44.2,36.31,3.0427,3.0349
C008,2025-11-03 13:59:00,6923.5,Providence,ULSD,6848.6,44.4,36.3,3.0532,3.0349
C024,2025-11-03 14:08:00,4655.3,Linden,ULSD,4630.1,52.2,36.06,3.0379,3.0349
C012,2025-11-03 16:18:00,10255.8,Linden,ULSHO,10124.6,41.5,34.18,2.6261,2.6193
C005,2025-11-04 11:05:00,8198.4,Providence,ULSD,8143.8,50.4,35.43,3.0018,2.9888
C007,2025-11-04 12:12:00,7370.2,Providence,RBOB,7206.8,36.1,60.44,2.3654,2.3527
C009,2025-11-04 13:05:00,14508.8,Providence,ULSHO,14332.4,42.4,34.86,2.6445,2.6261
C013,2025-11-04 17:02:00,10913.5,Linden,ULSHO,10815.9,47.1,35.32,2.6309,2.6261
C011,2025-11-05 13:09:00,13387.2,Providence,ULSD,13267.1,47.1,35.55,2.9687,2.9504
C004,2025-11-06 06:27:00,7285.9,Providence,ULSD,7208.4,44.6,35.42,2.9449,2.9342
C012,2025-11-06 07:55:00,10757.1,Linden,ULSHO,10636.6,43.8,34.59,2.6951,2.6891
C022,2025-11-06 08:30:00,2772.6,Linden,RBOB,2731.0,44.0,59.01,2.3624,2.3594
C024,2025-11-06 10:32:00,5257.3,Linden,ULSD,5232.2,53.2,36.63,2.9386,2.9342
C010,2025-11-06 11:18:00,15946.6,Linden,ULSD,15728.0,40.1,35.54,2.9444,2.9342
C008,2025-11-06 15:16:00,5966.9,Providence,ULSD,5907.5,45.6,36.45,2.9481,2.9342
C002,2025-11-06 16:51:00,6188.0,Providence,ULSD,6156.6,52.7,36.26,2.9478,2.9342
C023,2025-11-06 17:26:00,5525.2,Albany,RBOB,5448.6,45.2,59.89,2.3852,2.3594
C013,2025-11-06 17:38:00,14263.7,Linden,ULSHO,14133.5,46.8,35.13,2.6945,2.6891
C021,2025-11-06 17:51:00,5448.7,Linden,RBOB,5392.1,49.0,60.16,2.3624,2.3594
C001,2025-11-07 10:06:00,7070.8,Linden,RBOB,6912.7,35.9,60.07,2.3788,2.3729
C006,2025-11-07 11:55:00,7460.1,Providence,RBOB,7317.9,39.5,60.16,2.3875,2.3729
C005,2025-11-07 12:17:00,8110.5,Providence,ULSD,8013.2,42.6,35.81,3.0377,3.027
C015,2025-11-07 13:06:00,5158.2,Albany,ULSD,5099.3,43.5,36.21,3.0637,3.027
C009,2025-11-07 13:18:00,13800.0,Providence,ULSHO,13616.9,40.8,35.14,2.6377,2.619
C003,2025-11-07 13:43:00,9523.9,Albany,RBOB,9365.5,42.2,59.45,2.3927,2.3729
C020,2025-11-08 07:39:00,157617.2,Providence,ULSD,156459.4,49.4,36.11,3.0331,3.0166
C011,2025-11-08 09:20:00,10481.4,Providence,ULSD,10431.9,53.2,36.77,3.0339,3.0166
C019,2025-11-08 11:58:00,151858.8,Linden,ULSD,150263.8,44.8,36.12,3.0196,3.0166
C012,2025-11-08 13:24:00,20663.1,Linden,ULSD,20562.0,53.0,35.87,3.0196,3.0166
C007,2025-11-08 14:59:00,8380.9,Providence,RBOB,8211.4,38.3,60.0,2.4439,2.4328
C021,2025-11-08 16:35:00,4687.1,Linden,RBOB,4629.7,47.0,60.34,2.4358,2.4328
C023,2025-11-09 06:59:00,5307.2,Albany,ULSD,5231.7,39.4,36.55,3.015,3.0
C004,2025-11-09 09:04:00,8962.2,Providence,RBOB,8788.9,39.2,59.58,2.4367,2.4209
C010,2025-11-09 10:02:00,12979.5,Linden,ULSD,12766.5,36.2,35.85,3.008,3.0
C008,2025-11-09 10:07:00,5398.2,Providence,ULSD,5341.4,44.8,36.16,3.0197,3.0
C022,2025-11-09 12:51:00,2773.5,Linden,RBOB,2716.0,37.7,59.42,2.4256,2.4209
C013,2025-11-09 15:15:00,11787.8,Linden,ULSHO,11628.1,40.4,35.51,2.6983,2.6915
C024,2025-11-10 06:08:00,6713.6,Linden,ULSD,6674.7,51.7,35.35,2.9821,2.9777
C012,2025-11-10 10:00:00,18418.3,Linden,ULSHO,18250.7,46.9,35.29,2.6512,2.6462
C009,2025-11-10 14:55:00,13037.2,Providence,ULSHO,12853.4,39.6,33.98,2.6665,2.6462
C006,2025-11-10 15:54:00,7727.7,Providence,RBOB,7631.7,46.8,59.49,2.3657,2.3491
C021,2025-11-11 08:33:00,4410.9,Linden,RBOB,4360.8,47.9,59.53,2.3166,2.3136
C011,2025-11-11 09:33:00,11590.8,Providence,ULSD,11475.9,45.7,35.86,2.9859,2.9713
C002,2025-11-11 10:56:00,6405.9,Providence,ULSD,6338.2,44.7,36.57,2.9838,2.9713
C013,2025-11-11 13:41:00,19552.7,Linden,ULSHO,19348.4,44.9,35.47,2.6498,2.6402
C012,2025-11-11 14:15:00,15904.6,Linden,ULSD,15647.0,36.5,36.4,2.9756,2.9713
C003,2025-11-11 15:08:00,6928.7,Albany,RBOB,6820.6,43.3,59.8,2.3375,2.3136
C001,2025-11-11 15:08:00,8294.7,Linden,RBOB,8216.3,49.9,59.57,2.3196,2.3136
C010,2025-11-11 15:25:00,21046.4,Linden,ULSHO,20805.8,43.5,35.22,2.6524,2.6402
C005,2025-11-11 17:21:00,7071.8,Providence,ULSD,6965.0,38.1,37.27,2.98,2.9713
C008,2025-11-12 06:20:00,6664.6,Providence,ULSD,6590.3,43.9,36.01,3.0094,2.9999
C022,2025-11-12 09:14:00,3317.5,Linden,RBOB,3265.8,43.3,61.49,2.2904,2.2874
C006,2025-11-12 14:41:00,7042.9,Providence,RBOB,6913.1,40.2,60.55,2.3074,2.2874
C007,2025-11-12 14:56:00,5781.4,Providence,RBOB,5662.0,37.8,60.15,2.301,2.2874
C004,2025-11-12 17:21:00,6228.7,Providence,ULSD,6176.6,48.0,35.65,3.0063,2.9999
C023,2025-11-13 13:46:00,4519.3,Albany,RBOB,4488.7,52.8,60.12,2.2745,2.2421
C010,2025-11-13 14:24:00,12894.3,Linden,ULSHO,12755.2,44.4,34.5,2.7053,2.6963
C024,2025-11-13 17:05:00,4782.2,Linden,ULSD,4748.9,50.0,36.0,3.0309,3.0279
C013,2025-11-14 06:00:00,10716.5,Linden,ULSHO,10609.4,45.6,35.95,2.731,2.7274
C012,2025-11-14 06:47:00,12449.1,Linden,ULSHO,12399.0,54.2,34.67,2.7316,2.7274
C011,2025-11-14 09:14:00,16822.9,Providence,ULSD,16669.3,46.8,36.76,3.1343,3.1209
C019,2025-11-14 15:26:00,166376.0,Linden,ULSD,164633.7,44.9,36.2,3.1328,3.1209
C021,2025-11-15 09:52:00,4634.8,Linden,RBOB,4564.4,43.8,60.37,2.2374,2.2344
C006,2025-11-15 10:24:00,7648.5,Providence,RBOB,7524.5,42.7,59.6,2.2545,2.2344
C003,2025-11-15 10:27:00,7529.1,Albany,RBOB,7390.6,40.3,60.42,2.2643,2.2344
C024,2025-11-15 10:59:00,4781.0,Linden,ULSD,4695.2,33.9,36.44,3.1507,3.1477
C010,2025-11-15 11:49:00,13716.2,Linden,ULSD,13525.4,39.8,36.53,3.1558,3.1477
C009,2025-11-15 12:21:00,17961.3,Providence,ULSHO,17745.5,42.6,34.91,2.7001,2.6816
C001,2025-11-15 16:22:00,7256.6,Linden,RBOB,7081.3,33.9,59.67,2.2423,2.2344
C008,2025-11-15 17:51:00,7228.9,Providence,ULSD,7094.2,32.9,36.97,3.1669,3.1477
C005,2025-11-15 17:58:00,8845.3,Providence,ULSD,8701.6,36.4,36.14,3.1629,3.1477
C016,2025-11-16 06:01:00,18643.5,Linden,RBOB,18312.3,41.0,59.94,2.1786,2.1667
C011,2025-11-16 07:26:00,17505.9,Providence,ULSD,17169.7,32.0,36.04,3.2515,3.2261
C004,2025-11-16 08:21:00,6623.7,Providence,ULSD,6510.5,35.2,36.38,3.2464,3.2261
C002,2025-11-16 10:24:00,6081.0,Providence,ULSD,5990.5,38.4,36.6,3.2493,3.2261
C013,2025-11-16 11:12:00,19433.7,Linden,ULSHO,19233.4,45.1,35.96,2.7171,2.7141
C012,2025-11-16 11:40:00,17813.5,Linden,ULSD,17514.3,35.6,36.11,3.2308,3.2261
C018,2025-11-16 13:57:00,4105.9,Albany,RBOB,4014.6,36.0,60.2,2.2008,2.1667
C007,2025-11-16 16:23:00,6654.4,Providence,ULSD,6550.8,37.4,35.27,3.2471,3.2261
C022,2025-11-16 17:38:00,3322.4,Linden,RBOB,3237.4,32.4,59.99,2.1697,2.1667
C010,2025-11-17 06:26:00,16460.6,Linden,ULSHO,16223.0,39.1,34.56,2.7118,2.7017
C017,2025-11-17 07:58:00,16059.3,Linden,RBOB,15833.6,45.0,60.61,2.2071,2.1934
C008,2025-11-17 09:15:00,7337.6,Providence,ULSD,7250.8,42.9,35.21,3.263,3.2428
C009,2025-11-17 11:39:00,12634.6,Providence,ULSHO,12537.5,48.9,34.49,2.7202,2.7017
C024,2025-11-17 12:57:00,5769.0,Linden,ULSD,5701.1,43.0,36.1,3.2463,3.2428
C023,2025-11-17 14:13:00,6150.6,Albany,RBOB,6028.8,38.7,59.37,2.214,2.1934
C014,2025-11-18 10:34:00,15314.0,Providence,RBOB,15040.2,40.8,60.02,2.2073,2.1868
C021,2025-11-18 12:12:00,5536.8,Linden,RBOB,5451.4,43.5,59.71,2.1898,2.1868
C011,2025-11-18 12:33:00,18223.7,Providence,ULSD,17993.2,41.7,35.98,3.2828,3.271
C012,2025-11-18 15:44:00,17681.4,Linden,ULSD,17393.0,36.3,36.53,3.2794,3.271
C006,2025-11-18 15:46:00,9207.9,Providence,RBOB,8970.7,32.2,59.89,2.2025,2.1868
C015,2025-11-18 17:20:00,8535.3,Albany,RBOB,8374.7,39.8,60.59,2.2231,2.1868
C003,2025-11-18 17:43:00,7661.0,Albany,ULSD,7545.1,38.1,35.49,3.3005,3.271
C013,2025-11-18 17:53:00,16711.5,Linden,ULSD,16419.6,34.6,35.88,3.2788,3.271
C009,2025-11-19 09:21:00,16649.5,Providence,ULSHO,16388.3,37.2,35.1,2.7581,2.7424
C024,2025-11-19 09:51:00,6629.9,Linden,ULSD,6518.8,35.6,35.37,3.2169,3.2139
C022,2025-11-19 12:23:00,2864.5,Linden,RBOB,2822.2,44.2,60.74,2.2042,2.2012
C010,2025-11-19 12:47:00,16301.4,Linden,ULSD,16078.8,40.2,35.87,3.2222,3.2139
C012,2025-11-20 06:45:00,16609.8,Linden,ULSD,16391.5,41.0,36.4,3.2273,3.2236
C004,2025-11-20 09:13:00,5461.8,Providence,ULSD,5412.6,47.0,35.83,3.2305,3.2236
C002,2025-11-20 09:31:00,4623.4,Providence,ULSD,4576.1,45.2,36.74,3.2334,3.2236
C007,2025-11-20 12:42:00,8026.6,Providence,RBOB,7863.3,38.1,60.03,2.2228,2.2095
C005,2025-11-20 14:26:00,8062.7,Providence,ULSD,7978.5,44.9,35.81,3.2297,3.2236
C013,2025-11-20 15:28:00,7177.3,Linden,ULSHO,7023.4,28.7,35.05,2.6665,2.6548
C001,2025-11-20 15:38:00,6616.2,Linden,ULSD,6520.7,39.1,36.62,3.2281,3.2236
C008,2025-11-20 16:31:00,7333.0,Providence,ULSD,7241.1,41.9,36.55,3.2336,3.2236
C009,2025-11-21 07:14:00,17812.0,Providence,ULSHO,17480.8,32.9,34.97,2.6787,2.6687
C023,2025-11-21 11:52:00,4583.1,Albany,ULSD,4500.0,33.6,35.44,3.2427,3.2188
C011,2025-11-21 14:41:00,20534.5,Providence,ULSD,20189.5,35.6,36.34,3.2373,3.2188
C010,2025-11-21 15:15:00,15895.8,Linden,ULSD,15545.8,27.8,35.92,3.2231,3.2188
C021,2025-11-21 16:15:00,4551.6,Linden,RBOB,4468.8,40.5,60.28,2.2436,2.2406
C006,2025-11-22 08:03:00,9120.4,Providence,RBOB,8913.3,35.5,60.31,2.2701,2.2508
C010,2025-11-22 15:23:00,21908.4,Linden,ULSD,21527.1,34.7,35.63,3.2161,3.2102
C003,2025-11-22 15:25:00,9845.0,Albany,ULSD,9638.9,29.5,36.14,3.2387,3.2102
C012,2025-11-22 17:01:00,9196.3,Linden,ULSD,9021.4,32.3,35.53,3.2141,3.2102
C011,2025-11-23 06:31:00,22959.7,Providence,ULSD,22726.9,45.4,36.17,3.1391,3.12
C012,2025-11-23 06:55:00,17871.3,Linden,ULSD,17790.9,53.5,35.95,3.1232,3.12
C022,2025-11-23 09:57:00,3144.5,Linden,RBOB,3096.5,43.7,59.97,2.312,2.309
C005,2025-11-23 12:09:00,6964.4,Providence,ULSD,6889.0,44.4,36.75,3.1332,3.12
C009,2025-11-23 16:13:00,8474.3,Providence,ULSHO,8322.5,33.9,34.88,2.666,2.6421
C008,2025-11-23 16:20:00,7115.1,Providence,ULSD,7003.9,37.3,35.66,3.1371,3.12
C004,2025-11-23 17:08:00,8178.1,Providence,RBOB,8021.2,39.4,60.27,2.3278,2.309
C021,2025-11-24 08:19:00,7036.9,Linden,RBOB,6910.9,40.8,60.22,2.3366,2.3336
C012,2025-11-24 09:18:00,17879.7,Linden,ULSHO,17592.5,36.7,36.76,2.5647,2.5575
C018,2025-11-24 09:26:00,5724.7,Albany,RBOB,5604.0,37.3,60.31,2.3713,2.3336
C024,2025-11-24 09:38:00,5881.7,Linden,ULSD,5812.4,43.0,35.94,3.1702,3.1672
C010,2025-11-24 10:24:00,20712.6,Linden,ULSD,20420.8,39.6,37.31,3.1753,3.1672
C023,2025-11-24 11:03:00,5361.7,Albany,ULSD,5308.5,45.7,35.0,3.1946,3.1672
C002,2025-11-24 15:47:00,6535.6,Providence,ULSD,6429.6,36.4,36.39,3.1852,3.1672
C013,2025-11-24 16:44:00,15416.1,Linden,ULSHO,15195.7,39.3,35.19,2.5641,2.5575
C017,2025-11-25 07:58:00,10263.9,Linden,RBOB,10077.1,40.5,59.85,2.3677,2.3573
C010,2025-11-25 08:24:00,9267.6,Linden,ULSHO,9175.8,45.7,34.53,2.5875,2.5845
C001,2025-11-25 09:55:00,6635.9,Linden,ULSD,6517.8,34.1,35.67,3.1717,3.1648
C006,2025-11-25 14:32:00,7891.3,Providence,RBOB,7757.5,41.8,60.34,2.3732,2.3573
C003,2025-11-25 17:45:00,10047.6,Albany,RBOB,9837.0,37.5,60.23,2.3831,2.3573
C011,2025-11-25 17:54:00,16880.9,Providence,ULSD,16574.5,33.6,36.14,3.1808,3.1648
C024,2025-11-26 06:20:00,3459.8,Linden,ULSD,3424.4,45.2,36.69,3.1463,3.1433
C012,2025-11-26 06:27:00,16635.2,Linden,ULSD,16362.4,36.2,35.08,3.1483,3.1433
C005,2025-11-26 07:19:00,6572.9,Providence,ULSD,6496.4,43.2,36.27,3.1463,3.1433
C019,2025-11-26 08:50:00,124243.9,Linden,ULSD,122035.7,34.1,36.39,3.1507,3.1433
C007,2025-11-26 08:59:00,8107.1,Providence,RBOB,7912.6,34.1,60.66,2.3867,2.377
C013,2025-11-26 09:54:00,16099.4,Linden,ULSD,15788.5,31.9,36.5,3.1477,3.1433
C021,2025-11-26 10:40:00,5166.9,Linden,RBOB,5056.1,36.9,60.48,2.38,2.377
C022,2025-11-26 12:44:00,2827.5,Linden,RBOB,2769.3,37.8,59.97,2.38,2.377
C008,2025-11-26 13:52:00,5385.4,Providence,ULSD,5324.3,43.6,36.58,3.1499,3.1433
C004,2025-11-26 14:37:00,7939.8,Providence,ULSD,7850.3,43.7,35.67,3.1467,3.1433
C009,2025-11-26 16:32:00,15075.6,Providence,ULSHO,14847.3,38.0,35.44,2.6673,2.6529
C013,2025-11-27 08:50:00,15158.3,Linden,ULSHO,14924.1,37.6,35.04,2.5848,2.5794
C010,2025-11-27 10:45:00,14362.0,Linden,ULSD,14082.5,31.6,36.66,3.145,3.1376
C020,2025-11-27 13:52:00,132451.8,Providence,ULSD,129948.5,32.5,35.95,3.1453,3.1376
C023,2025-11-27 17:01:00,5301.9,Albany,RBOB,5183.1,35.9,60.16,2.3271,2.3057
C006,2025-11-28 07:05:00,8665.0,Providence,RBOB,8375.1,23.6,59.62,2.3155,2.298
C005,2025-11-28 11:18:00,8897.5,Providence,ULSD,8707.1,28.8,35.36,3.1325,3.1222
C024,2025-11-28 11:43:00,7572.0,Linden,ULSD,7441.7,35.0,36.28,3.1252,3.1222
C011,2025-11-28 13:46:00,22449.3,Providence,ULSD,22003.2,31.0,35.21,3.1384,3.1222
C009,2025-11-28 14:38:00,14542.0,Providence,ULSHO,14284.9,34.3,34.82,2.6622,2.6337
C003,2025-11-28 15:39:00,7971.7,Albany,RBOB,7802.7,37.2,60.48,2.32,2.298
C002,2025-11-28 17:14:00,4761.8,Providence,ULSD,4670.4,32.0,36.23,3.1362,3.1222
C012,2025-11-28 17:29:00,12247.1,Linden,ULSD,12028.4,34.0,36.23,3.1282,3.1222
C001,2025-11-29 10:09:00,5842.7,Linden,ULSD,5727.7,31.3,36.55,3.1696,3.1574
C008,2025-11-29 11:25:00,5817.2,Providence,ULSD,5730.6,38.4,36.37,3.1745,3.1574
C010,2025-11-29 14:00:00,19383.4,Linden,ULSHO,19086.4,37.8,35.5,2.6262,2.6106
C013,2025-11-29 15:57:00,19114.9,Linden,ULSHO,18840.6,39.2,35.25,2.6236,2.6106
C006,2025-11-30 06:33:00,7469.0,Providence,RBOB,7332.3,40.4,60.1,2.3207,2.2955
C021,2025-11-30 07:51:00,5688.0,Linden,RBOB,5530.9,30.1,59.55,2.2985,2.2955
C022,2025-11-30 08:06:00,2271.8,Linden,RBOB,2212.6,31.8,59.99,2.2985,2.2955
C007,2025-11-30 09:54:00,6308.3,Providence,ULSD,6215.3,38.6,36.39,3.1138,3.0963
C009,2025-11-30 10:53:00,13250.1,Providence,ULSHO,12983.4,30.7,35.34,2.7171,2.7033
C004,2025-11-30 12:36:00,7261.7,Providence,ULSD,7110.4,29.6,36.18,3.1131,3.0963
C012,2025-11-30 14:45:00,19332.0,Linden,ULSD,19076.3,40.8,36.71,3.1063,3.0963
C024,2025-12-01 06:29:00,7414.4,Linden,ULSD,7278.6,33.4,36.48,3.0464,3.0434
C023,2025-12-01 07:32:00,4463.8,Albany,ULSD,4377.9,32.0,35.81,3.0639,3.0434
C012,2025-12-01 08:12:00,22427.1,Linden,ULSD,21839.5,21.6,35.56,3.0466,3.0434
C010,2025-12-01 12:58:00,13537.0,Linden,ULSHO,13254.1,29.5,35.11,2.7264,2.7204
C013,2025-12-01 15:22:00,17557.6,Linden,ULSD,17186.5,29.2,36.23,3.0464,3.0434
C011,2025-12-01 17:02:00,22707.4,Providence,ULSD,22277.6,32.4,35.99,3.0586,3.0434
C003,2025-12-02 06:26:00,8482.9,Albany,ULSD,8384.9,43.3,35.82,3.0892,3.0603
C005,2025-12-02 11:20:00,8521.9,Providence,ULSD,8331.0,27.3,35.74,3.0713,3.0603
C002,2025-12-02 12:34:00,6091.4,Providence,ULSD,6015.6,42.0,35.8,3.0751,3.0603
C012,2025-12-02 13:16:00,16727.1,Linden,ULSHO,16520.6,42.1,33.64,2.7177,2.7037
C010,2025-12-02 14:54:00,17357.7,Linden,ULSHO,17153.1,43.0,33.95,2.7196,2.7037
C021,2025-12-02 16:38:00,5719.3,Linden,RBOB,5605.3,38.6,59.97,2.3134,2.3104
C008,2025-12-02 17:27:00,6580.8,Providence,ULSD,6482.9,38.4,36.01,3.0753,3.0603
C011,2025-12-03 12:13:00,20965.7,Providence,ULSD,20652.2,38.3,36.33,3.0882,3.0706
C009,2025-12-03 13:09:00,18403.5,Providence,ULSHO,18167.1,41.4,36.15,2.7821,2.7581
C001,2025-12-03 15:48:00,6311.1,Linden,RBOB,6151.0,32.6,59.77,2.3207,2.3094
C013,2025-12-03 16:04:00,22171.8,Linden,ULSD,21817.2,36.8,34.94,3.074,3.0706
C023,2025-12-04 09:15:00,5722.5,Albany,ULSD,5620.0,34.0,35.63,3.0967,3.0692
