Date,Product,Terminal,Benchmark,Basis,Posted Rack,OPIS Rack,Committed Buys,Committed Sells
2025-04-23,RBOB,Linden,2.1927,0.01,2.2245,2.2188,327307.0,390967.0
2025-04-23,ULSD,Providence,2.5087,0.02,2.56,2.559,306200.0,403655.0
2025-04-23,RBOB,Providence,2.1927,0.01,2.2347,2.2356,516121.0,574669.0
2025-04-23,ULSHO,Linden,2.5829,0.015,2.6188,2.6191,366019.0,527636.0
2025-04-23,ULSD,Albany,2.5087,0.02,2.5722,2.575,526409.0,610369.0
2025-04-23,ULSHO,Albany,2.5829,0.015,2.6391,2.6417,527410.0,553154.0
2025-04-23,RBOB,Albany,2.1927,0.01,2.2437,2.254,359160.0,339869.0
2025-04-23,ULSHO,Providence,2.5829,0.015,2.6349,2.6278,625749.0,496607.0
2025-04-23,ULSD,Linden,2.5087,0.02,2.5476,2.547,525610.0,344163.0
2025-04-24,ULSHO,Providence,2.5555,0.0173,2.6062,2.5986,609312.0,533205.0
2025-04-24,RBOB,Linden,2.2198,0.0087,2.2472,2.2472,328243.0,444941.0
2025-04-24,ULSD,Linden,2.4684,0.0329,2.5176,2.5259,508377.0,324566.0
2025-04-24,ULSD,Providence,2.4684,0.0329,2.5329,2.5303,301601.0,447184.0
2025-04-24,ULSHO,Albany,2.5555,0.0173,2.6212,2.6109,490268.0,528990.0
2025-04-24,RBOB,Albany,2.2198,0.0087,2.276,2.2691,390286.0,381431.0
2025-04-24,ULSD,Albany,2.4684,0.0329,2.554,2.5418,530003.0,622918.0
2025-04-24,RBOB,Providence,2.2198,0.0087,2.263,2.2643,548913.0,545694.0
2025-04-24,ULSHO,Linden,2.5555,0.0173,2.5914,2.5864,361017.0,487889.0
2025-04-25,RBOB,Albany,2.2414,0.0105,2.2947,2.3009,390375.0,416878.0
2025-04-25,ULSHO,Providence,2.5821,0.0206,2.6357,2.6331,623781.0,516025.0
2025-04-25,ULSHO,Linden,2.5821,0.0206,2.6194,2.6234,344566.0,520125.0
2025-04-25,ULSD,Providence,2.491,0.0326,2.5567,2.5494,280595.0,445096.0
2025-04-25,RBOB,Linden,2.2414,0.0105,2.2662,2.2671,283924.0,441822.0
2025-04-25,ULSD,Albany,2.491,0.0326,2.5662,2.5633,465735.0,596251.0
2025-04-25,RBOB,Providence,2.2414,0.0105,2.2815,2.2903,534029.0,556014.0
2025-04-25,ULSHO,Albany,2.5821,0.0206,2.6462,2.6449,508035.0,560572.0
2025-04-25,ULSD,Linden,2.491,0.0326,2.5451,2.5421,431341.0,349305.0
2025-04-26,ULSHO,Linden,2.5485,0.0091,2.5837,2.5782,412381.0,511906.0
2025-04-26,RBOB,Albany,2.283,0.0018,2.3256,2.3332,374928.0,437430.0
2025-04-26,ULSD,Providence,2.5502,0.0367,2.6181,2.6094,272438.0,460383.0
2025-04-26,ULSD,Linden,2.5502,0.0367,2.604,2.6008,429338.0,349140.0
2025-04-26,RBOB,Providence,2.283,0.0018,2.3214,2.3158,534293.0,468942.0
2025-04-26,RBOB,Linden,2.283,0.0018,2.3009,2.3099,292727.0,407829.0
2025-04-26,ULSHO,Albany,2.5485,0.0091,2.6013,2.6051,465652.0,627589.0
2025-04-26,ULSD,Albany,2.5502,0.0367,2.6285,2.6315,493483.0,578371.0
2025-04-26,ULSHO,Providence,2.5485,0.0091,2.5864,2.5927,613277.0,583456.0
2025-04-27,ULSHO,Linden,2.5865,0.0195,2.6238,2.6263,480136.0,531392.0
2025-04-27,ULSD,Albany,2.5777,0.0287,2.6531,2.6506,521113.0,585346.0
2025-04-27,ULSHO,Albany,2.5865,0.0195,2.6446,2.6577,501267.0,639346.0
2025-04-27,RBOB,Albany,2.2975,-0.0077,2.3333,2.3271,351706.0,379931.0
2025-04-27,RBOB,Linden,2.2975,-0.0077,2.3128,2.2993,311158.0,481328.0
2025-04-27,ULSD,Providence,2.5777,0.0287,2.6344,2.6381,274194.0,451512.0
2025-04-27,ULSD,Linden,2.5777,0.0287,2.6178,2.6228,429910.0,344856.0
2025-04-27,ULSHO,Providence,2.5865,0.0195,2.6399,2.6409,591009.0,613423.0
2025-04-27,RBOB,Providence,2.2975,-0.0077,2.3269,2.3228,555829.0,455791.0
2025-04-28,ULSD,Albany,2.5589,0.0298,2.6306,2.6402,532798.0,566494.0
2025-04-28,ULSHO,Albany,2.5728,0.0224,2.6372,2.6431,482240.0,595136.0
2025-04-28,ULSHO,Linden,2.5728,0.0224,2.6163,2.6079,494325.0,560588.0
2025-04-28,RBOB,Albany,2.2827,-0.012,2.3167,2.316,354813.0,333086.0
2025-04-28,RBOB,Linden,2.2827,-0.012,2.2926,2.2897,311699.0,460698.0
2025-04-28,ULSD,Linden,2.5589,0.0298,2.6086,2.6019,400661.0,386829.0
2025-04-28,ULSD,Providence,2.5589,0.0298,2.6145,2.6192,264906.0,440158.0
2025-04-28,RBOB,Providence,2.2827,-0.012,2.3011,2.3025,558088.0,475517.0
2025-04-28,ULSHO,Providence,2.5728,0.0224,2.6293,2.6326,593167.0,668999.0
2025-04-29,ULSHO,Linden,2.5367,0.0189,2.574,2.575,489385.0,490007.0
2025-04-29,ULSD,Albany,2.6103,0.0326,2.6876,2.6786,520001.0,567730.0
2025-04-29,ULSD,Linden,2.6103,0.0326,2.6635,2.6656,401321.0,422924.0
2025-04-29,ULSHO,Albany,2.5367,0.0189,2.6002,2.6055,475270.0,540518.0
2025-04-29,RBOB,Providence,2.2957,-0.0216,2.3118,2.3041,502333.0,458982.0
2025-04-29,RBOB,Linden,2.2957,-0.0216,2.3005,2.3061,337996.0,502098.0
2025-04-29,ULSD,Providence,2.6103,0.0326,2.6672,2.6825,282799.0,393643.0
2025-04-29,ULSHO,Providence,2.5367,0.0189,2.5839,2.5843,643371.0,641786.0
2025-04-29,RBOB,Albany,2.2957,-0.0216,2.3191,2.3153,336766.0,374866.0
2025-04-30,ULSD,Linden,2.5464,0.0419,2.6109,2.5996,438679.0,418913.0
2025-04-30,ULSHO,Linden,2.5173,0.0123,2.5487,2.5434,524552.0,482600.0
2025-04-30,ULSHO,Albany,2.5173,0.0123,2.5746,2.5685,529522.0,497588.0
2025-04-30,RBOB,Providence,2.2528,-0.0236,2.2682,2.2611,524549.0,423693.0
2025-04-30,ULSD,Albany,2.5464,0.0419,2.6232,2.6349,519497.0,563021.0
2025-04-30,ULSHO,Providence,2.5173,0.0123,2.5686,2.5602,560077.0,605771.0
2025-04-30,RBOB,Linden,2.2528,-0.0236,2.2494,2.2475,333463.0,566772.0
2025-04-30,ULSD,Providence,2.5464,0.0419,2.6256,2.612,284443.0,432563.0
2025-04-30,RBOB,Albany,2.2528,-0.0236,2.2756,2.2684,367031.0,407723.0
2025-05-01,RBOB,Albany,2.1854,-0.01,2.216,2.2102,358196.0,428566.0
2025-05-01,ULSD,Linden,2.599,0.0351,2.6578,2.659,415316.0,393385.0
2025-05-01,ULSHO,Albany,2.4835,0.0025,2.5279,2.5145,562743.0,461674.0
2025-05-01,RBOB,Linden,2.1854,-0.01,2.1988,2.1897,340266.0,529048.0
2025-05-01,ULSD,Providence,2.599,0.0351,2.67,2.6683,267429.0,441235.0
2025-05-01,ULSHO,Linden,2.4835,0.0025,2.5006,2.5077,573511.0,536041.0
2025-05-01,ULSHO,Providence,2.4835,0.0025,2.5143,2.5183,609507.0,542176.0
2025-05-01,ULSD,Albany,2.599,0.0351,2.6791,2.6863,502487.0,523015.0
2025-05-01,RBOB,Providence,2.1854,-0.01,2.2092,2.2017,556410.0,490320.0
2025-05-02,RBOB,Providence,2.2065,-0.0139,2.2206,2.2283,584486.0,541352.0
2025-05-02,ULSHO,Albany,2.4855,-0.0042,2.5293,2.5316,511842.0,501907.0
2025-05-02,RBOB,Albany,2.2065,-0.0139,2.2354,2.2287,409945.0,422857.0
2025-05-02,ULSHO,Linden,2.4855,-0.0042,2.5048,2.5077,552603.0,535106.0
2025-05-02,ULSD,Albany,2.5682,0.0369,2.6489,2.6561,542816.0,524035.0
2025-05-02,ULSD,Providence,2.5682,0.0369,2.6316,2.644,278658.0,423187.0
2025-05-02,ULSHO,Providence,2.4855,-0.0042,2.517,2.5165,611108.0,567688.0
2025-05-02,RBOB,Linden,2.2065,-0.0139,2.2178,2.2125,296232.0,536007.0
2025-05-02,ULSD,Linden,2.5682,0.0369,2.6259,2.6168,426652.0,473229.0
2025-05-03,ULSHO,Albany,2.4869,0.0014,2.538,2.533,486682.0,511365.0
2025-05-03,ULSHO,Linden,2.4869,0.0014,2.5066,2.5126,612697.0,570010.0
2025-05-03,ULSD,Albany,2.4583,0.0367,2.5337,2.537,559034.0,482149.0
2025-05-03,RBOB,Providence,2.2025,-0.0072,2.2332,2.2358,637695.0,532816.0
2025-05-03,ULSD,Linden,2.4583,0.0367,2.5142,2.5151,388846.0,526486.0
2025-05-03,ULSD,Providence,2.4583,0.0367,2.526,2.517,230255.0,433553.0
2025-05-03,RBOB,Linden,2.2025,-0.0072,2.2193,2.2217,305876.0,520358.0
2025-05-03,ULSHO,Providence,2.4869,0.0014,2.5195,2.5198,572920.0,530240.0
2025-05-03,RBOB,Albany,2.2025,-0.0072,2.2382,2.2412,451166.0,439619.0
2025-05-04,ULSHO,Albany,2.4832,0.001,2.5252,2.5276,493765.0,509454.0
2025-05-04,RBOB,Providence,2.2129,-0.0133,2.2309,2.2401,644937.0,579940.0
2025-05-04,RBOB,Albany,2.2129,-0.0133,2.2434,2.2415,408691.0,423218.0
2025-05-04,ULSD,Albany,2.5527,0.0286,2.6306,2.6218,626940.0,514702.0
2025-05-04,ULSHO,Linden,2.4832,0.001,2.509,2.5025,602838.0,581767.0
2025-05-04,RBOB,Linden,2.2129,-0.0133,2.2171,2.2187,283855.0,535513.0
2025-05-04,ULSD,Providence,2.5527,0.0286,2.6153,2.6167,292837.0,421700.0
2025-05-04,ULSD,Linden,2.5527,0.0286,2.5989,2.5939,405573.0,533432.0
2025-05-04,ULSHO,Providence,2.4832,0.001,2.5168,2.5114,589280.0,580688.0
2025-05-05,RBOB,Providence,2.1445,-0.0087,2.1662,2.1741,666336.0,624321.0
2025-05-05,ULSHO,Providence,2.4575,-0.0041,2.4823,2.4777,583356.0,587183.0
2025-05-05,ULSHO,Linden,2.4575,-0.0041,2.4688,2.4708,636394.0,560886.0
2025-05-05,RBOB,Albany,2.1445,-0.0087,2.1714,2.1809,445622.0,415436.0
2025-05-05,ULSD,Albany,2.6086,0.0274,2.6789,2.6774,609088.0,481112.0
2025-05-05,RBOB,Linden,2.1445,-0.0087,2.155,2.1588,276759.0,543257.0
2025-05-05,ULSD,Providence,2.6086,0.0274,2.6748,2.6598,241136.0,399487.0
2025-05-05,ULSHO,Albany,2.4575,-0.0041,2.4991,2.5051,485592.0,539021.0
2025-05-05,ULSD,Linden,2.6086,0.0274,2.6498,2.6543,430539.0,524769.0
2025-05-06,RBOB,Providence,2.1287,-0.0084,2.1527,2.1475,715308.0,581919.0
2025-05-06,ULSD,Linden,2.5633,0.025,2.6067,2.6132,518179.0,537112.0
2025-05-06,RBOB,Albany,2.1287,-0.0084,2.1633,2.1589,431431.0,388688.0
2025-05-06,ULSD,Albany,2.5633,0.025,2.6313,2.6338,655912.0,472995.0
2025-05-06,ULSHO,Linden,2.3215,-0.005,2.3345,2.3337,613316.0,568133.0
2025-05-06,RBOB,Linden,2.1287,-0.0084,2.1408,2.1408,282409.0,607556.0
2025-05-06,ULSHO,Albany,2.3215,-0.005,2.3547,2.3557,514204.0,537592.0
2025-05-06,ULSHO,Providence,2.3215,-0.005,2.3463,2.3544,618554.0,615125.0
2025-05-06,ULSD,Providence,2.5633,0.025,2.6179,2.6229,249625.0,412235.0
2025-05-07,ULSHO,Albany,2.32,0.0068,2.3726,2.3661,489434.0,536785.0
2025-05-07,ULSHO,Linden,2.32,0.0068,2.3485,2.3485,611210.0,602042.0
2025-05-07,ULSD,Providence,2.5646,0.0104,2.6079,2.6145,272613.0,458273.0
2025-05-07,RBOB,Providence,2.1041,-0.0066,2.1274,2.1371,696520.0,674554.0
2025-05-07,ULSD,Linden,2.5646,0.0104,2.5989,2.6005,547841.0,541586.0
2025-05-07,RBOB,Albany,2.1041,-0.0066,2.1361,2.1398,477187.0,402103.0
2025-05-07,ULSD,Albany,2.5646,0.0104,2.6136,2.62,629572.0,410289.0
2025-05-07,RBOB,Linden,2.1041,-0.0066,2.1136,2.1157,297797.0,621857.0
2025-05-07,ULSHO,Providence,2.32,0.0068,2.3616,2.3642,581839.0,570354.0
2025-05-08,ULSD,Providence,2.5512,0.0152,2.6033,2.5983,297293.0,450510.0
2025-05-08,RBOB,Albany,2.0699,-0.0012,2.1182,2.1113,492435.0,391479.0
2025-05-08,ULSHO,Albany,2.2504,0.0058,2.2966,2.2965,423936.0,505434.0
2025-05-08,ULSHO,Providence,2.2504,0.0058,2.2875,2.2849,608644.0,551551.0
2025-05-08,ULSHO,Linden,2.2504,0.0058,2.2765,2.273,591223.0,642906.0
2025-05-08,RBOB,Linden,2.0699,-0.0012,2.0907,2.1045,248252.0,614630.0
2025-05-08,ULSD,Linden,2.5512,0.0152,2.5889,2.5927,559982.0,584874.0
2025-05-08,ULSD,Albany,2.5512,0.0152,2.6037,2.6121,618560.0,397745.0
2025-05-08,RBOB,Providence,2.0699,-0.0012,2.105,2.0972,749433.0,636862.0
2025-05-09,RBOB,Albany,1.986,0.0107,2.0468,2.033,488400.0,428923.0
2025-05-09,ULSHO,Providence,2.2541,0.0034,2.2882,2.297,568803.0,560695.0
2025-05-09,ULSD,Providence,2.55,0.019,2.5939,2.6024,315587.0,402626.0
2025-05-09,ULSD,Linden,2.55,0.019,2.5969,2.5884,605382.0,550790.0
2025-05-09,RBOB,Providence,1.986,0.0107,2.0318,2.0284,800168.0,624249.0
2025-05-09,ULSD,Albany,2.55,0.019,2.6106,2.616,577289.0,357796.0
2025-05-09,RBOB,Linden,1.986,0.0107,2.0208,2.017,203602.0,647393.0
2025-05-09,ULSHO,Albany,2.2541,0.0034,2.3011,2.309,394807.0,482961.0
2025-05-09,ULSHO,Linden,2.2541,0.0034,2.2749,2.2749,588581.0,687691.0
2025-05-10,ULSHO,Linden,2.2881,0.0129,2.3204,2.3088,620194.0,641279.0
2025-05-10,RBOB,Providence,1.9724,0.0118,2.0211,2.0255,815569.0,582989.0
2025-05-10,ULSHO,Albany,2.2881,0.0129,2.3458,2.3493,392294.0,484183.0
2025-05-10,RBOB,Albany,1.9724,0.0118,2.0348,2.0199,508562.0,456812.0
2025-05-10,ULSD,Linden,2.4889,0.0165,2.5249,2.5258,565895.0,552588.0
2025-05-10,ULSD,Providence,2.4889,0.0165,2.5345,2.5338,368326.0,385008.0
2025-05-10,RBOB,Linden,1.9724,0.0118,2.0023,2.0015,204889.0,629934.0
2025-05-10,ULSD,Albany,2.4889,0.0165,2.5431,2.5439,592789.0,414738.0
2025-05-10,ULSHO,Providence,2.2881,0.0129,2.3365,2.3327,573445.0,588853.0
2025-05-11,RBOB,Providence,2.0029,0.0123,2.0496,2.0419,867336.0,584423.0
2025-05-11,ULSHO,Linden,2.293,0.0159,2.3238,2.3248,584579.0,664460.0
2025-05-11,ULSD,Providence,2.4587,0.0089,2.4996,2.5011,335162.0,452515.0
2025-05-11,ULSHO,Albany,2.293,0.0159,2.3521,2.3443,415537.0,443496.0
2025-05-11,ULSHO,Providence,2.293,0.0159,2.3437,2.3432,591085.0,545076.0
2025-05-11,RBOB,Albany,2.0029,0.0123,2.0624,2.0613,486823.0,430278.0
2025-05-11,ULSD,Albany,2.4587,0.0089,2.5134,2.5058,587169.0,413310.0
2025-05-11,ULSD,Linden,2.4587,0.0089,2.4809,2.4886,599410.0,526151.0
2025-05-11,RBOB,Linden,2.0029,0.0123,2.0432,2.0328,233297.0,609905.0
2025-05-12,ULSD,Providence,2.4712,0.0191,2.5194,2.528,340351.0,426024.0
2025-05-12,ULSD,Albany,2.4712,0.0191,2.5376,2.5279,605706.0,434276.0
2025-05-12,ULSHO,Providence,2.2751,0.0161,2.3239,2.3296,580817.0,560091.0
2025-05-12,ULSD,Linden,2.4712,0.0191,2.5135,2.5132,575713.0,573946.0
2025-05-12,RBOB,Providence,2.0151,0.0062,2.0502,2.0575,882460.0,537044.0
2025-05-12,ULSHO,Linden,2.2751,0.0161,2.3113,2.3074,571017.0,609558.0
2025-05-12,RBOB,Albany,2.0151,0.0062,2.0633,2.0659,495609.0,496987.0
2025-05-12,RBOB,Linden,2.0151,0.0062,2.0402,2.0432,256573.0,681792.0
2025-05-12,ULSHO,Albany,2.2751,0.0161,2.3394,2.3428,444706.0,503173.0
2025-05-13,RBOB,Providence,1.9919,0.0102,2.0334,2.0354,836337.0,537314.0
2025-05-13,ULSD,Albany,2.4746,0.0208,2.5367,2.5325,654068.0,375483.0
2025-05-13,ULSHO,Linden,2.2646,0.0123,2.2866,2.2943,587033.0,600473.0
2025-05-13,ULSD,Linden,2.4746,0.0208,2.5194,2.5132,550403.0,637202.0
2025-05-13,ULSHO,Albany,2.2646,0.0123,2.318,2.3207,490291.0,506829.0
2025-05-13,RBOB,Linden,1.9919,0.0102,2.0212,2.0241,297558.0,643742.0
2025-05-13,ULSD,Providence,2.4746,0.0208,2.5363,2.5264,352894.0,470562.0
2025-05-13,RBOB,Albany,1.9919,0.0102,2.0497,2.0413,505935.0,458038.0
2025-05-13,ULSHO,Providence,2.2646,0.0123,2.3098,2.3065,596232.0,533596.0
2025-05-14,ULSHO,Providence,2.2556,0.0033,2.2978,2.2871,567751.0,565472.0
2025-05-14,ULSD,Providence,2.5146,0.0268,2.5771,2.5727,342396.0,463375.0
2025-05-14,ULSHO,Albany,2.2556,0.0033,2.3013,2.3048,498674.0,486884.0
2025-05-14,ULSD,Linden,2.5146,0.0268,2.557,2.5667,585361.0,631632.0
2025-05-14,RBOB,Providence,1.9898,0.0087,2.0339,2.0297,862692.0,575690.0
2025-05-14,ULSHO,Linden,2.2556,0.0033,2.2795,2.2849,567562.0,589002.0
2025-05-14,RBOB,Linden,1.9898,0.0087,2.0175,2.0223,351193.0,618834.0
2025-05-14,ULSD,Albany,2.5146,0.0268,2.5788,2.5849,646134.0,336743.0
2025-05-14,RBOB,Albany,1.9898,0.0087,2.0416,2.0418,498087.0,475390.0
2025-05-15,RBOB,Providence,2.0155,0.0138,2.0597,2.0569,859609.0,582101.0
2025-05-15,ULSD,Linden,2.5127,0.0344,2.5611,2.5687,589165.0,648374.0
2025-05-15,RBOB,Linden,2.0155,0.0138,2.0465,2.05,374521.0,613569.0
2025-05-15,ULSD,Albany,2.5127,0.0344,2.5894,2.5928,653850.0,336698.0
2025-05-15,ULSHO,Linden,2.2328,-0.0023,2.2556,2.2439,635108.0,607237.0
2025-05-15,ULSHO,Albany,2.2328,-0.0023,2.2759,2.2707,491382.0,520914.0
2025-05-15,ULSHO,Providence,2.2328,-0.0023,2.2619,2.2538,598444.0,559753.0
2025-05-15,ULSD,Providence,2.5127,0.0344,2.5801,2.5812,328893.0,490747.0
2025-05-15,RBOB,Albany,2.0155,0.0138,2.0756,2.0764,508422.0,514102.0
2025-05-16,RBOB,Linden,1.9163,0.0131,1.9511,1.9422,378845.0,569990.0
2025-05-16,ULSHO,Linden,2.2091,-0.0031,2.2293,2.2195,579332.0,613816.0
2025-05-16,RBOB,Albany,1.9163,0.0131,1.9698,1.9822,472056.0,558170.0
2025-05-16,ULSD,Linden,2.5979,0.0296,2.6481,2.653,630533.0,694779.0
2025-05-16,RBOB,Providence,1.9163,0.0131,1.9731,1.9635,859696.0,571514.0
2025-05-16,ULSHO,Albany,2.2091,-0.0031,2.25,2.2587,517065.0,482612.0
2025-05-16,ULSD,Providence,2.5979,0.0296,2.6556,2.6636,381854.0,487401.0
2025-05-16,ULSD,Albany,2.5979,0.0296,2.667,2.6844,679506.0,295409.0
2025-05-16,ULSHO,Providence,2.2091,-0.0031,2.2396,2.2396,573124.0,551823.0
2025-05-17,RBOB,Providence,1.9106,0.0232,1.9648,1.9634,850719.0,624684.0
2025-05-17,RBOB,Albany,1.9106,0.0232,1.9753,1.9732,489168.0,478952.0
2025-05-17,ULSHO,Albany,2.1745,-0.0023,2.2175,2.2182,512645.0,519691.0
2025-05-17,ULSHO,Linden,2.1745,-0.0023,2.1955,2.1952,663759.0,652785.0
2025-05-17,ULSHO,Providence,2.1745,-0.0023,2.206,2.2066,541790.0,569882.0
2025-05-17,RBOB,Linden,1.9106,0.0232,1.9538,1.9564,347590.0,491330.0
2025-05-17,ULSD,Linden,2.5652,0.0333,2.6213,2.6208,574430.0,679640.0
2025-05-17,ULSD,Providence,2.5652,0.0333,2.6343,2.6222,362599.0,432698.0
2025-05-17,ULSD,Albany,2.5652,0.0333,2.643,2.6453,670460.0,342556.0
2025-05-18,ULSHO,Providence,2.2095,0.0019,2.2379,2.2478,532291.0,612393.0
2025-05-18,ULSHO,Albany,2.2095,0.0019,2.2548,2.2615,495482.0,521328.0
2025-05-18,RBOB,Linden,1.9279,0.0097,1.9642,1.956,320574.0,526567.0
2025-05-18,RBOB,Albany,1.9279,0.0097,1.9833,1.9844,446559.0,514682.0
2025-05-18,ULSD,Linden,2.5704,0.0303,2.6164,2.6239,580024.0,642918.0
2025-05-18,ULSHO,Linden,2.2095,0.0019,2.2297,2.2267,634584.0,625106.0
2025-05-18,ULSD,Providence,2.5704,0.0303,2.6354,2.6329,352307.0,420976.0
2025-05-18,RBOB,Providence,1.9279,0.0097,1.9672,1.9748,884277.0,590241.0
2025-05-18,ULSD,Albany,2.5704,0.0303,2.6452,2.6447,644611.0,334146.0
2025-05-19,ULSD,Albany,2.4928,0.0287,2.5636,2.5728,651597.0,345250.0
2025-05-19,ULSHO,Providence,2.2048,0.0068,2.2361,2.2467,525432.0,604353.0
2025-05-19,ULSD,Linden,2.4928,0.0287,2.5403,2.5377,557850.0,676746.0
2025-05-19,RBOB,Albany,1.9502,0.008,2.0091,2.0124,466909.0,556617.0
2025-05-19,ULSHO,Linden,2.2048,0.0068,2.2334,2.2309,662892.0,649422.0
2025-05-19,ULSD,Providence,2.4928,0.0287,2.5515,2.55,349521.0,498060.0
2025-05-19,RBOB,Providence,1.9502,0.008,1.9948,1.9963,888238.0,622418.0
2025-05-19,ULSHO,Albany,2.2048,0.0068,2.2527,2.2507,479041.0,585601.0
2025-05-19,RBOB,Linden,1.9502,0.008,1.9806,1.9767,311400.0,495990.0
2025-05-20,ULSHO,Linden,2.2325,0.0091,2.26,2.2625,712238.0,656956.0
2025-05-20,ULSD,Linden,2.4419,0.0271,2.4861,2.4868,545391.0,690546.0
2025-05-20,RBOB,Albany,2.0093,0.0135,2.0667,2.067,481432.0,604516.0
2025-05-20,ULSD,Albany,2.4419,0.0271,2.5131,2.5092,663436.0,361223.0
2025-05-20,ULSD,Providence,2.4419,0.0271,2.4993,2.5035,349062.0,493528.0
2025-05-20,ULSHO,Albany,2.2325,0.0091,2.2884,2.2888,512136.0,562463.0
2025-05-20,RBOB,Linden,2.0093,0.0135,2.045,2.0354,328306.0,475158.0
2025-05-20,RBOB,Providence,2.0093,0.0135,2.0578,2.0479,848356.0,608833.0
2025-05-20,ULSHO,Providence,2.2325,0.0091,2.2742,2.2743,491319.0,647871.0
2025-05-21,ULSD,Providence,2.4865,0.0262,2.5387,2.55,361738.0,513555.0
2025-05-21,RBOB,Providence,2.0493,0.011,2.0922,2.0897,851425.0,613903.0
2025-05-21,ULSHO,Linden,2.2201,0.0112,2.2508,2.2513,722232.0,650627.0
2025-05-21,ULSD,Linden,2.4865,0.0262,2.5283,2.5261,476956.0,678818.0
2025-05-21,RBOB,Linden,2.0493,0.011,2.0794,2.0774,342899.0,461066.0
2025-05-21,ULSD,Albany,2.4865,0.0262,2.5607,2.5584,684528.0,360817.0
2025-05-21,RBOB,Albany,2.0493,0.011,2.1131,2.1113,503296.0,522745.0
2025-05-21,ULSHO,Albany,2.2201,0.0112,2.2757,2.2755,563404.0,545572.0
2025-05-21,ULSHO,Providence,2.2201,0.0112,2.2667,2.2691,515805.0,611991.0
2025-05-22,RBOB,Linden,2.0594,0.0061,2.0798,2.0818,349332.0,426218.0
2025-05-22,ULSHO,Providence,2.2184,0.0056,2.2569,2.2509,507096.0,622302.0
2025-05-22,ULSD,Providence,2.4471,0.0322,2.5111,2.5129,360980.0,501245.0
2025-05-22,ULSHO,Albany,2.2184,0.0056,2.2717,2.2668,606688.0,513756.0
2025-05-22,ULSHO,Linden,2.2184,0.0056,2.2435,2.2403,664750.0,602508.0
2025-05-22,RBOB,Albany,2.0594,0.0061,2.1203,2.0967,482066.0,498231.0
2025-05-22,ULSD,Linden,2.4471,0.0322,2.4943,2.4976,509426.0,725944.0
2025-05-22,ULSD,Albany,2.4471,0.0322,2.5299,2.5282,706610.0,392489.0
2025-05-22,RBOB,Providence,2.0594,0.0061,2.0965,2.0959,862892.0,612300.0
2025-05-23,ULSD,Providence,2.4622,0.0315,2.5294,2.5323,380567.0,496584.0
2025-05-23,RBOB,Albany,2.0691,0.005,2.1129,2.125,581559.0,494854.0
2025-05-23,ULSD,Linden,2.4622,0.0315,2.5143,2.5126,515520.0,728335.0
2025-05-23,ULSHO,Albany,2.2088,-0.0062,2.2519,2.2425,546214.0,469134.0
2025-05-23,ULSHO,Providence,2.2088,-0.0062,2.2325,2.2366,524252.0,583215.0
2025-05-23,RBOB,Providence,2.0691,0.005,2.1078,2.1002,822981.0,614123.0
2025-05-23,RBOB,Linden,2.0691,0.005,2.0937,2.0939,350013.0,389525.0
2025-05-23,ULSHO,Linden,2.2088,-0.0062,2.2095,2.2271,646714.0,618206.0
2025-05-23,ULSD,Albany,2.4622,0.0315,2.5354,2.5417,675083.0,372666.0
2025-05-24,ULSD,Linden,2.4555,0.0292,2.5033,2.5087,480123.0,660060.0
2025-05-24,ULSHO,Linden,2.2202,-0.0068,2.2369,2.2407,643313.0,624372.0
2025-05-24,ULSHO,Albany,2.2202,-0.0068,2.2563,2.2539,582378.0,478568.0
2025-05-24,RBOB,Providence,2.0971,-0.0027,2.1298,2.1208,794863.0,609512.0
2025-05-24,RBOB,Albany,2.0971,-0.0027,2.1382,2.1382,568308.0,479499.0
2025-05-24,RBOB,Linden,2.0971,-0.0027,2.111,2.1072,378080.0,397515.0
2025-05-24,ULSD,Albany,2.4555,0.0292,2.5314,2.5308,683931.0,389667.0
2025-05-24,ULSD,Providence,2.4555,0.0292,2.521,2.5116,391033.0,508004.0
2025-05-24,ULSHO,Providence,2.2202,-0.0068,2.2429,2.2481,467279.0,592227.0
2025-05-25,RBOB,Linden,2.0754,-0.0005,2.0988,2.0952,390249.0,483473.0
2025-05-25,ULSD,Providence,2.4131,0.0264,2.474,2.4694,413136.0,524280.0
2025-05-25,ULSHO,Providence,2.244,-0.0099,2.2693,2.2655,418826.0,561573.0
2025-05-25,RBOB,Providence,2.0754,-0.0005,2.11,2.1074,769661.0,579558.0
2025-05-25,ULSHO,Linden,2.244,-0.0099,2.2557,2.2492,657227.0,646811.0
2025-05-25,ULSD,Linden,2.4131,0.0264,2.457,2.4531,433721.0,668949.0
2025-05-25,RBOB,Albany,2.0754,-0.0005,2.1151,2.1096,568241.0,527122.0
2025-05-25,ULSHO,Albany,2.244,-0.0099,2.2754,2.2723,539616.0,441935.0
2025-05-25,ULSD,Albany,2.4131,0.0264,2.4824,2.4817,720047.0,434812.0
2025-05-26,ULSHO,Albany,2.2481,-0.0108,2.2797,2.278,525834.0,454826.0
2025-05-26,RBOB,Albany,2.0725,0.0154,2.1313,2.1356,538001.0,502337.0
2025-05-26,RBOB,Linden,2.0725,0.0154,2.1078,2.1085,405063.0,507849.0
2025-05-26,ULSHO,Providence,2.2481,-0.0108,2.2682,2.278,409021.0,565203.0
2025-05-26,ULSD,Linden,2.3963,0.0277,2.4341,2.4601,405641.0,663289.0
2025-05-26,ULSD,Albany,2.3963,0.0277,2.4636,2.4617,695176.0,444000.0
2025-05-26,ULSHO,Linden,2.2481,-0.0108,2.2604,2.256,685010.0,639454.0
2025-05-26,RBOB,Providence,2.0725,0.0154,2.1187,2.1189,737618.0,558256.0
2025-05-26,ULSD,Providence,2.3963,0.0277,2.4596,2.451,465492.0,601001.0
2025-05-27,ULSD,Albany,2.3738,0.0214,2.4442,2.4384,700350.0,449755.0
2025-05-27,RBOB,Albany,2.1051,0.0216,2.1686,2.1758,581830.0,545146.0
2025-05-27,ULSHO,Providence,2.2217,-0.0094,2.238,2.2466,374186.0,589193.0
2025-05-27,RBOB,Linden,2.1051,0.0216,2.1534,2.1412,419656.0,531617.0
2025-05-27,ULSHO,Albany,2.2217,-0.0094,2.254,2.256,545079.0,433757.0
2025-05-27,ULSD,Providence,2.3738,0.0214,2.4249,2.4275,438240.0,596434.0
2025-05-27,ULSD,Linden,2.3738,0.0214,2.422,2.4145,456873.0,725753.0
2025-05-27,ULSHO,Linden,2.2217,-0.0094,2.2286,2.2369,716585.0,624795.0
2025-05-27,RBOB,Providence,2.1051,0.0216,2.1605,2.1505,740321.0,573132.0
2025-05-28,RBOB,Linden,2.1791,0.0136,2.2157,2.2096,403750.0,475605.0
2025-05-28,ULSHO,Albany,2.1921,-0.0139,2.2147,2.2248,496350.0,472613.0
2025-05-28,ULSD,Linden,2.3526,0.0182,2.3872,2.3969,454426.0,719324.0
2025-05-28,ULSD,Albany,2.3526,0.0182,2.4162,2.4117,670829.0,439429.0
2025-05-28,ULSHO,Linden,2.1921,-0.0139,2.2008,2.1972,758958.0,633284.0
2025-05-28,RBOB,Albany,2.1791,0.0136,2.2364,2.2425,560576.0,562945.0
2025-05-28,ULSD,Providence,2.3526,0.0182,2.4009,2.4033,499377.0,586296.0
2025-05-28,RBOB,Providence,2.1791,0.0136,2.2281,2.2221,766329.0,568160.0
2025-05-28,ULSHO,Providence,2.1921,-0.0139,2.2129,2.217,370833.0,556793.0
2025-05-29,RBOB,Providence,2.1715,0.0079,2.2144,2.214,821909.0,526440.0
2025-05-29,ULSD,Albany,2.3753,0.0181,2.4378,2.441,670101.0,443034.0
2025-05-29,RBOB,Albany,2.1715,0.0079,2.2271,2.2291,588990.0,509629.0
2025-05-29,ULSD,Providence,2.3753,0.0181,2.4306,2.4244,484598.0,559695.0
2025-05-29,ULSHO,Albany,2.2436,-0.0171,2.277,2.2629,453309.0,384106.0
2025-05-29,RBOB,Linden,2.1715,0.0079,2.2027,2.1951,371520.0,473678.0
2025-05-29,ULSD,Linden,2.3753,0.0181,2.413,2.4185,444045.0,706515.0
2025-05-29,ULSHO,Providence,2.2436,-0.0171,2.2595,2.2631,391883.0,498168.0
2025-05-29,ULSHO,Linden,2.2436,-0.0171,2.2482,2.2416,715771.0,643984.0
2025-05-30,ULSHO,Linden,2.2305,-0.0139,2.228,2.2346,741545.0,662118.0
2025-05-30,ULSD,Linden,2.3947,0.0149,2.4254,2.4169,462596.0,716732.0
2025-05-30,RBOB,Albany,2.1681,0.0057,2.2215,2.2176,551731.0,474590.0
2025-05-30,RBOB,Linden,2.1681,0.0057,2.1948,2.1984,393849.0,431256.0
2025-05-30,RBOB,Providence,2.1681,0.0057,2.1936,2.1999,850847.0,502383.0
2025-05-30,ULSD,Albany,2.3947,0.0149,2.4549,2.4529,724510.0,467862.0
2025-05-30,ULSD,Providence,2.3947,0.0149,2.4436,2.4354,509397.0,511382.0
2025-05-30,ULSHO,Albany,2.2305,-0.0139,2.2624,2.2555,428673.0,402689.0
2025-05-30,ULSHO,Providence,2.2305,-0.0139,2.2502,2.2478,431486.0,496983.0
2025-05-31,ULSHO,Linden,2.2172,-0.0097,2.2206,2.2315,671655.0,721706.0
2025-05-31,RBOB,Linden,2.1745,0.0123,2.2076,2.1941,412681.0,458971.0
2025-05-31,ULSD,Albany,2.3702,0.0148,2.4282,2.4319,721850.0,459828.0
2025-05-31,ULSHO,Providence,2.2172,-0.0097,2.2436,2.2492,481925.0,520150.0
2025-05-31,RBOB,Albany,2.1745,0.0123,2.2318,2.227,557796.0,459212.0
2025-05-31,ULSD,Providence,2.3702,0.0148,2.4138,2.4166,515531.0,454625.0
2025-05-31,RBOB,Providence,2.1745,0.0123,2.2152,2.2142,872586.0,479703.0
2025-05-31,ULSD,Linden,2.3702,0.0148,2.4065,2.4036,463833.0,719829.0
2025-05-31,ULSHO,Albany,2.2172,-0.0097,2.2607,2.2484,490381.0,407640.0
2025-06-01,ULSHO,Albany,2.2628,-0.0107,2.2942,2.2882,528214.0,410772.0
2025-06-01,ULSD,Providence,2.3344,0.0118,2.3804,2.376,505434.0,479690.0
2025-06-01,ULSD,Albany,2.3344,0.0118,2.3858,2.3819,679305.0,402389.0
2025-06-01,RBOB,Linden,2.2263,0.0071,2.256,2.2517,408472.0,450571.0
2025-06-01,RBOB,Albany,2.2263,0.0071,2.2773,2.275,540965.0,464225.0
2025-06-01,RBOB,Providence,2.2263,0.0071,2.2623,2.2733,897694.0,480222.0
2025-06-01,ULSD,Linden,2.3344,0.0118,2.3605,2.3734,472621.0,664952.0
2025-06-01,ULSHO,Linden,2.2628,-0.0107,2.2722,2.2673,670008.0,691120.0
2025-06-01,ULSHO,Providence,2.2628,-0.0107,2.2894,2.2898,506425.0,532254.0
2025-06-02,RBOB,Linden,2.2237,0.0033,2.2507,2.2387,397583.0,451824.0
2025-06-02,ULSD,Linden,2.3406,0.0248,2.3858,2.3732,498697.0,665739.0
2025-06-02,ULSHO,Albany,2.2964,-0.0046,2.3383,2.3342,495402.0,391649.0
2025-06-02,ULSD,Albany,2.3406,0.0248,2.4163,2.4144,684509.0,411120.0
2025-06-02,RBOB,Albany,2.2237,0.0033,2.2714,2.2707,568181.0,500377.0
2025-06-02,ULSD,Providence,2.3406,0.0248,2.401,2.4005,437494.0,415393.0
2025-06-02,RBOB,Providence,2.2237,0.0033,2.2581,2.2656,928522.0,488861.0
2025-06-02,ULSHO,Linden,2.2964,-0.0046,2.3091,2.313,626258.0,753424.0
2025-06-02,ULSHO,Providence,2.2964,-0.0046,2.326,2.3239,477711.0,504078.0
2025-06-03,ULSD,Linden,2.3335,0.0322,2.385,2.3894,509545.0,650841.0
2025-06-03,RBOB,Providence,2.2819,0.0094,2.324,2.3152,898196.0,494068.0
2025-06-03,RBOB,Linden,2.2819,0.0094,2.3085,2.3091,481424.0,448592.0
2025-06-03,ULSHO,Albany,2.3112,-0.0036,2.3529,2.3502,500191.0,456339.0
2025-06-03,ULSHO,Linden,2.3112,-0.0036,2.3275,2.3296,559627.0,639674.0
2025-06-03,ULSD,Providence,2.3335,0.0322,2.4007,2.3963,497223.0,468037.0
2025-06-03,RBOB,Albany,2.2819,0.0094,2.3357,2.3371,553662.0,493979.0
2025-06-03,ULSHO,Providence,2.3112,-0.0036,2.339,2.3392,494129.0,537862.0
2025-06-03,ULSD,Albany,2.3335,0.0322,2.4131,2.4053,684942.0,408650.0
2025-06-04,RBOB,Providence,2.2412,0.0147,2.2915,2.2811,906544.0,472976.0
2025-06-04,ULSD,Linden,2.3661,0.0334,2.4231,2.4148,538817.0,697171.0
2025-06-04,ULSHO,Albany,2.2939,-0.0075,2.3304,2.3294,504697.0,443157.0
2025-06-04,RBOB,Albany,2.2412,0.0147,2.3021,2.2973,520714.0,526011.0
2025-06-04,RBOB,Linden,2.2412,0.0147,2.2778,2.2801,455595.0,428163.0
2025-06-04,ULSHO,Linden,2.2939,-0.0075,2.3039,2.3033,589127.0,667491.0
2025-06-04,ULSHO,Providence,2.2939,-0.0075,2.3102,2.3134,472322.0,531030.0
2025-06-04,ULSD,Albany,2.3661,0.0334,2.4444,2.4355,716965.0,427676.0
2025-06-04,ULSD,Providence,2.3661,0.0334,2.4321,2.4375,471745.0,499426.0
2025-06-05,ULSD,Albany,2.4586,0.0315,2.5378,2.527,660360.0,431090.0
2025-06-05,RBOB,Providence,2.2324,0.0119,2.2787,2.2781,901561.0,476200.0
2025-06-05,ULSHO,Providence,2.3728,-0.0045,2.4015,2.3996,488678.0,561280.0
2025-06-05,ULSHO,Linden,2.3728,-0.0045,2.3939,2.391,584590.0,632063.0
2025-06-05,RBOB,Albany,2.2324,0.0119,2.2882,2.2883,532866.0,469913.0
2025-06-05,ULSD,Linden,2.4586,0.0315,2.5059,2.5076,495622.0,776494.0
2025-06-05,RBOB,Linden,2.2324,0.0119,2.2747,2.2611,449757.0,375727.0
2025-06-05,ULSD,Providence,2.4586,0.0315,2.52,2.5233,446204.0,489177.0
2025-06-05,ULSHO,Albany,2.3728,-0.0045,2.4163,2.414,515225.0,459664.0
2025-06-06,RBOB,Providence,2.2231,0.0049,2.2596,2.2541,880971.0,430752.0
2025-06-06,RBOB,Linden,2.2231,0.0049,2.2477,2.2488,461060.0,398922.0
2025-06-06,ULSHO,Albany,2.3833,0.0091,2.4366,2.4407,489522.0,451482.0
2025-06-06,ULSD,Linden,2.4862,0.0433,2.547,2.5504,497406.0,729532.0
2025-06-06,ULSD,Albany,2.4862,0.0433,2.5784,2.5702,622036.0,487387.0
2025-06-06,ULSHO,Providence,2.3833,0.0091,2.4239,2.4233,448530.0,532777.0
2025-06-06,RBOB,Albany,2.2231,0.0049,2.274,2.2762,489844.0,364434.0
2025-06-06,ULSHO,Linden,2.3833,0.0091,2.405,2.4157,615572.0,696735.0
2025-06-06,ULSD,Providence,2.4862,0.0433,2.5632,2.552,486346.0,449279.0
2025-06-07,ULSD,Linden,2.4813,0.0424,2.5429,2.5342,484766.0,689768.0
2025-06-07,ULSD,Providence,2.4813,0.0424,2.5629,2.5548,490379.0,452364.0
2025-06-07,RBOB,Linden,2.2536,-0.0038,2.2688,2.2656,422219.0,352499.0
2025-06-07,RBOB,Albany,2.2536,-0.0038,2.2886,2.2952,456424.0,358063.0
2025-06-07,ULSHO,Providence,2.3994,0.0058,2.4425,2.4384,493960.0,551587.0
2025-06-07,ULSHO,Albany,2.3994,0.0058,2.4491,2.4528,540154.0,440232.0
2025-06-07,ULSHO,Linden,2.3994,0.0058,2.4199,2.4301,556166.0,657718.0
2025-06-07,RBOB,Providence,2.2536,-0.0038,2.2819,2.2805,849809.0,334072.0
2025-06-07,ULSD,Albany,2.4813,0.0424,2.5667,2.5735,614669.0,445452.0
2025-06-08,ULSHO,Linden,2.3899,0.0139,2.4199,2.4283,511767.0,688365.0
2025-06-08,ULSD,Albany,2.4714,0.0392,2.5568,2.5583,555807.0,413234.0
2025-06-08,RBOB,Linden,2.2951,-0.0063,2.306,2.3185,429434.0,315012.0
2025-06-08,RBOB,Albany,2.2951,-0.0063,2.3358,2.3439,481723.0,379784.0
2025-06-08,RBOB,Providence,2.2951,-0.0063,2.3278,2.3185,818132.0,340232.0
2025-06-08,ULSD,Linden,2.4714,0.0392,2.5387,2.5314,488530.0,655916.0
2025-06-08,ULSHO,Providence,2.3899,0.0139,2.4409,2.4337,504985.0,595289.0
2025-06-08,ULSD,Providence,2.4714,0.0392,2.5433,2.5353,558050.0,455111.0
2025-06-08,ULSHO,Albany,2.3899,0.0139,2.4486,2.4489,525047.0,445060.0
2025-06-09,ULSD,Linden,2.4365,0.0387,2.4896,2.4918,487117.0,629913.0
2025-06-09,ULSHO,Albany,2.3365,0.0223,2.3944,2.4054,552504.0,470181.0
2025-06-09,ULSHO,Providence,2.3365,0.0223,2.3927,2.3937,491080.0,573076.0
2025-06-09,ULSHO,Linden,2.3365,0.0223,2.3734,2.3716,507912.0,646150.0
2025-06-09,ULSD,Providence,2.4365,0.0387,2.5045,2.5121,615334.0,496430.0
2025-06-09,RBOB,Providence,2.2323,-0.0177,2.2442,2.2494,796027.0,290165.0
2025-06-09,RBOB,Linden,2.2323,-0.0177,2.2288,2.2392,495177.0,309931.0
2025-06-09,RBOB,Albany,2.2323,-0.0177,2.2655,2.269,418302.0,371952.0
2025-06-09,ULSD,Albany,2.4365,0.0387,2.5177,2.5132,593712.0,438369.0
2025-06-10,ULSHO,Providence,2.2871,0.0304,2.3549,2.3491,440143.0,564686.0
2025-06-10,RBOB,Albany,2.1947,-0.0099,2.2295,2.223,444888.0,341740.0
2025-06-10,ULSD,Linden,2.4003,0.0383,2.4597,2.4547,465299.0,603778.0
2025-06-10,RBOB,Linden,2.1947,-0.0099,2.2095,2.2104,528056.0,290758.0
2025-06-10,RBOB,Providence,2.1947,-0.0099,2.218,2.2042,740969.0,266811.0
2025-06-10,ULSHO,Linden,2.2871,0.0304,2.3352,2.3418,484578.0,600646.0
2025-06-10,ULSD,Providence,2.4003,0.0383,2.4721,2.4779,636310.0,470693.0
2025-06-10,ULSHO,Albany,2.2871,0.0304,2.3589,2.3575,491239.0,431794.0
2025-06-10,ULSD,Albany,2.4003,0.0383,2.485,2.483,519144.0,404418.0
2025-06-11,ULSHO,Providence,2.298,0.0236,2.3534,2.3458,448703.0,588430.0
2025-06-11,ULSD,Providence,2.3613,0.0446,2.4328,2.4377,640493.0,458732.0
2025-06-11,RBOB,Albany,2.2069,-0.0113,2.2339,2.2367,431886.0,362851.0
2025-06-11,ULSD,Linden,2.3613,0.0446,2.4234,2.4292,454229.0,604743.0
2025-06-11,RBOB,Providence,2.2069,-0.0113,2.2339,2.2166,749590.0,235292.0
2025-06-11,ULSD,Albany,2.3613,0.0446,2.4487,2.4493,489486.0,418598.0
2025-06-11,ULSHO,Albany,2.298,0.0236,2.363,2.361,505085.0,417466.0
2025-06-11,ULSHO,Linden,2.298,0.0236,2.3414,2.3445,487732.0,624558.0
2025-06-11,RBOB,Linden,2.2069,-0.0113,2.2158,2.209,549061.0,306223.0
2025-06-12,RBOB,Linden,2.1798,-0.0059,2.1951,2.1884,567833.0,347276.0
2025-06-12,ULSHO,Providence,2.3086,0.0347,2.3751,2.3728,428672.0,607808.0
2025-06-12,ULSD,Providence,2.3443,0.0415,2.4188,2.42,662327.0,458627.0
2025-06-12,RBOB,Albany,2.1798,-0.0059,2.2232,2.2114,402338.0,435990.0
2025-06-12,ULSHO,Linden,2.3086,0.0347,2.358,2.368,466671.0,649816.0
2025-06-12,RBOB,Providence,2.1798,-0.0059,2.2073,2.1998,738840.0,269201.0
2025-06-12,ULSHO,Albany,2.3086,0.0347,2.3938,2.3901,509734.0,370973.0
2025-06-12,ULSD,Albany,2.3443,0.0415,2.4393,2.4217,438324.0,420389.0
2025-06-12,ULSD,Linden,2.3443,0.0415,2.407,2.4232,488197.0,641900.0
2025-06-13,ULSD,Albany,2.3263,0.0515,2.4203,2.4168,418036.0,354882.0
2025-06-13,RBOB,Providence,2.1198,0.0073,2.1509,2.1641,732998.0,237372.0
2025-06-13,ULSD,Linden,2.3263,0.0515,2.4004,2.3994,469260.0,593922.0
2025-06-13,RBOB,Albany,2.1198,0.0073,2.1697,2.1652,412518.0,434931.0
2025-06-13,ULSHO,Albany,2.2973,0.033,2.3768,2.3769,556652.0,389374.0
2025-06-13,ULSHO,Providence,2.2973,0.033,2.3591,2.3579,436652.0,620555.0
2025-06-13,ULSD,Providence,2.3263,0.0515,2.4087,2.4025,610690.0,450673.0
2025-06-13,ULSHO,Linden,2.2973,0.033,2.3517,2.3463,456280.0,619269.0
2025-06-13,RBOB,Linden,2.1198,0.0073,2.1544,2.1525,569038.0,360030.0
2025-06-14,ULSD,Albany,2.3495,0.0424,2.4379,2.4255,449690.0,382781.0
2025-06-14,ULSHO,Providence,2.2545,0.0293,2.3147,2.3095,410592.0,616085.0
2025-06-14,RBOB,Providence,2.1588,0.0146,2.2069,2.2046,735532.0,258765.0
2025-06-14,ULSHO,Linden,2.2545,0.0293,2.3088,2.3083,418431.0,698361.0
2025-06-14,RBOB,Albany,2.1588,0.0146,2.2055,2.2199,435189.0,412124.0
2025-06-14,ULSHO,Albany,2.2545,0.0293,2.3311,2.3381,463270.0,363365.0
2025-06-14,RBOB,Linden,2.1588,0.0146,2.2034,2.1924,599821.0,370463.0
2025-06-14,ULSD,Providence,2.3495,0.0424,2.4281,2.4125,613074.0,430896.0
2025-06-14,ULSD,Linden,2.3495,0.0424,2.4126,2.4146,427313.0,539551.0
2025-06-15,ULSD,Albany,2.3327,0.0439,2.4223,2.4162,473104.0,433807.0
2025-06-15,ULSHO,Providence,2.2036,0.0262,2.2628,2.2607,391516.0,561557.0
2025-06-15,RBOB,Albany,2.177,0.0072,2.2273,2.2232,416602.0,386048.0
2025-06-15,ULSHO,Linden,2.2036,0.0262,2.254,2.2517,466251.0,679129.0
2025-06-15,ULSD,Linden,2.3327,0.0439,2.3977,2.3962,450271.0,476724.0
2025-06-15,RBOB,Linden,2.177,0.0072,2.2006,2.2029,590373.0,374396.0
2025-06-15,ULSD,Providence,2.3327,0.0439,2.4092,2.4058,614517.0,373750.0
2025-06-15,RBOB,Providence,2.177,0.0072,2.2146,2.2076,751483.0,252499.0
2025-06-15,ULSHO,Albany,2.2036,0.0262,2.2765,2.2726,483956.0,342165.0
2025-06-16,RBOB,Linden,2.1954,0.0127,2.2324,2.2298,571960.0,407387.0
2025-06-16,RBOB,Providence,2.1954,0.0127,2.2397,2.2426,720712.0,220285.0
2025-06-16,ULSD,Albany,2.3231,0.035,2.4006,2.3885,506949.0,442662.0
2025-06-16,ULSHO,Albany,2.1903,0.0285,2.2622,2.2579,512856.0,370510.0
2025-06-16,ULSD,Linden,2.3231,0.035,2.3792,2.3744,485313.0,519577.0
2025-06-16,ULSHO,Providence,2.1903,0.0285,2.255,2.2554,413952.0,563480.0
2025-06-16,RBOB,Albany,2.1954,0.0127,2.2545,2.2469,412341.0,459417.0
2025-06-16,ULSD,Providence,2.3231,0.035,2.3946,2.3888,594304.0,321518.0
2025-06-16,ULSHO,Linden,2.1903,0.0285,2.2464,2.2332,456585.0,726443.0
2025-06-17,ULSHO,Linden,2.1405,0.0272,2.192,2.1939,417388.0,681886.0
2025-06-17,ULSHO,Albany,2.1405,0.0272,2.2183,2.2129,502845.0,374589.0
2025-06-17,ULSD,Albany,2.2784,0.0441,2.3701,2.3625,528108.0,395748.0
2025-06-17,ULSHO,Providence,2.1405,0.0272,2.1968,2.1942,465495.0,520488.0
2025-06-17,ULSD,Linden,2.2784,0.0441,2.3404,2.3437,476291.0,568482.0
2025-06-17,RBOB,Linden,2.1757,0.0193,2.2176,2.2088,572653.0,344423.0
2025-06-17,RBOB,Providence,2.1757,0.0193,2.2313,2.2306,708164.0,177474.0
2025-06-17,RBOB,Albany,2.1757,0.0193,2.2405,2.2376,440683.0,459630.0
2025-06-17,ULSD,Providence,2.2784,0.0441,2.3643,2.3468,600204.0,305117.0
2025-06-18,RBOB,Albany,2.2155,0.0137,2.2781,2.277,466346.0,482670.0
2025-06-18,RBOB,Linden,2.2155,0.0137,2.2508,2.2531,601446.0,361431.0
2025-06-18,ULSD,Albany,2.3327,0.0393,2.4155,2.4112,455918.0,426133.0
2025-06-18,ULSHO,Providence,2.1672,0.0247,2.227,2.2138,418975.0,527110.0
2025-06-18,ULSHO,Albany,2.1672,0.0247,2.2352,2.2335,548571.0,393036.0
2025-06-18,ULSD,Providence,2.3327,0.0393,2.4032,2.4045,546051.0,305158.0
2025-06-18,RBOB,Providence,2.2155,0.0137,2.2631,2.26,643540.0,207598.0
2025-06-18,ULSD,Linden,2.3327,0.0393,2.3912,2.3995,481308.0,515281.0
2025-06-18,ULSHO,Linden,2.1672,0.0247,2.2116,2.2081,444344.0,640866.0
2025-06-19,RBOB,Linden,2.205,0.0076,2.2345,2.2327,608953.0,332260.0
2025-06-19,RBOB,Albany,2.205,0.0076,2.259,2.2547,464335.0,526064.0
2025-06-19,ULSHO,Linden,2.2026,0.0312,2.2606,2.2489,463411.0,638273.0
2025-06-19,ULSD,Albany,2.348,0.0366,2.4268,2.4245,468528.0,392264.0
2025-06-19,ULSD,Linden,2.348,0.0366,2.3983,2.4054,452979.0,460831.0
2025-06-19,ULSHO,Providence,2.2026,0.0312,2.2751,2.2651,411776.0,449036.0
2025-06-19,ULSD,Providence,2.348,0.0366,2.4133,2.4182,576481.0,348015.0
2025-06-19,ULSHO,Albany,2.2026,0.0312,2.2726,2.2734,620031.0,391720.0
2025-06-19,RBOB,Providence,2.205,0.0076,2.2435,2.2429,560103.0,233833.0
2025-06-20,ULSD,Linden,2.4094,0.0402,2.4682,2.4739,447618.0,470214.0
2025-06-20,ULSD,Providence,2.4094,0.0402,2.4836,2.4848,619122.0,435026.0
2025-06-20,ULSHO,Albany,2.2957,0.0249,2.3673,2.3709,645856.0,409630.0
2025-06-20,ULSD,Albany,2.4094,0.0402,2.4934,2.4893,405273.0,391446.0
2025-06-20,ULSHO,Linden,2.2957,0.0249,2.3433,2.3426,472449.0,597284.0
2025-06-20,RBOB,Linden,2.248,0.0072,2.2751,2.2776,628204.0,293752.0
2025-06-20,RBOB,Albany,2.248,0.0072,2.2997,2.2973,438591.0,562723.0
2025-06-20,ULSHO,Providence,2.2957,0.0249,2.3474,2.3677,425342.0,505585.0
2025-06-20,RBOB,Providence,2.248,0.0072,2.2908,2.2894,489782.0,272551.0
2025-06-21,ULSD,Albany,2.4359,0.0453,2.522,2.5311,391668.0,409058.0
2025-06-21,ULSHO,Linden,2.3238,0.0175,2.3684,2.3584,481354.0,609205.0
2025-06-21,ULSHO,Providence,2.3238,0.0175,2.3723,2.3704,419326.0,576028.0
2025-06-21,RBOB,Providence,2.2106,-0.0021,2.2423,2.2466,543979.0,346689.0
2025-06-21,RBOB,Albany,2.2106,-0.0021,2.2446,2.2569,408078.0,527945.0
2025-06-21,ULSD,Providence,2.4359,0.0453,2.5129,2.5211,569991.0,497727.0
2025-06-21,ULSD,Linden,2.4359,0.0453,2.4983,2.4999,487460.0,512916.0
2025-06-21,ULSHO,Albany,2.3238,0.0175,2.3901,2.3943,668162.0,415574.0
2025-06-21,RBOB,Linden,2.2106,-0.0021,2.2349,2.2252,552231.0,300106.0
2025-06-22,ULSHO,Albany,2.301,0.0219,2.3676,2.3685,708469.0,379337.0
2025-06-22,ULSHO,Providence,2.301,0.0219,2.3551,2.3564,403564.0,592911.0
2025-06-22,ULSD,Albany,2.4886,0.0356,2.5727,2.5663,382492.0,384880.0
2025-06-22,RBOB,Albany,2.176,0.0082,2.2238,2.2304,390425.0,560288.0
2025-06-22,RBOB,Linden,2.176,0.0082,2.2067,2.2068,591899.0,292482.0
2025-06-22,RBOB,Providence,2.176,0.0082,2.2167,2.217,478297.0,363247.0
2025-06-22,ULSHO,Linden,2.301,0.0219,2.3421,2.3447,468464.0,529736.0
2025-06-22,ULSD,Linden,2.4886,0.0356,2.5432,2.5566,515250.0,551183.0
2025-06-22,ULSD,Providence,2.4886,0.0356,2.5568,2.5603,573046.0,511762.0
2025-06-23,ULSD,Providence,2.477,0.0316,2.5382,2.5387,624795.0,577145.0
2025-06-23,ULSD,Linden,2.477,0.0316,2.5315,2.5202,519503.0,559180.0
2025-06-23,ULSHO,Providence,2.269,0.0253,2.3303,2.3244,479563.0,564120.0
2025-06-23,RBOB,Linden,2.1833,-0.006,2.1986,2.1937,670144.0,319132.0
2025-06-23,RBOB,Albany,2.1833,-0.006,2.2219,2.2234,415771.0,587411.0
2025-06-23,ULSD,Albany,2.477,0.0316,2.5549,2.5538,368374.0,330231.0
2025-06-23,ULSHO,Albany,2.269,0.0253,2.34,2.335,715324.0,390856.0
2025-06-23,RBOB,Providence,2.1833,-0.006,2.2105,2.2119,495692.0,379434.0
2025-06-23,ULSHO,Linden,2.269,0.0253,2.3062,2.3132,465230.0,534643.0
2025-06-24,ULSHO,Linden,2.1526,0.0306,2.1987,2.2046,389833.0,513527.0
2025-06-24,ULSHO,Providence,2.1526,0.0306,2.2231,2.2196,447377.0,555414.0
2025-06-24,RBOB,Linden,2.1551,-0.0107,2.1694,2.1691,710060.0,362828.0
2025-06-24,ULSHO,Albany,2.1526,0.0306,2.2312,2.2283,749517.0,382508.0
2025-06-24,ULSD,Providence,2.5015,0.0219,2.5578,2.5559,635184.0,570115.0
2025-06-24,RBOB,Providence,2.1551,-0.0107,2.1774,2.1761,547567.0,380775.0
2025-06-24,RBOB,Albany,2.1551,-0.0107,2.191,2.1929,436749.0,601038.0
2025-06-24,ULSD,Albany,2.5015,0.0219,2.5712,2.5713,391159.0,331136.0
2025-06-24,ULSD,Linden,2.5015,0.0219,2.5449,2.5462,509076.0,583959.0
2025-06-25,ULSD,Linden,2.6029,0.0225,2.6472,2.6479,452606.0,595331.0
2025-06-25,RBOB,Linden,2.1807,-0.0099,2.1945,2.1965,690541.0,284852.0
2025-06-25,ULSD,Providence,2.6029,0.0225,2.6577,2.6604,594622.0,548992.0
2025-06-25,RBOB,Albany,2.1807,-0.0099,2.2108,2.2098,447860.0,632333.0
2025-06-25,ULSHO,Providence,2.1316,0.0223,2.1909,2.1933,458505.0,588482.0
2025-06-25,RBOB,Providence,2.1807,-0.0099,2.2015,2.201,529642.0,390045.0
2025-06-25,ULSHO,Linden,2.1316,0.0223,2.1746,2.178,340232.0,479351.0
2025-06-25,ULSHO,Albany,2.1316,0.0223,2.2041,2.1975,760345.0,378131.0
2025-06-25,ULSD,Albany,2.6029,0.0225,2.6638,2.674,367384.0,335398.0
2025-06-26,RBOB,Linden,2.1903,-0.0088,2.2033,2.206,653224.0,288861.0
2025-06-26,ULSD,Albany,2.5535,0.0216,2.6199,2.6225,433720.0,311594.0
2025-06-26,ULSHO,Providence,2.1242,0.0279,2.1841,2.1835,439485.0,612234.0
2025-06-26,ULSD,Linden,2.5535,0.0216,2.5993,2.5962,465144.0,575395.0
2025-06-26,ULSD,Providence,2.5535,0.0216,2.5981,2.6017,557192.0,628113.0
2025-06-26,ULSHO,Albany,2.1242,0.0279,2.1987,2.1894,725789.0,392051.0
2025-06-26,RBOB,Albany,2.1903,-0.0088,2.2229,2.2263,494578.0,607395.0
2025-06-26,RBOB,Providence,2.1903,-0.0088,2.2116,2.2088,585500.0,382955.0
2025-06-26,ULSHO,Linden,2.1242,0.0279,2.1742,2.1721,303966.0,487454.0
2025-06-27,RBOB,Providence,2.1535,-0.0056,2.18,2.1812,646734.0,357075.0
2025-06-27,ULSHO,Linden,2.1536,0.0293,2.202,2.2071,321800.0,480096.0
2025-06-27,ULSHO,Albany,2.1536,0.0293,2.2336,2.2307,679794.0,376452.0
2025-06-27,ULSHO,Providence,2.1536,0.0293,2.2116,2.2209,434935.0,587848.0
2025-06-27,RBOB,Albany,2.1535,-0.0056,2.1937,2.1887,483435.0,600498.0
2025-06-27,RBOB,Linden,2.1535,-0.0056,2.1693,2.1705,656806.0,363784.0
2025-06-27,ULSD,Providence,2.5969,0.0193,2.6473,2.655,585392.0,585770.0
2025-06-27,ULSD,Linden,2.5969,0.0193,2.6271,2.6304,482096.0,642467.0
2025-06-27,ULSD,Albany,2.5969,0.0193,2.6569,2.6573,457630.0,291269.0
2025-06-28,ULSD,Linden,2.6619,0.0153,2.6988,2.6913,518840.0,640013.0
2025-06-28,ULSD,Providence,2.6619,0.0153,2.7106,2.7137,646614.0,567962.0
2025-06-28,RBOB,Albany,2.1557,-0.0021,2.19,2.2025,470123.0,578113.0
2025-06-28,ULSHO,Providence,2.1718,0.0381,2.2418,2.2366,353951.0,630440.0
2025-06-28,RBOB,Providence,2.1557,-0.0021,2.1818,2.1841,673952.0,433272.0
2025-06-28,ULSD,Albany,2.6619,0.0153,2.7213,2.7155,501030.0,324046.0
2025-06-28,RBOB,Linden,2.1557,-0.0021,2.1807,2.1768,615990.0,397533.0
2025-06-28,ULSHO,Linden,2.1718,0.0381,2.2338,2.2341,371398.0,465101.0
2025-06-28,ULSHO,Albany,2.1718,0.0381,2.2553,2.2554,713579.0,343702.0
2025-06-29,ULSD,Linden,2.6768,0.0135,2.7103,2.709,587081.0,598774.0
2025-06-29,ULSD,Albany,2.6768,0.0135,2.7393,2.7304,527874.0,326931.0
2025-06-29,RBOB,Albany,2.1415,-0.0019,2.1759,2.1875,457198.0,601530.0
2025-06-29,RBOB,Linden,2.1415,-0.0019,2.1617,2.1461,636749.0,450190.0
2025-06-29,ULSD,Providence,2.6768,0.0135,2.7273,2.7212,603696.0,556164.0
2025-06-29,ULSHO,Linden,2.1895,0.0279,2.2329,2.2334,370880.0,494673.0
2025-06-29,RBOB,Providence,2.1415,-0.0019,2.1666,2.1704,750035.0,371447.0
2025-06-29,ULSHO,Albany,2.1895,0.0279,2.2697,2.2672,725833.0,390515.0
2025-06-29,ULSHO,Providence,2.1895,0.0279,2.2493,2.2505,387252.0,654764.0
2025-06-30,ULSD,Providence,2.7059,0.0098,2.7454,2.7445,601606.0,605122.0
2025-06-30,RBOB,Albany,2.1766,0.0063,2.2259,2.2216,520809.0,574610.0
2025-06-30,ULSHO,Providence,2.1951,0.0276,2.2557,2.2484,380807.0,671522.0
2025-06-30,RBOB,Providence,2.1766,0.0063,2.2201,2.2196,761829.0,386109.0
2025-06-30,ULSD,Albany,2.7059,0.0098,2.7606,2.7573,558368.0,316671.0
2025-06-30,ULSHO,Albany,2.1951,0.0276,2.2616,2.2639,693183.0,458380.0
2025-06-30,ULSD,Linden,2.7059,0.0098,2.7354,2.7361,596399.0,581735.0
2025-06-30,RBOB,Linden,2.1766,0.0063,2.2026,2.2071,612889.0,453680.0
2025-06-30,ULSHO,Linden,2.1951,0.0276,2.24,2.2469,366813.0,505097.0
2025-07-01,ULSHO,Linden,2.2155,0.0245,2.2637,2.263,411347.0,518062.0
2025-07-01,ULSHO,Providence,2.2155,0.0245,2.2685,2.273,348201.0,656744.0
2025-07-01,ULSHO,Albany,2.2155,0.0245,2.2879,2.2837,686233.0,447307.0
2025-07-01,ULSD,Linden,2.7566,0.0142,2.7859,2.7846,625259.0,527786.0
2025-07-01,RBOB,Albany,2.1514,-0.0061,2.1903,2.1958,450593.0,585393.0
2025-07-01,ULSD,Albany,2.7566,0.0142,2.8139,2.8148,554823.0,302470.0
2025-07-01,RBOB,Linden,2.1514,-0.0061,2.1619,2.164,641997.0,403233.0
2025-07-01,RBOB,Providence,2.1514,-0.0061,2.1764,2.1798,725859.0,406761.0
2025-07-01,ULSD,Providence,2.7566,0.0142,2.7996,2.8223,571262.0,580243.0
2025-07-02,RBOB,Linden,2.134,-0.0041,2.1485,2.1503,683992.0,365666.0
2025-07-02,ULSHO,Albany,2.2628,0.0138,2.3219,2.3199,729916.0,488744.0
2025-07-02,ULSD,Linden,2.7274,0.024,2.7735,2.7659,581876.0,530557.0
2025-07-02,ULSHO,Providence,2.2628,0.0138,2.3147,2.3056,408906.0,654723.0
2025-07-02,RBOB,Providence,2.134,-0.0041,2.1617,2.1662,735169.0,416322.0
2025-07-02,ULSD,Providence,2.7274,0.024,2.7883,2.7877,559246.0,604502.0
2025-07-02,ULSD,Albany,2.7274,0.024,2.7997,2.795,621818.0,315110.0
2025-07-02,RBOB,Albany,2.134,-0.0041,2.1719,2.1679,460896.0,543686.0
2025-07-02,ULSHO,Linden,2.2628,0.0138,2.2968,2.2973,402306.0,563641.0
2025-07-03,ULSHO,Providence,2.2257,0.0096,2.2646,2.2687,399291.0,628145.0
2025-07-03,ULSHO,Albany,2.2257,0.0096,2.2801,2.271,660550.0,501928.0
2025-07-03,RBOB,Linden,2.1805,-0.0067,2.1896,2.1924,605503.0,393885.0
2025-07-03,RBOB,Providence,2.1805,-0.0067,2.2053,2.1979,710337.0,386551.0
2025-07-03,ULSD,Providence,2.743,0.0119,2.7845,2.7918,568362.0,586212.0
2025-07-03,RBOB,Albany,2.1805,-0.0067,2.2087,2.2234,475959.0,537669.0
2025-07-03,ULSD,Linden,2.743,0.0119,2.7793,2.7776,619842.0,571013.0
2025-07-03,ULSHO,Linden,2.2257,0.0096,2.2557,2.2608,429037.0,558460.0
2025-07-03,ULSD,Albany,2.743,0.0119,2.8028,2.8045,580295.0,324645.0
2025-07-04,RBOB,Albany,2.2697,-0.0039,2.3099,2.3107,477742.0,523498.0
2025-07-04,RBOB,Linden,2.2697,-0.0039,2.2863,2.2789,611531.0,429626.0
2025-07-04,RBOB,Providence,2.2697,-0.0039,2.2979,2.3006,656426.0,384888.0
2025-07-04,ULSD,Albany,2.7053,0.0122,2.7687,2.761,593552.0,324654.0
2025-07-04,ULSHO,Providence,2.2094,0.017,2.2611,2.2529,378294.0,633845.0
2025-07-04,ULSHO,Albany,2.2094,0.017,2.2657,2.2822,622390.0,478721.0
2025-07-04,ULSD,Providence,2.7053,0.0122,2.75,2.7587,564914.0,540089.0
2025-07-04,ULSHO,Linden,2.2094,0.017,2.2518,2.2545,446915.0,585280.0
2025-07-04,ULSD,Linden,2.7053,0.0122,2.7415,2.7425,644736.0,527186.0
2025-07-05,ULSD,Providence,2.6761,0.0106,2.7208,2.7238,539184.0,546872.0
2025-07-05,ULSHO,Linden,2.1628,0.014,2.2009,2.2005,402970.0,567210.0
2025-07-05,RBOB,Albany,2.3525,-0.0009,2.3902,2.3911,554643.0,518560.0
2025-07-05,ULSHO,Albany,2.1628,0.014,2.2251,2.2106,641797.0,449693.0
2025-07-05,ULSD,Linden,2.6761,0.0106,2.7064,2.7038,685618.0,568860.0
2025-07-05,RBOB,Providence,2.3525,-0.0009,2.3836,2.3806,605637.0,373816.0
2025-07-05,ULSD,Albany,2.6761,0.0106,2.7231,2.7399,590235.0,282893.0
2025-07-05,ULSHO,Providence,2.1628,0.014,2.2097,2.21,350002.0,609819.0
2025-07-05,RBOB,Linden,2.3525,-0.0009,2.3726,2.3688,582629.0,404774.0
2025-07-06,RBOB,Providence,2.3547,-0.0051,2.3819,2.3776,682476.0,341685.0
2025-07-06,ULSHO,Linden,2.215,0.0098,2.2416,2.2377,417848.0,585629.0
2025-07-06,ULSD,Providence,2.6497,0.0147,2.6996,2.6975,611564.0,551020.0
2025-07-06,ULSHO,Providence,2.215,0.0098,2.2525,2.2574,389783.0,650422.0
2025-07-06,ULSD,Albany,2.6497,0.0147,2.7096,2.7137,579060.0,277742.0
2025-07-06,ULSD,Linden,2.6497,0.0147,2.6869,2.6808,701293.0,642693.0
2025-07-06,RBOB,Albany,2.3547,-0.0051,2.3962,2.388,590011.0,522470.0
2025-07-06,ULSHO,Albany,2.215,0.0098,2.2682,2.2631,664830.0,441196.0
2025-07-06,RBOB,Linden,2.3547,-0.0051,2.3615,2.3729,529982.0,397129.0
2025-07-07,ULSD,Providence,2.6428,0.0096,2.6846,2.6881,602314.0,508672.0
2025-07-07,ULSHO,Providence,2.2576,0.0156,2.3055,2.3024,391663.0,650042.0
2025-07-07,RBOB,Albany,2.3637,-0.0071,2.4001,2.3989,610760.0,515135.0
2025-07-07,RBOB,Providence,2.3637,-0.0071,2.3853,2.3843,656412.0,346781.0
2025-07-07,ULSD,Albany,2.6428,0.0096,2.6946,2.694,587346.0,263994.0
2025-07-07,RBOB,Linden,2.3637,-0.0071,2.3766,2.3836,507176.0,408335.0
2025-07-07,ULSHO,Albany,2.2576,0.0156,2.3136,2.3153,617072.0,427842.0
2025-07-07,ULSHO,Linden,2.2576,0.0156,2.2939,2.2954,428311.0,600503.0
2025-07-07,ULSD,Linden,2.6428,0.0096,2.676,2.6687,708730.0,653541.0
2025-07-08,ULSD,Albany,2.6478,0.01,2.6982,2.7062,557842.0,274598.0
2025-07-08,RBOB,Providence,2.4295,-0.0003,2.4649,2.4672,649514.0,338991.0
2025-07-08,ULSHO,Providence,2.2823,0.0215,2.3359,2.3319,381618.0,655618.0
2025-07-08,ULSD,Linden,2.6478,0.01,2.6848,2.6901,751023.0,610173.0
2025-07-08,RBOB,Albany,2.4295,-0.0003,2.4742,2.4729,575538.0,506849.0
2025-07-08,ULSD,Providence,2.6478,0.01,2.6853,2.6852,592619.0,478184.0
2025-07-08,ULSHO,Albany,2.2823,0.0215,2.3456,2.3402,577380.0,418403.0
2025-07-08,ULSHO,Linden,2.2823,0.0215,2.3172,2.3232,391307.0,577319.0
2025-07-08,RBOB,Linden,2.4295,-0.0003,2.4518,2.446,499226.0,348683.0
2025-07-09,ULSD,Linden,2.6654,0.005,2.6951,2.6927,718252.0,579208.0
2025-07-09,ULSD,Providence,2.6654,0.005,2.7067,2.7061,628215.0,451454.0
2025-07-09,ULSHO,Albany,2.241,0.0266,2.3109,2.3134,579941.0,416619.0
2025-07-09,ULSHO,Linden,2.241,0.0266,2.2875,2.2863,359726.0,521276.0
2025-07-09,ULSD,Albany,2.6654,0.005,2.7147,2.6997,586303.0,322060.0
2025-07-09,RBOB,Albany,2.4237,0.003,2.4732,2.4671,587893.0,434116.0
2025-07-09,ULSHO,Providence,2.241,0.0266,2.2989,2.2937,336461.0,665108.0
2025-07-09,RBOB,Linden,2.4237,0.003,2.4474,2.4422,535436.0,340422.0
2025-07-09,RBOB,Providence,2.4237,0.003,2.456,2.4629,620539.0,326414.0
2025-07-10,RBOB,Albany,2.3813,-0.0002,2.4229,2.4276,571043.0,475436.0
2025-07-10,ULSD,Linden,2.6073,0.0109,2.6388,2.6378,731609.0,567635.0
2025-07-10,ULSD,Providence,2.6073,0.0109,2.6485,2.6424,624224.0,487260.0
2025-07-10,RBOB,Linden,2.3813,-0.0002,2.3972,2.4083,480769.0,401380.0
2025-07-10,RBOB,Providence,2.3813,-0.0002,2.4172,2.4094,620799.0,357530.0
2025-07-10,ULSHO,Albany,2.2462,0.0205,2.3113,2.3083,625817.0,379770.0
2025-07-10,ULSHO,Providence,2.2462,0.0205,2.3019,2.2967,307853.0,673908.0
2025-07-10,ULSHO,Linden,2.2462,0.0205,2.2881,2.2884,321105.0,475684.0
2025-07-10,ULSD,Albany,2.6073,0.0109,2.6574,2.6693,610685.0,360585.0
2025-07-11,ULSD,Albany,2.6871,0.0126,2.7347,2.7459,609974.0,386997.0
2025-07-11,ULSHO,Providence,2.2377,0.0195,2.2874,2.2913,324075.0,621743.0
2025-07-11,RBOB,Albany,2.386,0.0132,2.4465,2.4363,568644.0,454604.0
2025-07-11,RBOB,Providence,2.386,0.0132,2.4236,2.4256,607906.0,326385.0
2025-07-11,ULSHO,Linden,2.2377,0.0195,2.2705,2.2757,376005.0,443697.0
2025-07-11,ULSD,Providence,2.6871,0.0126,2.7297,2.734,612922.0,504075.0
2025-07-11,ULSHO,Albany,2.2377,0.0195,2.2979,2.3014,621062.0,414027.0
2025-07-11,RBOB,Linden,2.386,0.0132,2.4244,2.4149,518317.0,479759.0
2025-07-11,ULSD,Linden,2.6871,0.0126,2.7202,2.7246,759478.0,523362.0
2025-07-12,ULSHO,Linden,2.24,0.0251,2.2911,2.2931,454438.0,465230.0
2025-07-12,ULSHO,Providence,2.24,0.0251,2.3072,2.2965,326828.0,665553.0
2025-07-12,ULSD,Linden,2.7347,0.0125,2.7679,2.7786,722291.0,481975.0
2025-07-12,RBOB,Albany,2.4053,0.0267,2.4809,2.4759,571535.0,447854.0
2025-07-12,RBOB,Linden,2.4053,0.0267,2.4493,2.4624,588216.0,474719.0
2025-07-12,ULSHO,Albany,2.24,0.0251,2.3058,2.3101,534749.0,377313.0
2025-07-12,ULSD,Providence,2.7347,0.0125,2.7877,2.7821,642106.0,512406.0
2025-07-12,RBOB,Providence,2.4053,0.0267,2.4598,2.4641,589549.0,348923.0
2025-07-12,ULSD,Albany,2.7347,0.0125,2.7875,2.7933,631745.0,394187.0
2025-07-13,RBOB,Linden,2.3695,0.0159,2.4006,2.4057,605598.0,537774.0
2025-07-13,ULSD,Linden,2.7649,0.0157,2.8015,2.8063,674060.0,476918.0
2025-07-13,RBOB,Providence,2.3695,0.0159,2.4214,2.4152,543906.0,333748.0
2025-07-13,ULSD,Albany,2.7649,0.0157,2.8234,2.816,590328.0,386200.0
2025-07-13,ULSHO,Linden,2.2333,0.02,2.281,2.2747,480894.0,461845.0
2025-07-13,ULSHO,Albany,2.2333,0.02,2.2991,2.2975,569271.0,344192.0
2025-07-13,ULSHO,Providence,2.2333,0.02,2.2898,2.2862,259765.0,666517.0
2025-07-13,RBOB,Albany,2.3695,0.0159,2.431,2.4293,551800.0,420983.0
2025-07-13,ULSD,Providence,2.7649,0.0157,2.8163,2.8047,601173.0,529231.0
2025-07-14,ULSD,Linden,2.7495,0.0147,2.7823,2.7768,682043.0,474840.0
2025-07-14,ULSD,Providence,2.7495,0.0147,2.7918,2.806,623833.0,511562.0
2025-07-14,ULSHO,Albany,2.2505,0.0149,2.3094,2.3097,565606.0,381951.0
2025-07-14,RBOB,Linden,2.3003,0.017,2.333,2.3329,620482.0,515827.0
2025-07-14,ULSHO,Providence,2.2505,0.0149,2.2938,2.3039,235246.0,644991.0
2025-07-14,ULSD,Albany,2.7495,0.0147,2.8155,2.8211,523560.0,401075.0
2025-07-14,RBOB,Providence,2.3003,0.017,2.3487,2.3576,493059.0,355460.0
2025-07-14,ULSHO,Linden,2.2505,0.0149,2.2873,2.2856,536268.0,452900.0
2025-07-14,RBOB,Albany,2.3003,0.017,2.3665,2.3519,569674.0,459116.0
2025-07-15,RBOB,Providence,2.2415,0.0312,2.302,2.2974,467682.0,363755.0
2025-07-15,ULSHO,Linden,2.2371,0.0199,2.2805,2.2808,487987.0,471324.0
2025-07-15,ULSD,Providence,2.7455,0.006,2.7816,2.7776,655387.0,527976.0
2025-07-15,ULSD,Albany,2.7455,0.006,2.7924,2.7942,502564.0,387603.0
2025-07-15,RBOB,Albany,2.2415,0.0312,2.3142,2.3181,619783.0,429101.0
2025-07-15,ULSHO,Providence,2.2371,0.0199,2.2791,2.2874,250232.0,609751.0
2025-07-15,RBOB,Linden,2.2415,0.0312,2.2927,2.2976,615193.0,484775.0
2025-07-15,ULSHO,Albany,2.2371,0.0199,2.3087,2.3001,546777.0,412495.0
2025-07-15,ULSD,Linden,2.7455,0.006,2.7745,2.7709,679139.0,500367.0
2025-07-16,ULSD,Linden,2.7686,0.0113,2.7972,2.7976,692940.0,461662.0
2025-07-16,ULSHO,Albany,2.2658,0.0287,2.3371,2.3404,504108.0,466058.0
2025-07-16,RBOB,Providence,2.2684,0.0334,2.3353,2.3247,479627.0,377687.0
2025-07-16,ULSHO,Providence,2.2658,0.0287,2.3315,2.3281,350598.0,585881.0
2025-07-16,RBOB,Linden,2.2684,0.0334,2.3258,2.3303,569459.0,404987.0
2025-07-16,ULSD,Providence,2.7686,0.0113,2.8109,2.8172,672888.0,505863.0
2025-07-16,RBOB,Albany,2.2684,0.0334,2.3494,2.3395,648303.0,449588.0
2025-07-16,ULSD,Albany,2.7686,0.0113,2.819,2.8231,494451.0,379280.0
2025-07-16,ULSHO,Linden,2.2658,0.0287,2.3202,2.3184,537470.0,497815.0
2025-07-17,RBOB,Linden,2.2377,0.0319,2.2943,2.2824,585400.0,440223.0
2025-07-17,RBOB,Providence,2.2377,0.0319,2.2974,2.3003,553547.0,348341.0
2025-07-17,ULSD,Albany,2.7861,0.014,2.8361,2.8499,582401.0,354195.0
2025-07-17,ULSHO,Providence,2.274,0.0201,2.3272,2.3304,326676.0,565381.0
2025-07-17,ULSD,Linden,2.7861,0.014,2.8171,2.8183,707429.0,532068.0
2025-07-17,RBOB,Albany,2.2377,0.0319,2.3146,2.3012,648662.0,492845.0
2025-07-17,ULSHO,Linden,2.274,0.0201,2.3135,2.3199,604655.0,546423.0
2025-07-17,ULSD,Providence,2.7861,0.014,2.8291,2.8295,660469.0,459192.0
2025-07-17,ULSHO,Albany,2.274,0.0201,2.3413,2.3419,545649.0,471449.0
2025-07-18,RBOB,Linden,2.232,0.028,2.2809,2.2879,595425.0,427464.0
2025-07-18,RBOB,Providence,2.232,0.028,2.2924,2.2921,588721.0,327297.0
2025-07-18,ULSD,Albany,2.7152,0.0138,2.7715,2.7721,571398.0,356993.0
2025-07-18,ULSHO,Linden,2.2642,0.0039,2.2921,2.2912,656743.0,523718.0
2025-07-18,ULSD,Providence,2.7152,0.0138,2.7532,2.7627,654471.0,436407.0
2025-07-18,RBOB,Albany,2.232,0.028,2.3001,2.3009,578155.0,550724.0
2025-07-18,ULSHO,Providence,2.2642,0.0039,2.3004,2.3028,252260.0,567371.0
2025-07-18,ULSHO,Albany,2.2642,0.0039,2.319,2.3107,553053.0,449402.0
2025-07-18,ULSD,Linden,2.7152,0.0138,2.7504,2.7428,673134.0,571270.0
2025-07-19,ULSD,Providence,2.7465,0.0205,2.8025,2.7957,589354.0,446506.0
2025-07-19,RBOB,Linden,2.2407,0.0226,2.2785,2.2819,617213.0,510203.0
2025-07-19,ULSHO,Linden,2.2605,-0.0035,2.2785,2.277,617822.0,541846.0
2025-07-19,RBOB,Albany,2.2407,0.0226,2.3069,2.306,610083.0,590282.0
2025-07-19,ULSHO,Albany,2.2605,-0.0035,2.3006,2.2988,564956.0,490692.0
2025-07-19,ULSHO,Providence,2.2605,-0.0035,2.2853,2.2911,285439.0,538965.0
2025-07-19,ULSD,Albany,2.7465,0.0205,2.8099,2.8067,605044.0,358882.0
2025-07-19,ULSD,Linden,2.7465,0.0205,2.7849,2.7849,677979.0,602924.0
2025-07-19,RBOB,Providence,2.2407,0.0226,2.2864,2.2959,649458.0,304234.0
2025-07-20,ULSHO,Albany,2.2459,-0.0073,2.2866,2.2806,574493.0,487020.0
2025-07-20,ULSHO,Linden,2.2459,-0.0073,2.2527,2.2593,650942.0,564742.0
2025-07-20,RBOB,Albany,2.2659,0.0198,2.3276,2.334,640457.0,608356.0
2025-07-20,ULSD,Albany,2.8728,0.0277,2.945,2.9479,630800.0,426224.0
2025-07-20,ULSD,Providence,2.8728,0.0277,2.9359,2.9453,581950.0,451983.0
2025-07-20,ULSD,Linden,2.8728,0.0277,2.9196,2.9149,709635.0,579331.0
2025-07-20,RBOB,Linden,2.2659,0.0198,2.3031,2.3131,702434.0,519347.0
2025-07-20,ULSHO,Providence,2.2459,-0.0073,2.265,2.2711,273694.0,545354.0
2025-07-20,RBOB,Providence,2.2659,0.0198,2.3159,2.3215,660958.0,318083.0
2025-07-21,ULSD,Providence,2.7928,0.0203,2.8462,2.8504,589408.0,491098.0
2025-07-21,RBOB,Albany,2.2524,0.0153,2.3095,2.3092,627734.0,562123.0
2025-07-21,RBOB,Linden,2.2524,0.0153,2.2842,2.2858,719809.0,523123.0
2025-07-21,ULSD,Linden,2.7928,0.0203,2.8252,2.8346,689389.0,640387.0
2025-07-21,ULSHO,Providence,2.2739,-0.0055,2.2931,2.3102,232967.0,552721.0
2025-07-21,ULSHO,Albany,2.2739,-0.0055,2.3138,2.3138,586651.0,482487.0
2025-07-21,RBOB,Providence,2.2524,0.0153,2.2971,2.3101,651987.0,351394.0
2025-07-21,ULSHO,Linden,2.2739,-0.0055,2.2849,2.278,640983.0,528914.0
2025-07-21,ULSD,Albany,2.7928,0.0203,2.8511,2.8519,699872.0,446851.0
2025-07-22,ULSD,Albany,2.8364,0.0155,2.8928,2.8998,696270.0,434902.0
2025-07-22,ULSHO,Albany,2.2651,0.0007,2.3102,2.3079,612363.0,452881.0
2025-07-22,ULSD,Linden,2.8364,0.0155,2.875,2.872,672372.0,626084.0
2025-07-22,RBOB,Providence,2.2729,0.0192,2.3262,2.3223,600069.0,394960.0
2025-07-22,RBOB,Linden,2.2729,0.0192,2.3114,2.3042,725917.0,456936.0
2025-07-22,ULSHO,Linden,2.2651,0.0007,2.2836,2.2787,672856.0,531998.0
2025-07-22,ULSHO,Providence,2.2651,0.0007,2.3079,2.2975,259822.0,530736.0
2025-07-22,RBOB,Albany,2.2729,0.0192,2.3364,2.3432,606177.0,604815.0
2025-07-22,ULSD,Providence,2.8364,0.0155,2.8824,2.8933,616634.0,432566.0
2025-07-23,RBOB,Linden,2.237,0.0157,2.2656,2.2752,771548.0,509121.0
2025-07-23,ULSD,Providence,2.8533,0.0254,2.9116,2.9147,617583.0,427774.0
2025-07-23,ULSHO,Linden,2.2757,0.0015,2.3013,2.3023,643664.0,498708.0
2025-07-23,ULSHO,Providence,2.2757,0.0015,2.3156,2.3074,257756.0,610267.0
2025-07-23,ULSD,Linden,2.8533,0.0254,2.8986,2.8914,627281.0,687943.0
2025-07-23,RBOB,Providence,2.237,0.0157,2.2882,2.2819,596701.0,381528.0
2025-07-23,RBOB,Albany,2.237,0.0157,2.3008,2.3036,622955.0,642227.0
2025-07-23,ULSD,Albany,2.8533,0.0254,2.9134,2.9233,711652.0,462743.0
2025-07-23,ULSHO,Albany,2.2757,0.0015,2.3276,2.3193,667770.0,468120.0
2025-07-24,ULSHO,Providence,2.263,-0.0011,2.2918,2.297,230177.0,605808.0
2025-07-24,RBOB,Providence,2.2227,0.0124,2.2636,2.2583,518345.0,389085.0
2025-07-24,ULSD,Providence,2.8492,0.0332,2.9171,2.918,600059.0,444676.0
2025-07-24,ULSD,Linden,2.8492,0.0332,2.9019,2.8937,650405.0,721262.0
2025-07-24,RBOB,Linden,2.2227,0.0124,2.2555,2.2597,713603.0,494019.0
2025-07-24,ULSHO,Albany,2.263,-0.0011,2.3023,2.2986,623688.0,386077.0
2025-07-24,RBOB,Albany,2.2227,0.0124,2.2777,2.2843,590708.0,665907.0
2025-07-24,ULSHO,Linden,2.263,-0.0011,2.2823,2.2804,638440.0,490832.0
2025-07-24,ULSD,Albany,2.8492,0.0332,2.9269,2.9322,696703.0,446918.0
2025-07-25,ULSD,Albany,2.9109,0.0272,2.9757,2.9759,658818.0,482288.0
2025-07-25,ULSHO,Providence,2.2138,0.0018,2.2551,2.2559,191514.0,617265.0
2025-07-25,RBOB,Albany,2.1824,0.0049,2.2317,2.2376,612694.0,687424.0
2025-07-25,ULSHO,Linden,2.2138,0.0018,2.2394,2.2445,613104.0,505779.0
2025-07-25,ULSD,Linden,2.9109,0.0272,2.9599,2.9555,711363.0,684331.0
2025-07-25,RBOB,Linden,2.1824,0.0049,2.2098,2.2177,665065.0,486587.0
2025-07-25,ULSHO,Albany,2.2138,0.0018,2.2575,2.2687,615966.0,408288.0
2025-07-25,RBOB,Providence,2.1824,0.0049,2.2256,2.2204,507689.0,336813.0
2025-07-25,ULSD,Providence,2.9109,0.0272,2.9659,2.9709,567643.0,413419.0
2025-07-26,RBOB,Linden,2.2276,0.0052,2.2522,2.2614,645330.0,407866.0
2025-07-26,ULSD,Albany,2.8594,0.0193,2.9115,2.929,617541.0,508306.0
2025-07-26,RBOB,Providence,2.2276,0.0052,2.2624,2.269,564969.0,265642.0
2025-07-26,ULSHO,Providence,2.2449,-0.0024,2.2673,2.2818,196001.0,620424.0
2025-07-26,ULSD,Providence,2.8594,0.0193,2.9094,2.9095,564031.0,425812.0
2025-07-26,ULSHO,Linden,2.2449,-0.0024,2.2607,2.2713,625226.0,446215.0
2025-07-26,ULSHO,Albany,2.2449,-0.0024,2.28,2.2805,595309.0,341353.0
2025-07-26,ULSD,Linden,2.8594,0.0193,2.8995,2.9017,656522.0,664377.0
2025-07-26,RBOB,Albany,2.2276,0.0052,2.2709,2.2783,572003.0,682702.0
2025-07-27,ULSHO,Linden,2.2105,-0.0006,2.225,2.2239,616759.0,417883.0
2025-07-27,ULSD,Albany,2.8677,0.0155,2.9317,2.9288,585660.0,605384.0
2025-07-27,ULSD,Providence,2.8677,0.0155,2.913,2.9185,566816.0,414678.0
2025-07-27,ULSHO,Albany,2.2105,-0.0006,2.2537,2.2618,650298.0,377460.0
2025-07-27,RBOB,Albany,2.2268,0.0004,2.2716,2.2683,538209.0,657500.0
2025-07-27,ULSD,Linden,2.8677,0.0155,2.9006,2.9056,676646.0,726649.0
2025-07-27,RBOB,Providence,2.2268,0.0004,2.251,2.2579,574506.0,244529.0
2025-07-27,ULSHO,Providence,2.2105,-0.0006,2.2447,2.2422,207652.0,614045.0
2025-07-27,RBOB,Linden,2.2268,0.0004,2.2491,2.2507,616594.0,441945.0
2025-07-28,RBOB,Albany,2.1978,0.0005,2.2468,2.2453,536653.0,689123.0
2025-07-28,RBOB,Providence,2.1978,0.0005,2.2207,2.2361,611663.0,231237.0
2025-07-28,ULSD,Providence,2.9344,0.0131,2.9824,2.9804,606791.0,378776.0
2025-07-28,ULSHO,Providence,2.2341,-0.0026,2.2663,2.2678,153574.0,636821.0
2025-07-28,ULSD,Linden,2.9344,0.0131,2.9751,2.9669,700784.0,755984.0
2025-07-28,RBOB,Linden,2.1978,0.0005,2.2145,2.217,636218.0,476849.0
2025-07-28,ULSHO,Albany,2.2341,-0.0026,2.2796,2.2792,634053.0,327281.0
2025-07-28,ULSD,Albany,2.9344,0.0131,2.9933,3.0015,632640.0,563063.0
2025-07-28,ULSHO,Linden,2.2341,-0.0026,2.2595,2.2531,650924.0,392973.0
2025-07-29,ULSD,Linden,2.9269,0.0044,2.9496,2.9346,674041.0,743634.0
2025-07-29,ULSHO,Albany,2.2493,0.0156,2.3082,2.3137,572108.0,357236.0
2025-07-29,ULSD,Providence,2.9269,0.0044,2.9645,2.9626,603501.0,423076.0
2025-07-29,ULSD,Albany,2.9269,0.0044,2.9765,2.972,637658.0,556831.0
2025-07-29,RBOB,Linden,2.1843,0.0079,2.2063,2.2095,619659.0,454550.0
2025-07-29,ULSHO,Linden,2.2493,0.0156,2.2954,2.299,673672.0,400399.0
2025-07-29,RBOB,Providence,2.1843,0.0079,2.2303,2.2243,594486.0,187455.0
2025-07-29,RBOB,Albany,2.1843,0.0079,2.2393,2.2408,486681.0,726218.0
2025-07-29,ULSHO,Providence,2.2493,0.0156,2.2935,2.2995,198379.0,683097.0
2025-07-30,RBOB,Providence,2.176,0.0103,2.218,2.2259,543220.0,137532.0
2025-07-30,ULSHO,Providence,2.1952,0.0204,2.2459,2.2482,162488.0,677139.0
2025-07-30,ULSD,Linden,2.9096,0.0065,2.9398,2.9334,654787.0,744367.0
2025-07-30,ULSD,Albany,2.9096,0.0065,2.9613,2.9696,627067.0,549443.0
2025-07-30,ULSHO,Albany,2.1952,0.0204,2.2631,2.2608,568125.0,448585.0
2025-07-30,ULSHO,Linden,2.1952,0.0204,2.2372,2.232,681288.0,378640.0
2025-07-30,RBOB,Albany,2.176,0.0103,2.2322,2.2314,486760.0,681049.0
2025-07-30,RBOB,Linden,2.176,0.0103,2.2038,2.2049,675770.0,457607.0
2025-07-30,ULSD,Providence,2.9096,0.0065,2.9428,2.9411,582672.0,377777.0
2025-07-31,ULSHO,Providence,2.1656,0.0148,2.2083,2.2157,221476.0,644146.0
2025-07-31,ULSD,Linden,2.9164,0.0004,2.9438,2.9329,613352.0,744878.0
2025-07-31,RBOB,Albany,2.2041,0.0133,2.2593,2.2601,504309.0,705942.0
2025-07-31,ULSHO,Linden,2.1656,0.0148,2.1996,2.2023,672830.0,396411.0
2025-07-31,ULSD,Providence,2.9164,0.0004,2.9463,2.9473,576317.0,417895.0
2025-07-31,RBOB,Providence,2.2041,0.0133,2.2468,2.2511,525423.0,170347.0
2025-07-31,RBOB,Linden,2.2041,0.0133,2.242,2.2333,721955.0,471034.0
2025-07-31,ULSD,Albany,2.9164,0.0004,2.9565,2.9644,622916.0,556354.0
2025-07-31,ULSHO,Albany,2.1656,0.0148,2.2217,2.2266,539584.0,440211.0
2025-08-01,RBOB,Providence,2.1422,0.015,2.1862,2.184,511237.0,155120.0
2025-08-01,ULSHO,Albany,2.1502,0.0088,2.2077,2.2044,511927.0,401141.0
2025-08-01,RBOB,Albany,2.1422,0.015,2.1973,2.1934,460345.0,706521.0
2025-08-01,ULSD,Linden,2.8982,-0.0045,2.9114,2.9118,582531.0,711349.0
2025-08-01,ULSHO,Providence,2.1502,0.0088,2.1912,2.1943,240690.0,661166.0
2025-08-01,ULSHO,Linden,2.1502,0.0088,2.1836,2.178,655487.0,370609.0
2025-08-01,ULSD,Albany,2.8982,-0.0045,2.9418,2.9417,598531.0,577109.0
2025-08-01,ULSD,Providence,2.8982,-0.0045,2.9331,2.9289,557185.0,406929.0
2025-08-01,RBOB,Linden,2.1422,0.015,2.1814,2.1759,740029.0,503893.0
2025-08-02,ULSD,Albany,2.97,0.0039,3.0136,3.0142,593727.0,539654.0
2025-08-02,RBOB,Albany,2.1031,0.0148,2.1615,2.1651,491950.0,729475.0
2025-08-02,ULSD,Linden,2.97,0.0039,2.9943,2.9876,585343.0,699217.0
2025-08-02,ULSHO,Linden,2.1253,0.0069,2.1479,2.1511,649524.0,357728.0
2025-08-02,ULSD,Providence,2.97,0.0039,3.002,3.0036,547425.0,377991.0
2025-08-02,ULSHO,Albany,2.1253,0.0069,2.176,2.179,495648.0,472276.0
2025-08-02,RBOB,Providence,2.1031,0.0148,2.1455,2.1467,553713.0,109828.0
2025-08-02,RBOB,Linden,2.1031,0.0148,2.1361,2.1252,716918.0,505397.0
2025-08-02,ULSHO,Providence,2.1253,0.0069,2.1694,2.165,240992.0,583844.0
2025-08-03,RBOB,Providence,2.0894,0.0135,2.1402,2.1272,621450.0,206107.0
2025-08-03,ULSD,Albany,2.9308,0.0018,2.984,2.9794,588884.0,512206.0
2025-08-03,ULSHO,Linden,2.0893,-0.002,2.1065,2.1061,669787.0,384405.0
2025-08-03,ULSD,Providence,2.9308,0.0018,2.9652,2.9664,469694.0,352157.0
2025-08-03,ULSHO,Providence,2.0893,-0.002,2.1233,2.1281,259563.0,589703.0
2025-08-03,ULSD,Linden,2.9308,0.0018,2.9494,2.9502,604661.0,671468.0
2025-08-03,RBOB,Albany,2.0894,0.0135,2.1415,2.1484,473348.0,730155.0
2025-08-03,RBOB,Linden,2.0894,0.0135,2.1276,2.1237,729835.0,563484.0
2025-08-03,ULSHO,Albany,2.0893,-0.002,2.1298,2.1353,449865.0,457254.0
2025-08-04,ULSD,Linden,2.9726,0.0035,3.0001,2.9926,604947.0,652929.0
2025-08-04,ULSHO,Albany,2.1141,-0.0043,2.1604,2.1611,383981.0,419337.0
2025-08-04,RBOB,Linden,2.1874,0.0112,2.2173,2.2185,749029.0,550470.0
2025-08-04,ULSHO,Providence,2.1141,-0.0043,2.1435,2.1401,244892.0,583310.0
2025-08-04,ULSD,Providence,2.9726,0.0035,3.0056,3.0075,416360.0,332507.0
2025-08-04,ULSD,Albany,2.9726,0.0035,3.0208,3.0235,608499.0,520789.0
2025-08-04,RBOB,Providence,2.1874,0.0112,2.2303,2.2219,591436.0,223426.0
2025-08-04,RBOB,Albany,2.1874,0.0112,2.2377,2.236,492039.0,760049.0
2025-08-04,ULSHO,Linden,2.1141,-0.0043,2.1243,2.1298,667608.0,400019.0
2025-08-05,RBOB,Providence,2.226,0.0156,2.2808,2.275,575987.0,222908.0
2025-08-05,ULSHO,Albany,2.1081,-0.0064,2.1459,2.1409,456793.0,465706.0
2025-08-05,ULSD,Linden,2.9179,0.0093,2.946,2.9606,630432.0,666493.0
2025-08-05,RBOB,Linden,2.226,0.0156,2.2677,2.2744,701737.0,525244.0
2025-08-05,ULSHO,Providence,2.1081,-0.0064,2.1382,2.1408,249269.0,594946.0
2025-08-05,ULSD,Albany,2.9179,0.0093,2.9637,2.967,636430.0,551654.0
2025-08-05,ULSD,Providence,2.9179,0.0093,2.9645,2.954,378973.0,309797.0
2025-08-05,RBOB,Albany,2.226,0.0156,2.2893,2.286,498971.0,785757.0
2025-08-05,ULSHO,Linden,2.1081,-0.0064,2.1236,2.1255,671132.0,409212.0
2025-08-06,RBOB,Albany,2.2222,0.0084,2.271,2.2781,483605.0,805639.0
2025-08-06,ULSHO,Linden,2.122,0.0015,2.1444,2.1397,663078.0,411435.0
2025-08-06,RBOB,Providence,2.2222,0.0084,2.2619,2.267,568646.0,257140.0
2025-08-06,RBOB,Linden,2.2222,0.0084,2.2526,2.2545,705875.0,505917.0
2025-08-06,ULSD,Albany,2.9505,0.0154,3.0133,3.004,573955.0,510276.0
2025-08-06,ULSHO,Albany,2.122,0.0015,2.1699,2.1698,453928.0,366962.0
2025-08-06,ULSD,Linden,2.9505,0.0154,2.9818,2.9893,632715.0,629629.0
2025-08-06,ULSD,Providence,2.9505,0.0154,2.9978,2.9934,400609.0,327066.0
2025-08-06,ULSHO,Providence,2.122,0.0015,2.1484,2.1661,313403.0,542450.0
2025-08-07,ULSD,Linden,2.9482,0.014,2.9872,2.981,588052.0,653227.0
2025-08-07,ULSD,Providence,2.9482,0.014,2.9924,2.9904,402531.0,268866.0
2025-08-07,RBOB,Linden,2.2516,0.0167,2.2865,2.2859,722354.0,414883.0
2025-08-07,RBOB,Providence,2.2516,0.0167,2.2909,2.31,554494.0,239784.0
2025-08-07,ULSD,Albany,2.9482,0.014,3.0139,3.0022,579459.0,455985.0
2025-08-07,ULSHO,Linden,2.1101,0.0005,2.1291,2.1332,654020.0,449807.0
2025-08-07,ULSHO,Albany,2.1101,0.0005,2.1553,2.1623,422830.0,319725.0
2025-08-07,ULSHO,Providence,2.1101,0.0005,2.1507,2.1534,297338.0,529216.0
2025-08-07,RBOB,Albany,2.2516,0.0167,2.3193,2.3116,466663.0,745679.0
2025-08-08,ULSD,Providence,2.8355,0.015,2.8776,2.8811,412170.0,321745.0
2025-08-08,ULSHO,Albany,2.1216,-0.0025,2.1661,2.1698,447586.0,280235.0
2025-08-08,RBOB,Providence,2.3373,0.0161,2.3888,2.3851,509595.0,305045.0
2025-08-08,ULSHO,Linden,2.1216,-0.0025,2.1366,2.1358,624787.0,499579.0
2025-08-08,RBOB,Linden,2.3373,0.0161,2.3766,2.3762,721036.0,388074.0
2025-08-08,ULSD,Albany,2.8355,0.015,2.8933,2.9019,624816.0,495378.0
2025-08-08,ULSD,Linden,2.8355,0.015,2.874,2.87,634597.0,654282.0
2025-08-08,RBOB,Albany,2.3373,0.0161,2.3917,2.4011,411500.0,764979.0
2025-08-08,ULSHO,Providence,2.1216,-0.0025,2.151,2.1526,330508.0,496010.0
2025-08-09,ULSD,Albany,2.8378,0.0106,2.8965,2.8932,584359.0,522958.0
2025-08-09,ULSD,Providence,2.8378,0.0106,2.8794,2.8792,456598.0,358345.0
2025-08-09,ULSD,Linden,2.8378,0.0106,2.865,2.8676,670185.0,678168.0
2025-08-09,ULSHO,Albany,2.0997,-0.0084,2.136,2.1303,496252.0,264022.0
2025-08-09,ULSHO,Providence,2.0997,-0.0084,2.1181,2.1225,302343.0,480966.0
2025-08-09,RBOB,Linden,2.3283,0.0108,2.3561,2.3531,767184.0,425827.0
2025-08-09,ULSHO,Linden,2.0997,-0.0084,2.1055,2.1139,554459.0,486593.0
2025-08-09,RBOB,Providence,2.3283,0.0108,2.3697,2.37,513297.0,258504.0
2025-08-09,RBOB,Albany,2.3283,0.0108,2.3848,2.3868,391784.0,756537.0
2025-08-10,RBOB,Providence,2.3139,0.0078,2.3527,2.3481,526282.0,221901.0
2025-08-10,ULSHO,Linden,2.1008,-0.0127,2.105,2.1098,572344.0,461792.0
2025-08-10,ULSD,Providence,2.7941,0.0222,2.8518,2.8541,422868.0,412820.0
2025-08-10,ULSD,Albany,2.7941,0.0222,2.8593,2.8651,572539.0,557696.0
2025-08-10,RBOB,Albany,2.3139,0.0078,2.361,2.3582,370420.0,707446.0
2025-08-10,ULSHO,Providence,2.1008,-0.0127,2.1187,2.1123,306041.0,505539.0
2025-08-10,RBOB,Linden,2.3139,0.0078,2.3379,2.3387,798992.0,436103.0
2025-08-10,ULSD,Linden,2.7941,0.0222,2.8408,2.837,639718.0,705539.0
2025-08-10,ULSHO,Albany,2.1008,-0.0127,2.1278,2.1336,434999.0,201960.0
2025-08-11,RBOB,Albany,2.3658,0.004,2.4144,2.4122,429277.0,724262.0
2025-08-11,RBOB,Linden,2.3658,0.004,2.384,2.3805,758137.0,408050.0
2025-08-11,ULSHO,Providence,2.1213,-0.0098,2.141,2.1434,344011.0,501830.0
2025-08-11,ULSD,Albany,2.7777,0.0259,2.8449,2.849,575880.0,521227.0
2025-08-11,ULSD,Providence,2.7777,0.0259,2.8384,2.8301,466181.0,382185.0
2025-08-11,ULSHO,Linden,2.1213,-0.0098,2.1363,2.1279,589072.0,427030.0
2025-08-11,ULSHO,Albany,2.1213,-0.0098,2.1569,2.1569,421773.0,241940.0
2025-08-11,RBOB,Providence,2.3658,0.004,2.4081,2.4067,539593.0,227556.0
2025-08-11,ULSD,Linden,2.7777,0.0259,2.8243,2.8213,695186.0,744332.0
2025-08-12,ULSD,Providence,2.8472,0.0185,2.8923,2.8874,481488.0,306066.0
2025-08-12,ULSHO,Providence,2.1249,-0.0081,2.1492,2.1612,304665.0,484353.0
2025-08-12,RBOB,Providence,2.3879,0.0057,2.4245,2.4275,496652.0,211037.0
2025-08-12,RBOB,Linden,2.3879,0.0057,2.4146,2.4207,752168.0,422025.0
2025-08-12,ULSHO,Linden,2.1249,-0.0081,2.1355,2.1376,551787.0,490224.0
2025-08-12,ULSHO,Albany,2.1249,-0.0081,2.1629,2.162,434584.0,287316.0
2025-08-12,RBOB,Albany,2.3879,0.0057,2.4334,2.4398,465245.0,668097.0
2025-08-12,ULSD,Linden,2.8472,0.0185,2.8961,2.8855,703996.0,759914.0
2025-08-12,ULSD,Albany,2.8472,0.0185,2.8993,2.9103,611764.0,512397.0
2025-08-13,ULSHO,Providence,2.1125,0.0015,2.1473,2.1383,320703.0,529206.0
2025-08-13,RBOB,Linden,2.4179,0.0019,2.4396,2.4427,712838.0,352554.0
2025-08-13,ULSHO,Linden,2.1125,0.0015,2.1389,2.1306,616471.0,459366.0
2025-08-13,ULSHO,Albany,2.1125,0.0015,2.1598,2.1472,407454.0,293144.0
2025-08-13,ULSD,Providence,2.8015,0.0187,2.8588,2.8558,458138.0,292261.0
2025-08-13,ULSD,Linden,2.8015,0.0187,2.8468,2.8452,700973.0,777639.0
2025-08-13,RBOB,Providence,2.4179,0.0019,2.4564,2.4488,493682.0,271083.0
2025-08-13,ULSD,Albany,2.8015,0.0187,2.869,2.8654,628539.0,518391.0
2025-08-13,RBOB,Albany,2.4179,0.0019,2.4639,2.4681,421298.0,693061.0
2025-08-14,RBOB,Providence,2.3969,0.0097,2.4386,2.442,433930.0,223523.0
2025-08-14,RBOB,Albany,2.3969,0.0097,2.4499,2.4574,450467.0,744877.0
2025-08-14,ULSD,Providence,2.759,0.0232,2.8132,2.812,512000.0,294974.0
2025-08-14,RBOB,Linden,2.3969,0.0097,2.4263,2.4207,724609.0,346552.0
2025-08-14,ULSHO,Providence,2.0806,-0.0007,2.1027,2.1043,249089.0,531651.0
2025-08-14,ULSD,Linden,2.759,0.0232,2.8001,2.8061,758995.0,763560.0
2025-08-14,ULSHO,Linden,2.0806,-0.0007,2.0966,2.096,571219.0,414869.0
2025-08-14,ULSHO,Albany,2.0806,-0.0007,2.1233,2.1281,426778.0,286217.0
2025-08-14,ULSD,Albany,2.759,0.0232,2.8242,2.8241,616055.0,531395.0
2025-08-15,RBOB,Albany,2.4824,0.0051,2.5296,2.5218,459460.0,718116.0
2025-08-15,RBOB,Linden,2.4824,0.0051,2.5058,2.5072,685275.0,369137.0
2025-08-15,RBOB,Providence,2.4824,0.0051,2.5165,2.5223,469447.0,208263.0
2025-08-15,ULSHO,Albany,2.0882,0.0076,2.147,2.132,386180.0,239353.0
2025-08-15,ULSD,Linden,2.8241,0.0257,2.8687,2.8711,664063.0,776304.0
2025-08-15,ULSHO,Linden,2.0882,0.0076,2.1154,2.1215,603260.0,427502.0
2025-08-15,ULSD,Albany,2.8241,0.0257,2.8951,2.9,629290.0,524893.0
2025-08-15,ULSHO,Providence,2.0882,0.0076,2.1328,2.1321,215459.0,463344.0
2025-08-15,ULSD,Providence,2.8241,0.0257,2.8775,2.8813,462764.0,314060.0
2025-08-16,RBOB,Albany,2.5611,-0.008,2.5991,2.5967,448309.0,741986.0
2025-08-16,ULSD,Albany,2.8324,0.036,2.9076,2.9132,660800.0,521006.0
2025-08-16,RBOB,Linden,2.5611,-0.008,2.5789,2.5779,710179.0,396881.0
2025-08-16,ULSD,Linden,2.8324,0.036,2.885,2.8948,603396.0,737017.0
2025-08-16,RBOB,Providence,2.5611,-0.008,2.5872,2.5758,435894.0,227398.0
2025-08-16,ULSHO,Albany,2.1014,0.01,2.1528,2.1659,367215.0,265422.0
2025-08-16,ULSHO,Providence,2.1014,0.01,2.1503,2.1466,208676.0,431709.0
2025-08-16,ULSHO,Linden,2.1014,0.01,2.1296,2.1227,608050.0,466904.0
2025-08-16,ULSD,Providence,2.8324,0.036,2.9009,2.9135,425866.0,303642.0
2025-08-17,RBOB,Providence,2.5885,-0.0102,2.6079,2.614,429776.0,257058.0
2025-08-17,ULSHO,Albany,2.0957,0.0106,2.151,2.1535,368095.0,249567.0
2025-08-17,ULSD,Linden,2.9039,0.0423,2.9667,2.9671,624194.0,722240.0
2025-08-17,RBOB,Linden,2.5885,-0.0102,2.5966,2.6008,715357.0,371976.0
2025-08-17,ULSD,Albany,2.9039,0.0423,2.9864,2.9913,668395.0,553226.0
2025-08-17,ULSHO,Linden,2.0957,0.0106,2.1253,2.1291,614835.0,425164.0
2025-08-17,RBOB,Albany,2.5885,-0.0102,2.6282,2.6257,465286.0,748604.0
2025-08-17,ULSHO,Providence,2.0957,0.0106,2.1342,2.1293,247692.0,451604.0
2025-08-17,ULSD,Providence,2.9039,0.0423,2.9757,2.9858,422249.0,308844.0
2025-08-18,ULSHO,Albany,2.0742,-0.0009,2.1183,2.1168,388206.0,280386.0
2025-08-18,ULSD,Providence,2.922,0.0364,2.988,2.9935,440005.0,322012.0
2025-08-18,ULSD,Linden,2.922,0.0364,2.9785,2.9732,611548.0,742940.0
2025-08-18,ULSD,Albany,2.922,0.0364,3.0066,2.9952,727145.0,535190.0
2025-08-18,ULSHO,Linden,2.0742,-0.0009,2.0962,2.0967,650032.0,423756.0
2025-08-18,RBOB,Providence,2.6218,-0.0198,2.6389,2.6347,417807.0,300842.0
2025-08-18,RBOB,Linden,2.6218,-0.0198,2.6191,2.6239,740722.0,407135.0
2025-08-18,RBOB,Albany,2.6218,-0.0198,2.6436,2.6519,492401.0,761911.0
2025-08-18,ULSHO,Providence,2.0742,-0.0009,2.1111,2.1051,279351.0,471546.0
2025-08-19,RBOB,Providence,2.5291,-0.0165,2.5485,2.5427,401629.0,319852.0
2025-08-19,ULSD,Albany,2.886,0.0339,2.9622,2.9655,733240.0,514057.0
2025-08-19,RBOB,Albany,2.5291,-0.0165,2.5601,2.5648,473757.0,705026.0
2025-08-19,ULSHO,Albany,2.0937,-0.0068,2.127,2.134,393863.0,324122.0
2025-08-19,ULSHO,Providence,2.0937,-0.0068,2.124,2.1208,252652.0,483145.0
2025-08-19,ULSD,Linden,2.886,0.0339,2.9427,2.9309,575514.0,734732.0
2025-08-19,ULSD,Providence,2.886,0.0339,2.9493,2.9569,436399.0,275239.0
2025-08-19,ULSHO,Linden,2.0937,-0.0068,2.099,2.1042,676291.0,376787.0
2025-08-19,RBOB,Linden,2.5291,-0.0165,2.5376,2.5283,726015.0,474380.0
2025-08-20,RBOB,Linden,2.5596,-0.007,2.5783,2.5694,666005.0,458562.0
2025-08-20,ULSHO,Linden,2.1759,0.0003,2.199,2.2015,670209.0,357431.0
2025-08-20,ULSD,Providence,2.8867,0.0245,2.9429,2.944,365653.0,347711.0
2025-08-20,RBOB,Albany,2.5596,-0.007,2.5969,2.5918,465547.0,718678.0
2025-08-20,RBOB,Providence,2.5596,-0.007,2.5849,2.5825,369463.0,402984.0
2025-08-20,ULSHO,Providence,2.1759,0.0003,2.2122,2.2007,254423.0,495581.0
2025-08-20,ULSD,Linden,2.8867,0.0245,2.9316,2.9276,624676.0,744308.0
2025-08-20,ULSHO,Albany,2.1759,0.0003,2.2158,2.2209,374050.0,332050.0
2025-08-20,ULSD,Albany,2.8867,0.0245,2.9535,2.9518,687461.0,497736.0
2025-08-21,RBOB,Linden,2.5519,-0.001,2.5723,2.5714,721169.0,484254.0
2025-08-21,ULSD,Albany,2.9458,0.0255,3.0101,3.0127,652848.0,479365.0
2025-08-21,RBOB,Providence,2.5519,-0.001,2.5853,2.5916,313795.0,389325.0
2025-08-21,ULSHO,Linden,2.1688,0.0104,2.202,2.2038,626600.0,419690.0
2025-08-21,RBOB,Albany,2.5519,-0.001,2.5947,2.5929,472137.0,715262.0
2025-08-21,ULSHO,Albany,2.1688,0.0104,2.2261,2.2207,365979.0,264102.0
2025-08-21,ULSD,Linden,2.9458,0.0255,2.9857,2.9908,637071.0,700828.0
2025-08-21,ULSD,Providence,2.9458,0.0255,3.0013,3.0083,361314.0,314834.0
2025-08-21,ULSHO,Providence,2.1688,0.0104,2.2178,2.2162,267230.0,467292.0
2025-08-22,ULSHO,Providence,2.1827,0.0122,2.2215,2.2204,218277.0,467882.0
2025-08-22,ULSHO,Linden,2.1827,0.0122,2.215,2.2088,579098.0,428665.0
2025-08-22,RBOB,Providence,2.5733,-0.0077,2.5998,2.6052,382884.0,398847.0
2025-08-22,ULSHO,Albany,2.1827,0.0122,2.2418,2.2385,297036.0,240048.0
2025-08-22,ULSD,Providence,2.9929,0.0257,3.0436,3.0476,364560.0,331755.0
2025-08-22,ULSD,Linden,2.9929,0.0257,3.0355,3.0404,588817.0,744084.0
2025-08-22,RBOB,Linden,2.5733,-0.0077,2.5786,2.5902,706282.0,428474.0
2025-08-22,RBOB,Albany,2.5733,-0.0077,2.6182,2.6042,440707.0,733064.0
2025-08-22,ULSD,Albany,2.9929,0.0257,3.0633,3.0679,642394.0,483425.0
2025-08-23,ULSHO,Linden,2.1981,0.0171,2.2355,2.2379,582690.0,422381.0
2025-08-23,ULSHO,Albany,2.1981,0.0171,2.26,2.2609,379759.0,297485.0
2025-08-23,ULSD,Providence,2.997,0.0413,3.0725,3.0667,458632.0,376539.0
2025-08-23,ULSD,Albany,2.997,0.0413,3.0852,3.0767,629811.0,475828.0
2025-08-23,ULSD,Linden,2.997,0.0413,3.0636,3.0634,563524.0,717423.0
2025-08-23,ULSHO,Providence,2.1981,0.0171,2.2501,2.253,240840.0,430559.0
2025-08-23,RBOB,Albany,2.6065,-0.0102,2.6317,2.6442,448927.0,724760.0
2025-08-23,RBOB,Providence,2.6065,-0.0102,2.6272,2.6374,397518.0,431717.0
2025-08-23,RBOB,Linden,2.6065,-0.0102,2.6139,2.6122,746215.0,360770.0
2025-08-24,RBOB,Albany,2.5919,0.0029,2.6361,2.6322,448113.0,754598.0
2025-08-24,ULSD,Albany,3.0034,0.0393,3.0847,3.0857,646760.0,460779.0
2025-08-24,ULSD,Providence,3.0034,0.0393,3.0726,3.0724,508421.0,354422.0
2025-08-24,RBOB,Linden,2.5919,0.0029,2.6173,2.6092,751423.0,385898.0
2025-08-24,RBOB,Providence,2.5919,0.0029,2.6304,2.6211,411923.0,422336.0
2025-08-24,ULSD,Linden,3.0034,0.0393,3.0671,3.0596,590633.0,725927.0
2025-08-24,ULSHO,Providence,2.118,0.0144,2.1605,2.1656,294958.0,406811.0
2025-08-24,ULSHO,Linden,2.118,0.0144,2.1516,2.1548,634612.0,427886.0
2025-08-24,ULSHO,Albany,2.118,0.0144,2.1705,2.1726,370031.0,314507.0
2025-08-25,RBOB,Albany,2.5157,0.0057,2.5581,2.571,427686.0,754709.0
2025-08-25,RBOB,Linden,2.5157,0.0057,2.5414,2.547,764953.0,390093.0
2025-08-25,ULSHO,Albany,2.125,0.0123,2.1804,2.1847,364693.0,370938.0
2025-08-25,ULSD,Linden,3.0025,0.0244,3.0463,3.0426,648750.0,719419.0
2025-08-25,ULSD,Albany,3.0025,0.0244,3.07,3.0741,653677.0,509171.0
2025-08-25,RBOB,Providence,2.5157,0.0057,2.5524,2.5501,489933.0,414103.0
2025-08-25,ULSHO,Linden,2.125,0.0123,2.1599,2.1538,660027.0,440526.0
2025-08-25,ULSHO,Providence,2.125,0.0123,2.1787,2.1659,343162.0,381347.0
2025-08-25,ULSD,Providence,3.0025,0.0244,3.0639,3.0671,512946.0,360692.0
2025-08-26,ULSHO,Albany,2.1056,0.0086,2.1594,2.1637,379198.0,297196.0
2025-08-26,ULSHO,Linden,2.1056,0.0086,2.1345,2.1371,652644.0,439249.0
2025-08-26,RBOB,Linden,2.5338,0.0062,2.5662,2.5554,818396.0,399615.0
2025-08-26,ULSD,Albany,2.9801,0.0199,3.0389,3.0498,708011.0,517789.0
2025-08-26,ULSD,Linden,2.9801,0.0199,3.0194,3.0236,575292.0,746680.0
2025-08-26,ULSD,Providence,2.9801,0.0199,3.0342,3.0401,475291.0,423723.0
2025-08-26,RBOB,Providence,2.5338,0.0062,2.5745,2.5766,487847.0,400200.0
2025-08-26,ULSHO,Providence,2.1056,0.0086,2.1424,2.1383,325222.0,359297.0
2025-08-26,RBOB,Albany,2.5338,0.0062,2.5827,2.5885,402790.0,768913.0
2025-08-27,RBOB,Providence,2.5017,0.013,2.5429,2.5406,508715.0,380556.0
2025-08-27,ULSD,Linden,3.0747,0.0205,3.1146,3.121,581667.0,726726.0
2025-08-27,ULSD,Albany,3.0747,0.0205,3.1447,3.1366,728517.0,504505.0
2025-08-27,ULSHO,Linden,2.153,0.0152,2.185,2.1919,658206.0,400283.0
2025-08-27,ULSHO,Providence,2.153,0.0152,2.1954,2.1986,314405.0,355260.0
2025-08-27,RBOB,Linden,2.5017,0.013,2.5292,2.5401,817568.0,381361.0
2025-08-27,RBOB,Albany,2.5017,0.013,2.5577,2.5609,416521.0,806511.0
2025-08-27,ULSHO,Albany,2.153,0.0152,2.2148,2.2174,403843.0,300679.0
2025-08-27,ULSD,Providence,3.0747,0.0205,3.1299,3.1243,488708.0,417271.0
2025-08-28,ULSHO,Linden,2.148,0.0173,2.1859,2.1819,675911.0,363097.0
2025-08-28,ULSD,Providence,3.0797,0.0129,3.1254,3.1307,449416.0,457506.0
2025-08-28,ULSHO,Providence,2.148,0.0173,2.2018,2.1969,285550.0,355268.0
2025-08-28,RBOB,Providence,2.4883,0.0274,2.5481,2.5441,510150.0,344750.0
2025-08-28,ULSHO,Albany,2.148,0.0173,2.2141,2.215,419506.0,301807.0
2025-08-28,RBOB,Linden,2.4883,0.0274,2.5384,2.5369,853874.0,373968.0
2025-08-28,ULSD,Albany,3.0797,0.0129,3.134,3.1383,771823.0,545753.0
2025-08-28,ULSD,Linden,3.0797,0.0129,3.1127,3.1101,566252.0,685911.0
2025-08-28,RBOB,Albany,2.4883,0.0274,2.5747,2.5488,448414.0,801413.0
2025-08-29,ULSHO,Albany,2.1264,0.0156,2.1879,2.1923,398760.0,252187.0
2025-08-29,ULSHO,Providence,2.1264,0.0156,2.1764,2.1734,273264.0,335347.0
2025-08-29,RBOB,Linden,2.4629,0.0331,2.5134,2.5203,787767.0,405543.0
2025-08-29,RBOB,Providence,2.4629,0.0331,2.5296,2.5189,552356.0,330379.0
2025-08-29,ULSD,Linden,3.0311,0.0086,3.0533,3.0612,504877.0,615239.0
2025-08-29,RBOB,Albany,2.4629,0.0331,2.5413,2.5364,461164.0,824717.0
2025-08-29,ULSD,Albany,3.0311,0.0086,3.0829,3.0851,734615.0,524157.0
2025-08-29,ULSHO,Linden,2.1264,0.0156,2.1656,2.1524,728999.0,438410.0
2025-08-29,ULSD,Providence,3.0311,0.0086,3.0771,3.071,459048.0,469756.0
2025-08-30,RBOB,Providence,2.4493,0.0311,2.5093,2.5217,568892.0,281872.0
2025-08-30,ULSD,Albany,3.0135,0.0078,3.0719,3.0595,710671.0,521947.0
2025-08-30,ULSHO,Albany,2.1227,0.0135,2.1842,2.1837,344494.0,238866.0
2025-08-30,ULSHO,Providence,2.1227,0.0135,2.1684,2.1654,270068.0,381125.0
2025-08-30,ULSHO,Linden,2.1227,0.0135,2.1577,2.1583,693451.0,414212.0
2025-08-30,ULSD,Providence,3.0135,0.0078,3.052,3.059,473956.0,479333.0
2025-08-30,RBOB,Linden,2.4493,0.0311,2.5057,2.5091,806745.0,467621.0
2025-08-30,RBOB,Albany,2.4493,0.0311,2.5315,2.528,434517.0,820498.0
2025-08-30,ULSD,Linden,3.0135,0.0078,3.0447,3.048,499912.0,603206.0
2025-08-31,RBOB,Albany,2.351,0.0307,2.4308,2.4186,461544.0,826689.0
2025-08-31,ULSHO,Albany,2.1314,0.0171,2.1991,2.1988,344378.0,282861.0
2025-08-31,RBOB,Linden,2.351,0.0307,2.4014,2.4052,786009.0,459498.0
2025-08-31,ULSD,Linden,3.0523,0.0113,3.0811,3.085,446132.0,560520.0
2025-08-31,ULSD,Albany,3.0523,0.0113,3.1065,3.0967,726657.0,516725.0
2025-08-31,RBOB,Providence,2.351,0.0307,2.4121,2.4191,578217.0,302561.0
2025-08-31,ULSHO,Linden,2.1314,0.0171,2.1686,2.1649,711147.0,459232.0
2025-08-31,ULSHO,Providence,2.1314,0.0171,2.181,2.1795,299608.0,371959.0
2025-08-31,ULSD,Providence,3.0523,0.0113,3.0915,3.0941,461729.0,505650.0
2025-09-01,ULSHO,Providence,2.1169,0.0188,2.1702,2.1722,306989.0,431903.0
2025-09-01,ULSD,Linden,3.0876,0.0113,3.1195,3.1185,430893.0,580178.0
2025-09-01,ULSD,Albany,3.0876,0.0113,3.1366,3.1331,721249.0,495517.0
2025-09-01,ULSHO,Linden,2.1169,0.0188,2.1565,2.1474,712548.0,435815.0
2025-09-01,RBOB,Providence,2.4046,0.0319,2.4664,2.4708,567235.0,253603.0
2025-09-01,ULSD,Providence,3.0876,0.0113,3.1324,3.136,472477.0,497717.0
2025-09-01,RBOB,Albany,2.4046,0.0319,2.4788,2.4792,468521.0,796281.0
2025-09-01,ULSHO,Albany,2.1169,0.0188,2.171,2.1801,322404.0,309825.0
2025-09-01,RBOB,Linden,2.4046,0.0319,2.4607,2.4604,769876.0,401505.0
2025-09-02,ULSD,Providence,3.0861,0.007,3.1139,3.1247,462749.0,490868.0
2025-09-02,ULSHO,Albany,2.1187,0.0133,2.1801,2.1781,309902.0,298028.0
2025-09-02,RBOB,Linden,2.4172,0.0256,2.4602,2.4582,759386.0,448232.0
2025-09-02,ULSHO,Providence,2.1187,0.0133,2.1709,2.1596,278697.0,470880.0
2025-09-02,ULSD,Albany,3.0861,0.007,3.1333,3.1402,734829.0,481576.0
2025-09-02,RBOB,Albany,2.4172,0.0256,2.4886,2.4861,489060.0,812246.0
2025-09-02,ULSD,Linden,3.0861,0.007,3.1035,3.1025,489822.0,630863.0
2025-09-02,RBOB,Providence,2.4172,0.0256,2.4777,2.4759,575426.0,334132.0
2025-09-02,ULSHO,Linden,2.1187,0.0133,2.1501,2.1503,677682.0,483566.0
2025-09-03,ULSD,Providence,3.0595,0.0133,3.1034,3.1035,445082.0,525278.0
2025-09-03,ULSD,Albany,3.0595,0.0133,3.1153,3.1174,734662.0,483944.0
2025-09-03,RBOB,Linden,2.4676,0.0174,2.4994,2.5015,761139.0,469579.0
